t,gyro_x,gyro_y,gyro_z,acc_x,acc_y,acc_z
7849,-0.002443,-0.009774,0,-0.248854,1.947758,9.757931
10673,0,-0.012217,-0.002443,-0.258425,1.971686,9.753145
13654,0,-0.012217,-0.002443,-0.248854,1.971686,9.74836
16656,0.002443,-0.014661,-0.002443,-0.239282,1.976472,9.762717
20724,-0.004887,-0.012217,0,-0.244068,1.962115,9.734003
23502,-0.002443,-0.012217,0.002443,-0.239282,1.971686,9.738788
26504,0,-0.012217,0,-0.244068,1.986043,9.743573
29507,0.002443,-0.012217,-0.004887,-0.239282,1.952543,9.734003
32508,0.002443,-0.012217,-0.002443,-0.234497,1.971686,9.74836
35509,0,-0.012217,0,-0.244068,1.986043,9.738788
38512,0,-0.012217,-0.002443,-0.239282,1.957329,9.734003
41514,0.002443,-0.012217,0,-0.26321,1.9669,9.74836
44526,0,-0.012217,-0.004887,-0.267996,1.9669,9.753145
47519,-0.002443,-0.012217,-0.002443,-0.253639,1.952543,9.719646
50519,0,-0.012217,-0.002443,-0.248854,1.971686,9.753145
53521,0,-0.012217,0,-0.234497,2.029114,9.820145
56523,0.002443,-0.012217,-0.002443,-0.26321,2.225325,10.212566
59524,0.009774,-0.026878,-0.002443,0.157926,2.622534,10.427922
62525,0.026878,-0.0562,-0.012217,0.641276,3.120241,10.863415
65527,0.039095,-0.085521,-0.034208,1.134198,3.608377,11.638689
68527,0.068417,-0.12706,-0.092852,1.536192,4.713861,12.15554
71895,0.11973,-0.092852,-0.124617,1.40698,4.656433,12.624533
74673,0.051313,-0.024435,-0.144164,-0.569492,-1.167697,2.962314
77675,-0.610865,-0.288328,-0.036652,-0.574277,-1.249053,5.63749
80677,-0.144164,-0.100182,-0.014661,-1.234697,-1.770689,4.216154
83678,-0.07086,-0.158825,-0.024435,0.799203,-0.004786,7.168897
86680,-0.095295,0.234572,-0.07086,-1.818545,0.794417,10.174282
89687,-0.11973,0.156382,-0.080634,0.59342,1.043271,10.461421
92685,0.212581,-0.031765,-0.068417,4.067799,23.866014,94.104927
95695,1.436755,-2.059838,-0.45204,4.421937,41.395832,92.300735
98697,2.800206,2.585182,-0.50091,-21.903898,55.599625,32.958736
101694,2.213776,3.662748,-0.332311,-3.52702,27.900312,-36.380478
104696,2.240654,-2.604729,-0.329867,-2.282753,15.213567,-23.105095
107697,1.576032,-2.291966,-0.320093,8.068598,22.683958,-12.734602
110762,1.436755,-1.864361,-0.329867,7.781459,40.247276,30.963127
113703,3.066543,2.756224,-0.017104,-6.230911,44.807995,25.177279
116733,3.174056,2.61206,0.346971,-10.973484,49.081581,-3.081956
123193,2.419026,-1.251052,0.386067,-3.115455,26.37369,-26.033911
125972,1.265713,-0.210138,-0.273668,11.155339,30.063423,-20.889343
129180,1.092227,-0.625526,0.596204,5.929415,42.654457,13.371094
131977,0.930959,0.202807,-0.178373,-1.942972,38.69194,11.547763
134978,1.529607,1.043358,-0.559553,-4.010371,34.992641,7.9346
137980,1.238835,2.008525,-0.591318,-8.054241,24.641287,-22.564316
140981,0.613309,0.263894,0.078191,-4.589434,21.075983,-21.324837
144063,-0.105069,-0.327424,0.307876,-1.741975,18.975084,-8.140383
146987,-0.07086,-0.043982,0.237016,5.369494,43.482376,25.196424
149989,1.236391,0.982271,-0.041539,-1.177269,43.530231,13.356736
152991,1.08001,0.222355,-0.239459,-6.876972,23.535805,-14.103297
155992,0.566883,-0.576657,0.368963,-1.919044,37.462032,-25.253849
158993,-0.386067,-0.471588,0.32498,3.981657,41.649467,-4.867002
161995,-0.840551,-0.76969,0.32498,2.837888,45.621555,-3.07717
164995,-0.561996,-1.018923,-0.068417,2.230111,28.393232,2.426322
167997,-0.447153,-0.065973,-0.356745,2.191825,29.077581,7.082755
170997,-0.102625,0.205251,-0.161268,-3.694518,33.489944,1.004986
174000,0.158825,0.894307,0.605978,-5.867201,29.986853,-14.648861
177001,-0.715934,0.229685,0.136834,-2.493321,32.456245,-10.169497
180004,-1.167974,-0.122173,0.068417,-0.248854,31.905899,-2.048256
183005,-1.485624,0.25412,0.017104,0.751346,32.365318,19.649858
186006,-0.410501,0.122173,0.078191,1.392623,33.968513,22.99024
189007,-0.161268,0.168599,-0.017104,-3.871587,33.18845,15.175282
192009,-0.11973,0.200364,0.012217,-0.40678,35.614773,3.129812
195011,-0.649961,-0.561996,0.11973,1.272982,35.093136,5.259424
198085,-0.882089,-0.618196,0,1.928615,27.785458,4.694718
201015,-0.689056,-0.38118,-0.12706,1.832902,24.598217,13.744373
204017,-0.359189,0.217468,0.041539,2.158326,31.274193,24.909283
207020,0.095295,0.454484,0.0562,-2.498107,36.902111,25.579275
210022,0.513127,0.583987,-0.041539,-1.694118,26.182268,2.732604
213026,-0.295659,0.004887,0.083078,-2.976671,22.047468,-2.416751
216029,-0.361632,-0.073304,0.117286,1.148555,23.612373,3.699304
219029,-0.163712,0.031765,0.002443,0.646062,32.863026,21.870398
222031,0.442266,0.097738,-0.039095,-0.339781,30.527634,19.975283
225032,0.552222,-0.11973,-0.026878,-3.182454,29.824142,12.294322
228035,0.593761,-0.327424,0.078191,0.713061,31.45126,-1.770689
231036,0.217468,-0.239459,0.100182,2.273182,32.853458,-0.674776
234039,-0.019548,-0.263894,0.031765,2.378466,32.011181,3.732804
237042,-0.039095,-0.163712,-0.168599,1.249053,29.111082,11.662617
240044,0.43738,0.332311,-0.112399,-0.727418,26.277977,9.303294
243046,0.547335,0.31032,-0.002443,-1.74676,28.369305,7.41775
246047,0.569326,0.202807,-0.041539,-0.143569,35.715275,6.9009
249048,0.422719,0.024435,-0.019548,1.320838,32.52803,4.517649
252051,0.259007,-0.153938,-0.102625,-1.29691,23.732014,-3.641876
255051,0.031765,0.078191,-0.07086,-0.497707,30.149567,8.135597
258052,0.43738,-0.004887,-0.092852,-0.660419,35.509487,15.668203
261066,0.569326,0.014661,-0.102625,-0.488136,34.767715,10.619348
264057,0.549779,-0.185703,-0.146608,-2.799603,26.522047,-8.556733
267059,0.039095,-0.078191,-0.036652,1.751546,31.092339,-4.278367
270061,-0.100182,-0.366519,0.041539,3.962514,35.873199,5.388636
273061,-0.026878,-0.293215,-0.224798,0.708275,26.703901,3.316452
276072,0.112399,0.124617,-0.244346,0.124427,26.383263,4.651647
279073,0.180816,0.44471,-0.114843,-0.746561,33.676586,10.480562
282074,0.378736,0.249233,-0.200364,-1.74676,30.608988,2.196611
285075,0.004887,0.290772,-0.256563,-2.129612,24.392433,-6.039485
288078,0,-0.039095,-0.13439,1.631905,30.819555,-1.722832
291081,-0.031765,-0.014661,-0.193033,-2.431108,34.37529,6.30748
294084,0.06353,0.434936,-0.256563,-3.512664,26.670403,-0.019143
297087,-0.017104,0.283441,-0.100182,-4.900501,23.411379,-3.235096
300090,-0.114843,-0.178373,-0.034208,-0.253639,37.734814,11.519048
303091,-0.13439,0.168599,-0.117286,-0.224925,39.984066,12.241681
306092,0.021991,0.430049,-0.102625,-2.0004,34.609791,9.71486
309094,-0.004887,-0.408058,-0.080634,-0.70349,22.061825,-1.014557
312094,-0.102625,-0.503353,-0.117286,1.301696,28.44109,4.541577
315094,-0.114843,0.229685,-0.11973,-0.847059,33.107094,10.729417
318100,0.12706,0.026878,-0.043982,-4.488935,32.255249,9.633504
321100,0.019548,-0.178373,-0.087965,-4.086941,28.039097,0.574277
324111,-0.146608,-0.456927,-0.065973,-3.59402,27.761528,-10.030713
327114,-0.18326,0.207694,0.095295,-2.426322,18.865013,-6.991828
330115,-0.288328,0.207694,0.224798,1.024128,33.494732,13.581661
333120,-0.334754,0.068417,0.122173,0.588634,38.816368,24.315865
336121,-0.188146,0.065973,-0.046426,-1.387837,28.72823,10.887343
339124,0.290772,-0.043982,0.041539,-5.106283,26.277977,-0.502493
342126,-0.029322,-0.786794,0.153938,3.110669,24.229723,-2.18704
345127,-0.38851,-0.496023,-0.029322,0.741775,35.361134,10.667203
348127,0.112399,0.845438,0.173486,0.291924,32.542389,2.914458
351129,-0.095295,0.302989,0.266337,-0.086142,21.47319,7.140182
354131,-0.430049,-0.984715,-0.259007,1.004986,36.222549,20.884556
357128,0.237016,0.88942,-0.014661,-4.603791,38.347374,15.323637
360131,0.632856,1.610241,0.38118,-2.947958,29.958141,4.800003
363131,0.227242,-0.759916,-0.080634,1.0002,29.245079,3.316452
366130,0.036652,-0.239459,-0.129503,1.828116,32.360535,7.666604
369136,0.298102,0.972497,0.210138,0.363709,32.566315,7.302895
372139,0.312763,-0.757473,-0.024435,-0.325424,23.129023,1.59362
375140,-0.090408,-0.38118,-0.224798,-3.431308,25.521847,4.096512
378140,0.195477,0.569326,0.102625,-0.684347,33.064022,21.736403
381140,0.527788,-1.180192,0.185703,-0.37328,40.941196,12.734602
384141,0.322537,-0.097738,-0.283441,-3.359523,29.537004,4.828716
387141,0.320093,0.505796,-0.131947,-1.22034,20.59263,-5.139783
390142,0.488692,-0.386067,0.19059,-3.460021,22.502104,-3.996014
393142,-0.207694,0.403171,-0.0562,-5.04407,24.033512,-1.354338
396187,0.034208,0.026878,-0.058643,1.320838,19.688145,1.378266
399148,0.00733,-0.57177,0.068417,-4.479364,22.090538,0.26321
402154,-0.307876,0.554666,-0.114843,-3.455236,24.516859,2.713461
405157,-0.180816,0.173486,0.014661,0.770489,20.583061,-1.18684
408157,-0.417832,-0.613309,-0.061087,-4.283153,14.390435,-7.274181
411157,-0.649961,0.25412,-0.146608,-2.550749,12.748959,-8.30788
414157,-0.728151,-0.322537,-0.053756,3.053242,11.787044,-2.009971
417161,-1.006706,-0.456927,-0.021991,-3.364309,11.365908,-1.871187
421251,-1.138653,-0.117286,0,3.15374,12.078969,3.622734
424029,-1.187522,-0.532674,0.019548,-1.942972,13.854444,7.432107
428830,-1.165531,0.496023,0.036652,-1.488336,11.576476,2.67039
431617,-1.258382,0.068417,-0.029322,-2.321038,11.380264,4.63729
434618,-1.268156,0.393397,-0.065973,-1.387837,2.584248,-2.675175
437619,-1.385442,0.095295,-0.173486,-0.086142,3.957729,6.642476
440622,-1.436755,0.576657,-0.158825,-0.124427,1.07677,11.557334
443624,-1.246165,0.674395,-0.095295,0.937986,15.457634,36.844685
446625,-0.88942,0.043982,0.112399,-1.737189,44.118862,99.675423
449627,-0.302989,0.784351,0.171042,-8.413164,20.721844,-27.833313
452630,0.151495,-1.2706,0.0562,1.555335,-26.048267,-96.938034
455634,-10.137918,-7.540521,-1.20707,13.01217,10.179068,55.192848
458634,-4.972443,1.749518,0.0562,-27.857241,-53.417374,-19.975283
461637,-5.368284,-2.634051,0.300546,40.864628,-70.013992,31.446474
464639,-2.88084,-1.458746,0.605978,-23.406591,-55.025349,-38.10331
467642,-6.550919,-3.848451,0.652404,-32.40839,-59.365929,139.539841
470642,-6.609562,-0.750143,1.576032,-58.150375,2.201397,131.844528
473644,-5.209458,-1.292591,1.727527,6.388836,8.312666,-18.620945
476645,-4.026824,-0.386067,-0.00733,-1.162912,4.766503,49.808994
479647,-5.734803,0.114843,-0.689056,29.804998,2.713461,-53.446087
482648,-4.222301,-4.403117,0.632856,-3.464807,11.447264,-3.962514
485645,-6.805038,-0.813672,1.749518,-19.927427,-5.986843,-4.570292
488645,-6.563136,-1.947438,2.091603,5.18764,2.388037,2.249253
491654,-5.976706,-2.748893,1.478294,22.535603,5.288138,16.022341
494652,-5.622404,-2.089159,0.737925,31.987253,-12.193825,3.85723
497655,-4.940678,-1.488068,-0.200364,12.892529,-5.685347,-12.581462
500656,-4.439769,2.04029,-0.828333,5.283352,2.378466,-18.491734
503656,-5.426927,3.010344,-0.681726,-5.757132,5.297709,-6.862615
506657,-6.162409,2.057394,-0.530231,-10.782059,-1.153341,14.878572
509660,-5.800776,3.306003,0.603535,-6.364908,1.330409,8.528021
512661,-5.265658,1.52472,0.89675,-3.172883,-3.278167,6.01077
515665,-3.674965,1.03114,1.119105,-4.733004,-9.049655,-4.9675
518670,-2.885727,0.811229,0.422719,-36.289551,4.235296,-25.043283
521673,-3.599218,1.65178,-0.334754,-20.755344,4.369295,-10.753345
524673,-4.442212,-2.079385,0.478918,-16.01277,-3.833302,-10.671989
527673,-3.804469,0.970054,1.356121,7.757531,-3.579663,6.221339
530673,-3.6432,-1.585806,1.14354,8.46102,-9.217153,-13.021741
533675,-3.359759,-3.38175,0.522901,17.060823,-11.251052,-11.959327
536677,-1.954769,-2.008525,-0.921185,-1.052842,4.268795,-9.351151
539678,-2.22355,-0.046426,-0.962724,-9.351151,0.535992,-16.625332
542679,-2.822197,-1.187522,-0.430049,-4.790431,1.694118,-17.874384
545681,-2.783102,-1.488068,0.862542,-4.134798,-3.287739,-17.185251
548682,-2.660929,0.161268,0.757473,5.417351,1.306481,-4.905287
551685,-2.397035,1.08001,0.618196,6.656833,-1.741975,-10.246066
554688,-1.58825,2.135585,0.276111,0.229711,1.536192,-12.437893
557690,-2.008525,2.472782,0.305433,-6.441479,-0.803988,-22.755743
560690,-2.345722,2.247984,0.586431,-8.800802,-6.436693,-19.247866
563692,-1.71531,0.842994,1.192409,-7.097112,-1.89033,-14.505291
566692,-1.558928,0.45204,1.128879,-0.047856,-3.359523,-11.921043
569693,-1.576032,-0.581544,0.89675,7.255038,-3.713661,-4.852644
572695,-1.324356,-1.798387,0.048869,4.015156,-5.034499,-13.983656
575697,-1.038471,-1.492955,-0.210138,-0.339781,-0.9667,-18.716658
578699,-1.02381,-1.123992,-0.193033,-8.212168,0.311067,-20.511278
581699,-1.390329,-0.649961,0.188146,-5.905486,-0.488136,-14.337793
584701,-1.382999,-0.681726,0.464258,-3.37388,-3.278167,-10.207782
587703,-1.028697,-0.053756,0.598648,4.871787,-2.636891,-6.719046
590706,-0.588874,0.417832,0.632856,3.364309,-0.320638,-10.858629
593706,-0.632856,0.386067,0.561996,1.708475,-1.158126,-13.753944
596707,-0.83322,0.469144,0.549779,-1.526621,-2.177469,-16.271194
599719,-0.906524,0.510683,0.89675,-1.0002,-2.861816,-11.447264
602709,-0.811229,0.654848,0.906524,-0.727418,-3.019742,-8.920444
605711,-0.737925,0.605978,0.774577,1.713261,-5.158926,-3.388237
608713,-0.447153,0.337198,0.351858,1.540978,-3.053242,-2.900101
611713,-0.207694,0.244346,0.24679,-0.579063,-3.775874,-7.226324
614715,-0.141721,0.412945,0.271224,-5.699704,-0.947558,-11.8014
617716,-0.535118,0.178373,0.605978,-4.766503,-1.091127,-9.174082
620718,-0.574213,0.109956,0.764803,-4.785645,-1.679762,-7.513463
623719,-0.44471,-0.043982,0.818559,1.56012,-1.339981,-1.89033
626719,-0.31765,-0.608422,0.637743,2.18704,-1.741975,-2.445465
629720,-0.263894,-0.57177,0.483805,2.694318,-2.723032,-3.067599
632722,-0.222355,-0.43738,0.364076,0.387637,1.014557,-9.667004
635724,-0.383623,-0.561996,0.339641,-1.196411,-1.354338,-6.78126
638725,-0.552222,-0.342085,0.351858,-1.933401,-0.976272,-2.349752
641726,-0.630413,-0.117286,0.395841,3.694518,0.602991,10.648062
644727,-0.266337,0.307876,0.449597,2.584248,-4.972286,-1.043271
647730,-0.0562,0.398284,0.483805,2.971886,-2.59382,6.728617
650731,-0.114843,0.708604,0.493579,-1.947758,-1.435694,1.009771
653734,-0.520457,1.116662,0.613309,-4.421937,-2.478964,-11.365908
656734,-0.561996,1.097114,0.777021,-2.632105,-0.823131,0.066999
659735,-0.574213,0.713491,0.884533,-1.244268,-1.885544,4.37408
662737,-0.371406,0.019548,0.845438,-0.660419,-2.033899,2.632105
665739,-0.26145,-0.334754,0.737925,0.028714,-1.59362,4.929215
668740,-0.295659,-0.38118,0.5791,-1.052842,-1.172483,-1.411765
671743,-0.498466,-0.723264,0.315206,-0.880559,-1.26341,-2.488536
674745,-0.696386,-0.957837,0.215025,-0.440279,-1.895116,-3.038885
677748,-0.808786,-1.104444,0.112399,0.430708,-3.110669,-0.100499
680748,-0.598648,-1.058019,0.102625,1.143769,-2.962314,4.618148
683749,-0.481362,-0.95295,0.219911,1.086341,-3.019742,3.507878
686751,-0.425162,-0.838107,0.359189,-1.028914,-2.062613,-1.062413
689752,-0.62797,-0.564439,0.532674,-1.024128,-1.794617,-2.933601
692754,-0.794125,-0.474031,0.540005,0.468993,-1.158126,-3.07717
695755,-0.918741,-0.430049,0.530231,0.9667,-1.808974,0.856631
698757,-0.930959,-0.080634,0.510683,1.828116,-2.335395,2.340181
701758,-0.88942,-0.168599,0.510683,0.827917,-2.555535,2.364109
704758,-0.862542,-0.149051,0.456927,-0.866202,-1.794617,-0.124427
707761,-0.948063,-0.393397,0.403171,-0.78006,-1.339981,-2.072184
710763,-1.028697,-0.640187,0.403171,-0.253639,-1.636691,-1.105484
713765,-1.102001,-0.808786,0.383623,-0.153141,-2.143969,0.976272
716768,-1.180192,-0.911411,0.322537,0.162712,-3.15374,1.320838
719768,-1.138653,-1.001819,0.266337,-0.583849,-2.833102,1.249053
722771,-1.097114,-0.974941,0.200364,-1.07677,-2.191825,-1.225125
725772,-1.2144,-0.899194,0.210138,-0.497707,-1.775474,-2.201397
729228,-1.268156,-0.967611,0.273668,0.378066,-1.775474,-2.612962
732006,-1.324356,-0.938289,0.332311,1.234697,-1.919044,-0.722632
736411,-1.429425,-0.862542,0.31032,1.789831,-2.043471,0.765703
739190,-1.295034,-0.789238,0.239459,0.488136,-2.053042,-0.138784
742192,-1.307252,-0.811229,0.224798,-0.210568,-1.761117,-2.464607
745194,-1.387886,-0.76236,0.207694,-0.51685,-1.89033,-4.847858
748196,-1.576032,-0.83322,0.205251,0.196211,-1.971686,-3.546163
751199,-1.646893,-0.69883,0.173486,0.59342,-2.646462,-1.770689
754201,-1.620015,-0.625526,0.151495,0.066999,-3.125026,0.019143
757204,-1.500285,-0.557109,0.18326,-0.736989,-2.598605,-1.244268
760206,-1.514946,-0.459371,0.185703,-1.095913,-2.258824,-2.478964
763208,-1.568702,-0.45204,0.210138,-0.382852,-1.569692,-5.07757
766211,-1.720196,-0.645074,0.237016,0.07657,-2.07697,-4.843073
769214,-1.788613,-0.657291,0.195477,0.808774,-2.167897,-3.364309
772216,-1.78617,-0.728151,0.146608,0.492921,-2.522035,-0.818345
775218,-1.66644,-0.784351,0.061087,-0.143569,-2.732604,-0.957129
778220,-1.622458,-0.835664,0.061087,-0.411566,-2.455036,-3.0006
781223,2.291966,2.453235,0.403171,-65.639915,-156.796875,-14.821143
784225,-4.280943,-6.196617,7.156897,-88.850288,-103.52787,23.46402
787228,-3.472158,-9.876469,6.748839,-99.885994,-156.796875,-141.659897
790230,1.46852,-15.469551,4.9138,-102.068253,-38.232521,68.76973
793232,-4.381125,4.940678,-5.707925,-75.416985,156.796875,-119.727272
796235,5.348736,-15.447559,2.406809,41.644688,73.746796,156.796875
799298,-4.324926,-3.149621,1.927891,-74.493355,31.264622,31.910683
802240,-5.084842,-2.089159,1.402547,2.85703,-2.230111,112.170746
1009996,0.161268,-1.986534,0.908967,-12.485749,-10.394422,-3.512664
1012953,3.633426,10.240545,6.805038,-21.209978,-4.522435,-12.466605
1015955,2.35794,-3.83379,5.031086,-42.309891,21.65983,-17.453249
1018958,1.932778,-1.876578,3.76293,-40.558342,-5.742775,76.508118
1021960,0.921185,-1.485624,1.707979,29.599216,-0.818345,-1.383052
1024963,1.309695,-4.891809,1.175305,37.749168,-8.07817,23.129023
1027963,1.536937,-3.003013,0.400728,5.924629,-5.9342,28.766514
1030965,2.433687,-0.625526,-0.752586,-1.899901,-0.191426,21.296124
1033966,3.24736,-0.259007,0.193033,-11.212768,-2.847459,18.788443
1036967,3.789808,-0.662178,1.534493,-7.518249,-6.652047,-18.850658
1039969,3.518584,-3.660305,2.41414,-16.242479,-0.248854,-31.331619
1043719,1.585806,-6.269921,2.062281,-8.389236,-1.387837,-33.815372
1046498,1.571145,-6.24793,1.580919,-14.816359,-11.207981,23.559732
1049498,3.447723,-2.399478,1.522276,-6.331409,-14.38565,6.704689
1052500,4.01705,-2.895501,2.035403,-16.323835,2.847459,14.562718
1055500,3.885103,-1.363451,2.475226,-38.237309,2.991028,19.118654
1058503,2.272419,0.50091,4.232074,-28.527233,-14.280365,-21.573689
1061504,2.80998,-1.944995,4.630358,-6.455835,6.594619,12.375679
1064506,2.079385,-3.892433,4.542394,31.494331,-13.016955,-6.436693
1067507,1.58825,-6.885673,1.668884,31.824541,-13.921442,-0.540778
1070509,2.032959,-6.096435,0.002443,27.081966,-15.821343,1.962115
1073510,3.789808,-3.244916,-0.0562,-6.575477,-2.038685,17.745174
1076512,4.645019,-2.86618,0.916298,1.043271,-0.961915,3.134598
1079513,4.034154,-6.421415,0.916298,-8.413164,-9.131012,37.572102
1082516,2.511878,-5.588195,0.96028,16.074982,-21.018555,-0.334995
1085516,2.22355,-2.348166,0.38118,27.110682,-6.149554,10.671989
1088519,2.037846,-1.60291,-0.354302,19.161724,-10.844273,5.718847
1091522,2.731789,-0.654848,-0.840551,-14.567505,-8.628518,9.829715
1094524,3.701843,1.544267,-0.122173,-4.685147,-6.876972,21.712473
1097524,4.322483,2.702468,0.251676,-67.343605,14.232509,123.29258
1100525,3.938859,3.824016,0.906524,-38.376091,4.149154,123.14901
1103527,5.678603,-1.964543,0.200364,-9.877572,-2.847459,67.415382
1106528,5.363397,0.178373,1.08001,16.371693,-3.18724,28.666016
1109529,5.725029,-1.703092,1.678658,8.413164,-13.926228,-10.169497
1112531,4.266283,2.827084,-0.105069,12.811172,-11.653047,-37.15575
1115533,4.495968,3.095865,-0.493579,9.887143,-3.512664,-7.905886
1118534,4.581489,2.4288,-0.234572,-4.785645,1.29691,12.916457
1121535,4.965113,-1.908343,0.280998,-15.266208,-12.318252,13.974084
1124542,5.312084,-5.187468,0.44471,-12.480963,-14.08894,19.874784
1127550,5.312084,-5.30964,0.320093,6.063413,-3.014956,-4.847858
1130541,4.544837,-5.382944,-0.376293,11.107484,-3.239882,-11.921043
1133542,4.728096,-1.417207,-1.082453,17.496321,-5.034499,10.954342
1136544,4.747644,0.911411,-0.992045,14.677574,7.140182,11.274981
1139546,4.481307,-0.417832,-0.601091,5.733203,14.093725,-5.991628
1142556,4.408003,0.664621,-0.874759,-11.145767,24.784857,-132.543228
1145556,-0.532674,1.233948,-0.921185,0.569492,2.239682,-137.549011
1148556,-3.792251,-2.162463,-0.816116,5.350351,15.471992,18.477377
1151558,-3.665191,0.425162,-0.525344,-16.208981,23.870798,42.592247
1154559,-1.705536,3.161838,-0.036652,-0.870987,10.715059,60.241703
1157562,1.058019,-1.60291,1.358564,-4.699504,-2.330609,2.493321
1160563,0.598648,-1.661554,1.27793,7.226324,2.431108,-8.590234
1163565,-0.283441,1.59558,1.216843,11.437694,3.383451,-8.815158
1166568,-1.942551,1.896126,-0.491136,13.734803,-1.823331,-17.166109
1169568,-2.333505,-0.320093,-0.95295,5.584848,-0.200997,-6.728617
1172569,-2.778215,-1.563815,-1.011593,-6.412765,1.225125,20.865412
1175572,-1.554041,1.800831,-0.518014,-11.413764,-5.249853,8.79123
1178575,-0.632856,1.392773,-0.087965,-3.249453,-2.024328,21.439692
1181576,-0.364076,0.354302,0.337198,-29.202007,19.089939,46.554756
1184576,-0.224798,-3.499036,-0.048869,-16.878971,5.493921,54.561142
1187578,-0.122173,-1.182635,-0.097738,-15.653846,5.379066,48.665226
1190582,0.205251,-0.757473,0.390954,11.519048,-1.952543,11.720046
1193584,0.483805,-2.709798,0.637743,13.462021,-1.048056,32.992237
1196587,0.239459,0.498466,-0.302989,2.665605,-4.867002,11.925829
1199589,1.084897,-0.417832,-0.901637,-1.507478,1.818545,3.196811
1202591,-0.349415,-1.299921,-0.96028,-1.636691,-2.057827,-12.141183
1205594,-0.361632,-1.177748,-0.808786,-2.445465,-1.512264,0.277567
1208594,-0.188146,-0.943176,-0.542448,0.023928,0.172283,28.130024
1211597,0.574213,-0.095295,0.278555,-0.9667,-5.029713,24.210581
1214599,0.894307,0.469144,0.31765,-3.818945,-5.733203,23.229521
1217600,0.874759,0.730595,0.342085,0.210568,-1.938186,5.096713
1220601,1.216843,0.972497,0.300546,4.780859,1.9669,19.40579
1223603,1.036027,0.830777,0.222355,5.029713,-1.138984,-3.014956
1226607,1.160644,1.08734,0.200364,5.469993,1.143769,3.507878
1229608,0.779464,1.22173,0.058643,3.9673,4.307081,14.313866
1232610,0.713491,1.304808,-0.0562,1.81376,2.842673,15.596418
1235612,0.715934,1.373225,-0.149051,-4.37408,-2.914458,20.683559
1238614,0.806342,1.71531,-0.122173,-9.671789,-3.507878,11.868401
1241617,0.718378,1.622458,-0.024435,-8.394022,4.058227,6.407979
1244619,0.679282,0.522901,0.046426,-6.216553,4.59422,-12.05504
1247621,-0.527788,-0.06353,0.307876,-0.856631,3.105884,-20.401205
1250623,-0.906524,-0.266337,0.320093,3.211168,2.368894,0.105284
1253624,-0.940732,-0.478918,0.290772,-0.665205,2.225325,15.347565
1256624,-0.293215,-0.00733,0.178373,3.962514,-1.521835,12.241681
1259626,0.205251,0.227242,0.024435,-3.091527,2.244468,12.02154
1262627,0.38118,0.777021,-0.002443,-8.863014,-0.339781,8.585447
1265630,-0.180816,-1.094671,-0.004887,-6.89133,0.803988,15.553347
1268631,-0.251676,-0.44471,0.090408,-6.972685,-0.9667,10.38485
1271635,-0.175929,-0.987158,0.215025,5.302495,-3.622734,13.141382
1274636,0.06353,-1.026254,0.26145,8.882158,-2.569892,15.921843
1277638,0.351858,-1.490511,0.087965,8.709875,-1.086341,16.56312
1280639,0.478918,-1.370782,-0.087965,-3.589234,-0.918844,7.369894
1283641,0.50824,-0.415388,-0.249233,-1.119841,1.004986,15.586846
1286643,0.351858,-0.703717,-0.327424,-1.129412,-0.11007,1.048056
1289643,0.244346,-0.613309,-0.386067,1.636691,1.100698,-1.172483
1292644,-0.249233,0.039095,-0.395841,0.40678,3.321238,9.801002
1295647,-0.349415,0.307876,-0.37385,0.942772,-0.229711,4.388436
1298645,-0.366519,0.674395,-0.351858,-0.59342,0.224925,3.493521
1301646,-0.337198,1.390329,-0.26145,-0.569492,1.239482,12.126825
1304646,-0.300546,1.009149,-0.153938,1.162912,0.588634,9.250652
1307652,-0.061087,0.390954,0.109956,-1.679762,-1.024128,11.930614
1310652,0.158825,1.106888,0.432493,-2.053042,1.464407,12.849458
1313655,0.058643,0.359189,0.415388,2.22054,0.086142,13.701303
1316656,0.100182,-0.359189,0.307876,1.22034,0.148355,13.141382
1319656,0.271224,0.171042,0.112399,-0.148355,-0.818345,13.42852
1322657,0.229685,0.266337,0.031765,-3.215954,-2.924029,8.977871
1325659,0.188146,0.364076,0.014661,-4.694718,1.48355,7.470392
1328660,0.002443,0.053756,0.009774,-3.129812,2.737389,6.04427
1331663,-0.139277,-0.202807,0.041539,-0.181855,1.627119,2.794817
1334663,-0.195477,-0.205251,0.073304,0.40678,0.870987,7.01097
1337664,-0.200364,-0.06353,0.029322,-0.411566,0.196211,7.920243
1340665,-0.13439,-0.036652,0.002443,-0.124427,0.770489,10.322637
1343670,-0.105069,0.031765,-0.031765,-1.028914,0.818345,13.509877
1346673,0.026878,0.19059,-0.034208,-0.870987,-0.344566,14.715859
1350858,0.017104,-0.097738,-0.019548,-1.464407,0.014357,11.633904
1353643,-0.021991,-0.178373,0.090408,0.650848,-1.052842,11.19841
1356644,0.065973,-0.068417,0.105069,0.478565,-0.569492,10.049855
1359646,0.153938,0,-0.009774,-0.129212,-0.258425,11.260624
1362648,0.195477,-0.061087,-0.043982,-1.253839,-0.291924,10.145568
1365644,0.244346,0.051313,-0.053756,-3.115455,1.019342,8.38445
1368647,0.109956,-0.13439,0.068417,-1.301696,1.947758,5.742775
1371645,-0.100182,-0.266337,0.122173,-0.196211,0.875773,5.680561
1374652,-0.112399,-0.283441,0.112399,0.583849,1.182054,9.303294
1377652,-0.141721,-0.368963,0.026878,-0.392423,-0.440279,9.609575
1380654,-0.097738,-0.268781,0.002443,-0.430708,0.267996,11.538191
1383656,-0.043982,-0.171042,0.00733,-0.488136,-0.157926,11.844473
1386655,-0.017104,0.078191,0.026878,-1.18684,0.066999,12.08854
1389657,0.039095,0.058643,0.024435,-0.411566,-0.071785,11.097911
1392658,0.039095,0.021991,0.012217,-0.368495,-0.382852,9.671789
1395660,0.036652,0.031765,-0.00733,0.832702,0.631705,10.427922
1398661,0.014661,0.0562,-0.017104,-0.622134,0.760918,9.533006
1401664,0.06353,0.156382,-0.046426,-0.722632,0.277567,10.418349
1404664,0.083078,0.268781,-0.073304,-1.895116,-0.579063,9.614362
1407665,0.075747,0.403171,-0.078191,-2.014757,0.301496,9.891929
1410670,-0.024435,0.285885,-0.053756,-0.847059,0.732204,8.216953
1413673,-0.068417,0.021991,0.009774,-0.660419,1.086341,8.279166
1416673,-0.058643,0,0.017104,-0.368495,0.937986,9.26501
1419673,-0.048869,-0.046426,-0.002443,-1.172483,1.191626,9.863214
1422673,-0.043982,-0.026878,0.002443,-0.153141,0.334995,10.370493
1425675,-0.009774,-0.021991,0.00733,-0.66999,-0.358923,11.150554
1428677,0.017104,-0.00733,-0.002443,-0.990629,0.315853,11.23191
1431678,0.019548,-0.017104,0.014661,-0.646062,-0.430708,10.279567
1434679,-0.026878,0.012217,0,-1.244268,0.177069,9.513863
1437682,-0.026878,0.0562,-0.012217,-0.602991,-0.598206,9.552149
1440683,0.596204,0.078191,-0.039095,-1.383052,0.368495,10.38485
1443683,0.026878,0.078191,-0.034208,-0.205783,0.708275,10.657632
1446685,0.046426,0.031765,-0.017104,-0.378066,0.052642,9.710074
1449687,0.07086,-0.021991,0.004887,-0.023928,0.550349,9.671789
1452689,0.026878,-0.080634,0.021991,-0.622134,0.239282,8.394022
1455691,-0.014661,-0.090408,0.017104,-1.603191,0.382852,8.269596
1458692,-0.06353,-0.021991,-0.004887,-1.057628,0.708275,8.863014
1461692,-0.085521,0.004887,-0.019548,-0.937986,0.502493,9.734003
1464693,-0.065973,0.043982,-0.024435,0.038285,-0.717847,11.930614
1467695,0.598648,0.078191,-0.029322,-0.478565,-0.531207,11.31805
1470696,0.031765,0.0562,-0.029322,-0.114855,-0.239282,11.442477
1473697,0.021991,0.00733,-0.017104,-0.488136,-0.11007,9.896715
1476699,-0.002443,-0.034208,-0.002443,-1.153341,0.689133,9.662218
1479699,0,-0.019548,-0.002443,-1.311267,1.105484,9.757931
1482702,0.014661,0.002443,-0.012217,-1.287339,0.583849,9.427721
1485703,0.019548,0.002443,-0.021991,0.133998,0.162712,10.01157
1488705,0.043982,0.031765,-0.024435,-0.689133,-0.33021,9.164511
1491705,0.034208,0.036652,-0.026878,-0.717847,0.26321,9.001799
1494706,-0.004887,-0.029322,0.004887,-1.359123,0.713061,8.824731
1497709,-0.07086,-0.053756,0.017104,-0.842274,0.942772,8.839087
1500709,-0.090408,-0.087965,0.029322,-0.191426,0.665205,9.930214
1503711,-0.073304,-0.014661,0,-0.378066,0.100499,10.896914
1506713,0.004887,0.026878,-0.019548,-0.114855,-0.421137,11.504691
1509715,0.036652,0.06353,-0.031765,-0.995414,-0.650848,11.255837
1512717,0.053756,0.024435,-0.014661,-0.564706,0.349352,10.916058
1515719,0.039095,-0.036652,0.012217,-1.134198,0.473779,9.920643
1518720,0.021991,-0.078191,0.031765,-0.875773,0.622134,8.867801
1521720,0.014661,-0.102625,0.036652,-0.631705,0.430708,9.035297
1524723,0.019548,-0.019548,0.017104,-1.071985,0.200997,9.040084
1527726,0.029322,0.017104,-0.00733,-0.674776,0.038285,9.695717
1530729,-0.002443,0.034208,-0.024435,-1.067199,0.071785,9.628718
1533730,-0.031765,0.004887,-0.012217,-0.473779,0.473779,9.85843
1536732,-0.043982,-0.043982,0.012217,-0.612563,0.502493,9.74836
1539732,-0.026878,-0.090408,0.031765,-0.210568,0.81356,10.135996
1542734,-0.00733,-0.087965,0.031765,-0.349352,0.258425,10.408778
1545735,0.026878,-0.058643,0.012217,-0.875773,-0.095713,10.279567
1548735,0.039095,0.00733,-0.009774,-0.961915,0.229711,10.734202
1551736,0.012217,0.014661,-0.004887,-1.134198,-0.689133,9.695717
1554738,-0.002443,0.014661,0.00733,-0.689133,0.196211,9.963714
1557738,0.021991,-0.046426,0.017104,-0.870987,0.531207,10.112069
1560740,0.029322,-0.039095,0.002443,-0.397209,0.378066,9.815358
1563741,0.029322,-0.029322,0,-0.598206,0.071785,9.389436
1566743,0.019548,-0.002443,-0.014661,-0.784846,-0.162712,9.41815
1569745,0.017104,0.004887,-0.002443,-0.875773,1.091127,9.719646
1572746,0.004887,-0.004887,0.002443,-1.172483,0.961915,9.360723
1575749,-0.039095,-0.058643,0.021991,-0.124427,0.497707,9.456435
1578750,-0.039095,-0.080634,0.019548,-0.488136,0.052642,9.686147
1581751,-0.026878,-0.053756,0,-0.339781,0.40678,11.030912
1584752,0.014661,0.00733,-0.024435,-1.402194,-0.253639,10.528419
1587754,0.021991,0.043982,-0.024435,-1.095913,0.18664,10.557133
1590754,0,0.014661,0,-0.535992,0.205783,9.652646
1593757,0.004887,-0.058643,0.021991,-0.574277,0.119641,9.796216
1596758,0.014661,-0.06353,0.012217,-0.33021,0.449851,10.049855
1599800,0.029322,-0.031765,-0.004887,-0.789632,-0.057428,9.930214
1602762,0.009774,-0.002443,-0.00733,-0.282353,1.052842,10.356135
1605764,0.014661,0.002443,0,-1.019342,-0.277567,9.169296
1608768,0.024435,0.019548,-0.014661,-1.440479,0.043071,9.19801
1611769,-0.048869,-0.00733,0.00733,-1.0002,0.78006,9.001799
1614771,-0.046426,-0.017104,0.00733,-0.574277,-0.07657,9.523434
1617772,-0.039095,-0.039095,0.012217,-0.0335,0.062213,11.12184
1620774,0.036652,-0.004887,-0.009774,-0.847059,-0.440279,10.624133
1623774,0.034208,0.029322,-0.024435,-0.770489,0.301496,10.528419
1626776,0.009774,0.031765,-0.014661,-0.708275,0.095713,9.815358
1629776,0.004887,0.021991,-0.002443,-0.847059,0.583849,9.68136
1632778,0.00733,-0.031765,-0.004887,-0.909273,0.885344,9.202796
1635780,-0.00733,-0.043982,-0.00733,-0.684347,0.540778,9.236296
1638781,-0.004887,-0.021991,0.012217,-0.258425,0.22014,10.126426
1641784,0.019548,0.012217,-0.00733,-1.081556,-0.311067,10.293922
1644787,0.017104,0.036652,-0.026878,-2.388037,0.129212,10.336993
1647790,-0.014661,0.068417,-0.021991,-1.426122,0.698704,9.815358
1650853,-0.048869,-0.014661,-0.004887,-0.655633,0.665205,9.30808
1653798,-0.06353,-0.068417,0.019548,-1.158126,0.191426,9.327223
1658132,0.029322,-0.053756,0,-0.306281,0.425922,9.915856
1660914,0.026878,0.596204,-0.00733,-0.354138,1.70369,11.624333
1663915,0.024435,0.065973,-0.002443,-0.454636,-1.359123,11.207981
1666918,0.068417,0.075747,-0.021991,-1.421337,1.234697,9.102298
1669920,0.00733,-0.618196,-0.017104,-0.976272,1.191626,7.939385
1672922,-0.117286,0.026878,0.012217,0.459422,0.157926,9.71486
1675924,-0.068417,-0.009774,0.00733,-0.770489,0.26321,10.083356
1678925,-0.014661,0.065973,-0.053756,-0.732204,0.29671,11.279767
1681926,0.034208,0.021991,-0.053756,-0.904487,-0.464208,9.71486
1684928,0.051313,0.009774,-0.031765,-0.741775,0.181855,8.662019
1687929,-0.00733,-0.053756,0.036652,-0.842274,0.602991,9.202796
1690933,0.017104,-0.11973,0.041539,-1.062413,0.540778,9.456435
1693936,-0.012217,-0.136834,0.048869,-0.354138,1.0337,9.628718
1696935,-0.024435,-0.112399,0.039095,-0.014357,-0.071785,9.63829
1700078,0.021991,0.014661,0,-0.880559,0.736989,10.485349
1702939,0.036652,0.065973,-0.043982,-1.052842,-0.81356,10.336993
1705941,0.026878,0.117286,-0.051313,-0.789632,0.358923,10.844273
1708941,-0.051313,0.039095,-0.017104,-0.416351,0.650848,9.686147
1711942,-0.048869,0.004887,0.004887,-0.282353,0.071785,8.628518
1714988,-0.019548,-0.07086,0.002443,-1.067199,0.693919,9.695717
1717945,0.021991,-0.051313,-0.004887,-0.823131,0.047856,9.85843
1720945,0.021991,-0.014661,0,-0.411566,0.177069,10.461421
1723946,0.043982,-0.596204,0.004887,-0.985843,0.291924,10.021142
1726947,0.031765,-0.043982,0.004887,-1.038485,0.258425,9.174082
1729948,-0.002443,-0.053756,0.021991,-0.698704,0.48335,9.499506
1732951,-0.036652,-0.06353,0.019548,-0.827917,0.689133,9.260223
1735952,-0.048869,-0.061087,0,-0.464208,0.306281,9.705289
1738954,-0.029322,-0.026878,-0.012217,-0.641276,0.047856,11.471191
1741955,0.004887,0.014661,-0.012217,-0.392423,-0.368495,11.346765
1744974,0.046426,0.036652,0,-0.636491,0.526421,11.188838
1747958,0.046426,0.004887,0.012217,-0.464208,-0.378066,9.695717
1750960,0.0562,-0.026878,0.012217,-1.048056,0.019143,9.121439
1753962,-0.012217,-0.075747,0.00733,-1.009771,1.158126,7.776673
1756963,-0.046426,-0.039095,0.00733,-0.48335,0.646062,8.877372
1759965,-0.039095,0.591318,-0.024435,-0.981057,-0.129212,10.590632
1762966,0.017104,0.083078,-0.034208,-1.182054,0.210568,10.815558
1765967,0.017104,0.07086,-0.029322,-0.995414,0.028714,10.514063
1768968,-0.002443,-0.048869,0.024435,-0.440279,0.349352,9.403793
1771969,0,-0.100182,0.043982,-0.521635,0.488136,10.480562
1774971,0.00733,-0.129503,0.031765,-1.014557,0.172283,9.786645
1777973,0.021991,-0.12706,0.017104,-0.090927,0.119641,9.064013
1780976,-0.009774,-0.06353,0.017104,-0.33021,0.200997,10.461421
1783976,0.017104,-0.00733,0.004887,-0.559921,0.038285,11.48555
1786978,0.051313,0.092852,-0.036652,-1.225125,0.124427,9.978071
1789980,0.002443,0.068417,-0.021991,-0.636491,0.870987,10.375279
1792981,-0.041539,0.012217,0.012217,-0.162712,0.70349,9.394221
1795984,-0.034208,-0.061087,0.002443,-0.641276,0.564706,8.848659
1798984,0.00733,-0.019548,-0.024435,-0.89013,0.234497,9.810574
1801993,0.002443,0.014661,-0.034208,-1.105484,-0.215354,10.255639
1804986,-0.012217,0.0562,-0.00733,-0.914058,0.459422,10.791631
1807989,0.004887,0.012217,0.00733,-0.861416,0.291924,10.34178
1810991,0.021991,-0.024435,0.009774,-0.842274,0.325424,9.389436
1813991,0.00733,-0.073304,0.021991,-0.397209,0.507278,9.327223
1816994,-0.031765,-0.075747,0.021991,-0.07657,0.200997,9.255438
1819995,-0.004887,-0.053756,0.00733,-0.430708,0.133998,10.030713
1822996,0.017104,0.036652,-0.031765,-0.894916,0.18664,10.681561
1825996,-0.002443,0.051313,-0.014661,-0.732204,0.014357,10.537992
1828997,0,0.0562,-0.004887,-0.952343,0.090927,10.15514
1831999,-0.002443,-0.017104,0.004887,-0.267996,0.550349,9.939785
1835000,0.012217,-0.041539,0.002443,-0.655633,0.277567,9.351151
1838001,0.014661,-0.036652,-0.009774,-0.823131,0.378066,9.566504
1841001,0.002443,0.002443,-0.00733,-1.014557,0.019143,9.566504
1844003,0.00733,0.021991,-0.017104,-1.258625,0.210568,9.686147
1847003,-0.009774,0.017104,-0.012217,-0.847059,0.48335,10.116854
1850004,-0.026878,-0.004887,0.004887,-0.732204,0.33021,9.920643
1853005,-0.009774,-0.034208,0.004887,-0.435494,0.535992,10.068997
1856008,-0.014661,-0.0562,0.004887,-0.382852,0.244068,9.848859
1859009,-0.004887,-0.029322,0,-0.655633,0.267996,10.150353
1862012,0.017104,-0.00733,-0.004887,-0.904487,0.07657,10.116854
1865013,0.014661,0.019548,-0.00733,-0.909273,0.086142,9.992428
1868014,0.002443,0.009774,-0.002443,-0.59342,0.401994,9.968499
1871014,-0.004887,-0.00733,0,-0.574277,0.416351,9.74836
1874018,-0.002443,-0.017104,-0.002443,-0.425922,0.435494,9.743573
1877020,0.004887,-0.004887,-0.012217,-0.961915,0.229711,9.805787
1880021,0,0.009774,-0.012217,-0.81356,0.215354,9.834501
1883022,-0.004887,0.019548,-0.00733,-0.89013,0.181855,9.786645
1886025,-0.002443,-0.002443,-0.004887,-0.717847,0.363709,9.810574
1889027,-0.014661,-0.031765,0,-0.59342,0.354138,9.848859
1892029,-0.014661,-0.041539,0.004887,-0.660419,0.301496,10.01157
1895030,0.620639,-0.051313,0.012217,-0.526421,0.291924,10.140782
1898032,0.017104,-0.024435,0.00733,-0.842274,0.143569,10.131212
1901032,0.019548,-0.004887,0,-0.756132,0.210568,10.135996
1904035,0.004887,0.012217,-0.002443,-0.823131,0.138784,9.810574
1907036,0,0.004887,-0.012217,-0.708275,0.37328,9.772288
1910039,-0.004887,-0.024435,-0.009774,-0.535992,0.445065,9.705289
1913040,0.618196,-0.026878,0,-0.660419,0.392423,9.887143
1916043,0.00733,-0.026878,0.004887,-0.62692,0.311067,10.068997
1919043,0.014661,-0.012217,0.004887,-0.856631,0.172283,10.016356
1922043,0.014661,0,0.002443,-0.756132,0.287139,9.963714
1925047,-0.002443,-0.012217,0,-0.899701,0.224925,9.686147
1928048,-0.00733,-0.024435,-0.004887,-0.78006,0.344566,9.60479
1931051,-0.019548,-0.051313,0.00733,-0.641276,0.354138,9.757931
1934051,0.002443,-0.039095,0.004887,-0.62692,0.306281,9.963714
1937052,0.009774,-0.029322,0.002443,-0.535992,0.277567,10.346565
1940057,0.012217,0.012217,0.004887,-0.765703,0.124427,10.212566
1943066,0.00733,0.012217,-0.002443,-0.665205,0.248854,10.116854
1946057,0.002443,0.002443,-0.00733,-0.789632,0.258425,9.619147
1949059,-0.625526,-0.031765,-0.00733,-0.588634,0.425922,9.600005
1952061,-0.004887,-0.039095,0,-0.636491,0.349352,9.719646
1955071,0.00733,-0.029322,0.002443,-0.698704,0.301496,10.116854
1958072,0.017104,-0.00733,0.002443,-0.713061,0.234497,10.174282
1961072,0.012217,0.014661,0,-0.894916,0.215354,10.035498
1965315,0.004887,0.014661,-0.004887,-0.775275,0.315853,9.643075
1968111,-0.017104,-0.017104,-0.004887,-0.818345,0.29671,9.480363
1971113,-0.024435,-0.036652,-0.004887,-0.612563,0.339781,9.810574
1974117,-0.002443,-0.034208,0.002443,-0.732204,0.248854,10.025927
1977117,0.012217,-0.017104,0,-0.607777,0.277567,10.399208
1980120,0.014661,-0.002443,0.002443,-0.794417,0.148355,10.317852
1983121,0.012217,0.017104,-0.00733,-0.741775,0.287139,10.059426
1986123,0,0,-0.00733,-0.727418,0.344566,9.710074
1989127,-0.00733,-0.017104,-0.004887,-0.646062,0.344566,9.365508
1992127,-0.014661,-0.041539,0,-0.617348,0.354138,9.633504
1995126,0,-0.029322,0,-0.775275,0.244068,9.868
1998130,0.009774,-0.009774,0,-0.612563,0.248854,10.45185
2001131,0.014661,0.014661,0.002443,-0.794417,0.200997,10.346565
2004128,0.014661,0.014661,-0.004887,-0.775275,0.33021,10.030713
2007129,-0.002443,-0.012217,-0.00733,-0.760918,0.315853,9.332008
2010129,-0.021991,-0.041539,-0.004887,-0.689133,0.301496,9.332008
2013136,-0.024435,-0.046426,-0.002443,-0.588634,0.349352,9.580862
2016137,-0.012217,-0.024435,-0.625526,-0.66999,0.239282,10.360922
2019140,0.012217,0.009774,-0.002443,-0.540778,0.229711,10.648062
2022140,0.017104,0.019548,0,-0.665205,0.167498,10.537992
2025141,0.017104,0.017104,-0.00733,-0.70349,0.411566,9.820145
2028141,-0.009774,-0.019548,-0.00733,-0.789632,0.387637,9.332008
2031142,-0.019548,-0.029322,-0.004887,-0.799203,0.334995,9.212367
2034144,-0.019548,-0.031765,-0.004887,-0.741775,0.248854,9.74836
2037146,0.002443,0.002443,-0.002443,-0.732204,0.200997,10.150353
2040154,0.009774,0.014661,-0.002443,-0.579063,0.210568,10.528419
2043154,0.012217,0.017104,0.002443,-0.775275,0.311067,10.279567
2046154,0.004887,-0.009774,-0.002443,-0.70349,0.445065,9.887143
2049154,-0.009774,-0.031765,-0.002443,-0.736989,0.411566,9.45165
2052154,-0.017104,-0.041539,-0.002443,-0.674776,0.301496,9.346365
2055157,-0.012217,-0.024435,-0.002443,-0.722632,0.234497,9.74836
2058157,-0.002443,0.004887,-0.002443,-0.751346,0.138784,10.116854
2061157,0.009774,0.017104,0,-0.59342,0.205783,10.633704
2064159,0.017104,0.009774,-0.004887,-0.756132,0.253639,10.408778
2067159,0.012217,-0.009774,-0.004887,-0.722632,0.445065,10.016356
2070163,-0.002443,-0.034208,-0.002443,-0.784846,0.334995,9.245867
2073164,-0.009774,-0.046426,0,-0.717847,0.315853,9.269794
2076159,-0.00733,-0.029322,-0.002443,-0.722632,0.267996,9.561719
2079161,-0.002443,-0.002443,-0.625526,-0.665205,0.181855,10.375279
2082161,0.004887,0.017104,0,-0.59342,0.22014,10.523635
2085161,0.009774,0.009774,0,-0.741775,0.291924,10.45185
2088168,0.00733,-0.012217,0.623083,-0.622134,0.440279,9.734003
2091169,-0.009774,-0.048869,0.002443,-0.713061,0.325424,9.394221
2094169,-0.00733,-0.041539,0,-0.717847,0.287139,9.365508
2097171,-0.004887,-0.029322,0.623083,-0.784846,0.162712,9.896715
2100172,0.004887,0.014661,-0.002443,-0.689133,0.143569,10.246066
2103170,0.004887,0.014661,0,-0.62692,0.215354,10.447063
2106171,0.004887,0.00733,-0.623083,-0.70349,0.401994,10.16471
2109172,-0.002443,-0.034208,-0.002443,-0.631705,0.459422,9.891929
2112173,-0.004887,-0.046426,0,-0.708275,0.368495,9.52822
2115174,0,-0.041539,-0.002443,-0.746561,0.277567,9.52822
2118175,0,-0.009774,-0.002443,-0.784846,0.153141,9.74836
2121177,0.002443,0.012217,-0.002443,-0.799203,0.138784,10.001998
2124178,0.002443,0.009774,0,-0.674776,0.287139,10.313066
2127181,-0.002443,-0.012217,-0.002443,-0.708275,0.363709,10.174282
2130182,-0.004887,-0.031765,-0.002443,-0.59342,0.445065,10.021142
2133186,-0.004887,-0.041539,-0.004887,-0.756132,0.248854,9.643075
2136187,0.004887,-0.019548,-0.004887,-0.727418,0.253639,9.671789
2139187,0.00733,-0.002443,-0.002443,-0.78006,0.181855,9.786645
2142190,0.00733,0.009774,0,-0.655633,0.224925,10.097712
2145189,0,-0.004887,0,-0.655633,0.320638,10.145568
2148194,0,-0.019548,-0.002443,-0.708275,0.363709,10.08814
2151196,0,-0.029322,-0.002443,-0.660419,0.363709,9.853643
2154197,0.002443,-0.026878,-0.004887,-0.775275,0.277567,9.753145
2157200,0.00733,-0.012217,-0.004887,-0.765703,0.258425,9.738788
2160200,0.002443,0,0,-0.765703,0.181855,9.796216
2163202,0.002443,0,0.002443,-0.693919,0.267996,9.915856
2166204,-0.004887,-0.014661,0.002443,-0.631705,0.311067,9.978071
2169206,-0.009774,-0.021991,-0.002443,-0.631705,0.368495,10.035498
2172207,-0.004887,-0.029322,-0.004887,-0.646062,0.33021,10.049855
2175208,0.002443,-0.012217,-0.004887,-0.78006,0.272782,9.968499
2178210,0.00733,0.002443,0,-0.732204,0.258425,9.915856
2181213,0.00733,0.00733,-0.002443,-0.746561,0.181855,9.810574
2184215,0.002443,-0.002443,0,-0.693919,0.282353,9.829715
2187217,-0.002443,-0.019548,0,-0.674776,0.349352,9.853643
2190220,-0.004887,-0.029322,-0.002443,-0.674776,0.344566,9.920643
2193222,-0.002443,-0.024435,-0.004887,-0.66999,0.325424,10.016356
2196222,0,-0.009774,-0.002443,-0.775275,0.234497,10.021142
2199230,0.002443,0.004887,-0.002443,-0.727418,0.253639,9.958928
2202242,0.002443,0.002443,0,-0.770489,0.248854,8.614162
2205229,0.004887,-0.004887,0,-0.622134,0.349352,9.772288
2208232,-0.00733,-0.036652,0.002443,-0.650848,0.339781,9.824929
2211234,-0.00733,-0.029322,0,-0.660419,0.29671,9.925428
2214237,-0.004887,-0.019548,-0.004887,-0.770489,0.229711,10.121639
2217238,0.00733,0.012217,-0.009774,-0.803988,0.215354,10.121639
2220239,0.004887,0.012217,-0.00733,-0.727418,0.253639,10.054641
2223239,0.002443,-0.620639,-0.002443,-0.708275,0.311067,9.724432
2226242,0,-0.034208,0.002443,-0.622134,0.363709,9.690931
2229244,-0.004887,-0.041539,0.002443,-0.631705,0.339781,10.920842
2232245,-0.002443,-0.031765,-0.002443,-0.689133,0.291924,10.025927
2235247,0.004887,-0.00733,-0.002443,-0.756132,0.248854,10.121639
2238249,0.004887,0.012217,-0.004887,-0.803988,0.224925,10.126426
2241251,0.004887,-0.615752,-0.002443,-0.717847,0.315853,9.896715
2244253,0,-0.017104,-0.002443,-0.689133,0.306281,9.724432
2247255,-0.004887,-0.034208,0,-0.607777,0.368495,9.68136
2250256,-0.00733,-0.039095,0.004887,-0.693919,0.253639,9.863214
2253258,0.002443,-0.017104,0,-0.689133,0.239282,10.054641
2256261,0.004887,-0.002443,-0.002443,-0.741775,0.234497,10.188639
2259263,0.00733,0.014661,-0.00733,-0.756132,0.277567,10.073783
2262265,-0.002443,-0.004887,-0.004887,-0.727418,0.325424,9.896715
2265272,-0.002443,-0.012217,-0.004887,-0.746561,0.339781,9.690931
2268271,-0.00733,-0.029322,0.004887,-0.650848,0.325424,9.68136
2272493,0.002443,-0.034208,0.002443,-0.689133,0.26321,9.844072
2275271,0.00733,-0.00733,-0.002443,-0.70349,0.248854,10.183853
2278273,0.009774,0.00733,-0.002443,-0.775275,0.215354,10.183853
2281275,0.00733,0.009774,-0.004887,-0.765703,0.339781,9.896715
2284275,-0.004887,-0.019548,-0.002443,-0.751346,0.315853,9.695717
2287278,-0.004887,-0.029322,-0.002443,-0.684347,0.334995,9.614362
2290280,-0.004887,-0.039095,0.002443,-0.617348,0.248854,9.877572
2293282,0.004887,-0.014661,0.002443,-0.674776,0.210568,10.092926
2296284,0.00733,-0.004887,0,-0.679562,0.248854,10.260423
2299304,0.00733,0.00733,-0.004887,-0.756132,0.267996,10.102497
2302289,0,-0.004887,-0.00733,-0.722632,0.320638,9.877572
2305291,-0.004887,-0.019548,-0.002443,-0.765703,0.349352,9.628718
2308292,-0.009774,-0.026878,-0.002443,-0.746561,0.33021,9.614362
2311293,-0.002443,-0.029322,0.002443,-0.689133,0.277567,9.805787
2314295,0.00733,-0.012217,0.002443,-0.684347,0.22014,10.049855
2317298,0.009774,0,0,-0.650848,0.239282,10.284352
2320297,0.00733,0.004887,-0.004887,-0.751346,0.267996,10.131212
2323300,0.002443,-0.00733,-0.00733,-0.708275,0.33021,9.891929
2326302,-0.00733,-0.021991,-0.004887,-0.727418,0.334995,9.523434
2329304,-0.009774,-0.034208,-0.002443,-0.698704,0.339781,9.585648
2332306,-0.004887,-0.024435,0,-0.679562,0.277567,9.815358
2335308,0,-0.009774,0,-0.679562,0.301496,10.073783
2338312,-0.002443,0.004887,0.002443,-0.569492,0.37328,10.001998
2341312,-0.012217,-0.002443,0.002443,-0.492921,0.358923,10.116854
2344314,-0.012217,-0.004887,-0.002443,-0.622134,0.229711,9.992428
2347316,-0.004887,-0.009774,-0.021991,-0.9667,0.205783,9.896715
2350317,-0.004887,0.004887,-0.019548,-0.995414,0.22014,9.868
2353319,-0.004887,0.012217,-0.00733,-0.794417,0.26321,9.944571
2356321,0.017104,-0.021991,0.012217,-0.507278,0.277567,9.997213
2359323,0.017104,-0.039095,0.012217,-0.421137,0.267996,10.006784
2362324,0.017104,-0.043982,0.012217,-0.550349,0.325424,9.944571
2365326,-0.002443,-0.017104,-0.004887,-0.89013,0.325424,9.853643
2368328,-0.004887,0.00733,-0.017104,-1.052842,0.287139,9.710074
2371331,-0.004887,0.019548,-0.021991,-1.062413,0.37328,9.676576
2374334,-0.017104,0.004887,-0.002443,-0.502493,0.258425,9.824929
2377336,-0.004887,-0.021991,0.009774,-0.26321,0.210568,10.021142
2380339,0.00733,-0.048869,0.017104,-0.277567,0.191426,10.289137
2383340,0.014661,-0.041539,0.012217,-0.861416,0.244068,10.241282
2386341,0.00733,-0.009774,-0.002443,-1.014557,0.325424,10.030713
2389344,-0.002443,0.019548,-0.014661,-1.028914,0.378066,9.571291
2392346,-0.012217,0.019548,-0.019548,-0.689133,0.440279,9.499506
2395352,-0.012217,-0.002443,-0.00733,-0.430708,0.344566,9.609575
2398352,-0.00733,-0.021991,0.004887,-0.291924,0.143569,10.092926
2401351,0.012217,-0.031765,0.009774,-0.732204,0.162712,10.289137
2404354,0.012217,-0.019548,0.002443,-1.028914,0.244068,10.308279
2407355,0.004887,0,-0.004887,-1.081556,0.334995,9.944571
2410359,-0.00733,0.004887,-0.017104,-0.818345,0.349352,9.676576
2413359,0,-0.014661,-0.009774,-0.612563,0.37328,9.571291
2416361,0,-0.034208,-0.002443,-0.449851,0.229711,9.734003
2419363,0.00733,-0.043982,0.019548,-0.488136,0.205783,9.9015
2422366,0.00733,-0.031765,0.019548,-0.698704,0.210568,10.08814
2425367,0.002443,-0.009774,0.00733,-0.899701,0.320638,10.145568
2428370,-0.012217,0.026878,-0.017104,-0.851845,0.320638,10.054641
2431371,-0.012217,0.021991,-0.024435,-0.775275,0.320638,9.863214
2434371,-0.004887,0.002443,-0.021991,-0.660419,0.311067,9.767502
2437374,0.00733,-0.031765,0.004887,-0.540778,0.210568,9.796216
2440376,0.009774,-0.036652,0.014661,-0.569492,0.181855,9.848859
2443377,0.009774,-0.039095,0.021991,-0.856631,0.287139,10.040284
2446379,0.002443,-0.009774,0,-0.894916,0.344566,10.040284
2449382,-0.009774,0.004887,-0.012217,-0.837488,0.354138,9.963714
2452383,-0.009774,0.004887,-0.021991,-0.717847,0.344566,9.767502
2455384,-0.004887,-0.014661,-0.009774,-0.588634,0.344566,9.777073
2458384,0,-0.026878,0.002443,-0.540778,0.239282,9.79143
2461387,0.00733,-0.034208,0.012217,-0.602991,0.210568,10.001998
2464390,0.00733,-0.026878,0.012217,-0.756132,0.253639,10.073783
2467390,0.002443,-0.012217,0,-0.856631,0.287139,10.121639
2470395,-0.004887,0.002443,-0.014661,-0.789632,0.320638,9.963714
2473395,0,0.002443,-0.019548,-0.713061,0.33021,9.848859
2476397,-0.002443,-0.009774,-0.009774,-0.583849,0.334995,9.79143
2479402,0.002443,-0.019548,0.002443,-0.59342,0.244068,9.786645
2482403,0.004887,-0.026878,0.014661,-0.665205,0.267996,9.853643
2485405,0.002443,-0.019548,0.009774,-0.81356,0.26321,9.925428
2488405,-0.002443,0,-0.002443,-0.827917,0.306281,9.992428
2491407,-0.009774,0.004887,-0.012217,-0.760918,0.301496,9.973285
2494407,-0.00733,-0.002443,-0.012217,-0.693919,0.287139,9.944571
2497409,0,-0.014661,-0.009774,-0.583849,0.253639,9.911071
2500410,0.00733,-0.031765,0.00733,-0.636491,0.277567,9.848859
2503411,0.012217,-0.029322,0.009774,-0.679562,0.287139,9.882358
2506410,0.004887,-0.021991,0.00733,-0.803988,0.29671,9.891929
2509417,-0.004887,0.002443,-0.00733,-0.760918,0.29671,9.930214
2512417,-0.009774,0.00733,-0.014661,-0.732204,0.306281,9.958928
2515433,-0.004887,0.002443,-0.012217,-0.631705,0.277567,10.01157
2518420,0.002443,-0.017104,-0.002443,-0.660419,0.287139,9.958928
2521419,0.009774,-0.021991,0.004887,-0.722632,0.267996,9.911071
2524424,0.00733,-0.021991,0.00733,-0.751346,0.315853,9.805787
2527428,0.002443,-0.017104,0,-0.756132,0.311067,9.805787
2530429,0,-0.012217,-0.004887,-0.708275,0.311067,9.820145
2533431,-0.00733,-0.012217,-0.00733,-0.679562,0.239282,9.968499
2536434,-0.004887,-0.009774,-0.004887,-0.674776,0.258425,10.021142
2539434,0,-0.012217,0,-0.679562,0.291924,10.035498
2542437,0.002443,-0.012217,0,-0.732204,0.320638,9.925428
2545492,0.004887,-0.014661,0.002443,-0.674776,0.315853,9.877572
2548439,0.002443,-0.014661,0,-0.679562,0.277567,9.834501
2551442,0.004887,-0.014661,-0.625526,-0.660419,0.282353,9.882358
2554441,0,-0.012217,-0.004887,-0.674776,0.234497,9.939785
2557442,-0.002443,-0.009774,-0.004887,-0.717847,0.244068,9.997213
2560444,-0.004887,-0.009774,-0.004887,-0.803988,0.29671,9.954143
2563448,0,-0.009774,-0.004887,-0.770489,0.311067,9.9015
2566450,0,-0.014661,0,-0.717847,0.33021,9.844072
2569451,0.002443,-0.017104,0,-0.660419,0.272782,9.815358
2572454,0.002443,-0.021991,0,-0.617348,0.267996,9.896715
2575452,0,-0.019548,0.002443,-0.679562,0.229711,9.949356
2579703,0,-0.012217,-0.625526,-0.751346,0.267996,10.01157
2582481,-0.004887,-0.002443,-0.004887,-0.784846,0.306281,9.930214
2585482,-0.004887,-0.00733,-0.002443,-0.717847,0.339781,9.906286
2588484,0.004887,-0.017104,0,-0.650848,0.301496,9.853643
2591487,0.00733,-0.024435,0.002443,-0.602991,0.282353,9.891929
2594488,0.00733,-0.024435,0.004887,-0.650848,0.215354,9.939785
2597490,0.002443,-0.014661,0,-0.741775,0.215354,9.949356
2600494,0,-0.002443,-0.00733,-0.81356,0.267996,9.930214
2603496,-0.00733,0.004887,-0.012217,-0.847059,0.334995,9.891929
2606498,-0.00733,-0.002443,-0.00733,-0.765703,0.368495,9.872787
2609499,0,-0.017104,-0.004887,-0.655633,0.33021,9.896715
2612502,0.004887,-0.034208,0.00733,-0.535992,0.239282,9.920643
2615590,0.012217,-0.036652,0.012217,-0.612563,0.205783,9.978071
2618507,0.00733,-0.026878,0.00733,-0.713061,0.205783,9.973285
2621508,0,0.002443,-0.009774,-0.861416,0.301496,9.920643
2624510,-0.012217,0.009774,-0.014661,-0.847059,0.334995,9.868
2627512,-0.009774,0.004887,-0.014661,-0.746561,0.354138,9.853643
2630512,-0.004887,-0.019548,0,-0.531207,0.287139,9.9015
2633516,0.00733,-0.029322,0.00733,-0.51685,0.248854,9.939785
2636518,0.009774,-0.031765,0.012217,-0.574277,0.224925,10.001998
2639518,0.009774,-0.00733,0,-0.851845,0.258425,9.939785
2642520,-0.004887,0.002443,-0.009774,-0.894916,0.306281,9.863214
2645522,-0.012217,0.012217,-0.017104,-0.909273,0.33021,9.772288
2648523,-0.009774,-0.004887,-0.009774,-0.650848,0.358923,9.834501
2651526,-0.002443,-0.021991,-0.002443,-0.540778,0.29671,9.891929
2654529,0.004887,-0.031765,0.009774,-0.468993,0.244068,10.040284
2657531,0.012217,-0.034208,0.014661,-0.713061,0.191426,10.025927
2660531,0.004887,-0.019548,0.004887,-0.847059,0.239282,10.001998
2663533,-0.002443,0,-0.00733,-0.880559,0.272782,9.839287
2666541,-0.009774,0.009774,-0.019548,-0.81356,0.339781,9.781858
2669549,-0.009774,0,-0.014661,-0.674776,0.378066,9.815358
2672540,-0.002443,-0.017104,-0.00733,-0.535992,0.315853,9.973285
2675541,0.00733,-0.034208,0.012217,-0.507278,0.248854,10.025927
2678542,0.014661,-0.029322,0.014661,-0.665205,0.205783,10.040284
2681544,0.009774,-0.017104,0.00733,-0.837488,0.248854,9.911071
2684546,-0.002443,0.009774,-0.017104,-0.92363,0.306281,9.839287
2687546,-0.012217,0.012217,-0.019548,-0.870987,0.334995,9.767502
2690556,-0.009774,0.002443,-0.014661,-0.727418,0.397209,9.863214
2693556,0.615752,-0.029322,0.002443,-0.449851,0.244068,9.978071
2696556,0.00733,-0.034208,0.014661,-0.48335,0.22014,10.001998
2699558,0.017104,-0.034208,0.017104,-0.636491,0.196211,10.030713
2702563,0.012217,-0.00733,-0.002443,-0.894916,0.29671,9.954143
2705565,-0.004887,0.004887,-0.017104,-0.89013,0.320638,9.853643
2708568,-0.009774,0.009774,-0.021991,-0.866202,0.33021,9.786645
2711568,-0.00733,-0.012217,-0.009774,-0.555135,0.33021,9.853643
2714570,0.004887,-0.026878,0.002443,-0.459422,0.248854,9.925428
2717571,0.009774,-0.029322,0.012217,-0.488136,0.234497,10.04507
2720572,0.012217,-0.021991,0.014661,-0.81356,0.244068,10.035498
2723573,0,-0.004887,0.002443,-0.904487,0.267996,9.968499
2726575,-0.009774,0.004887,-0.012217,-0.866202,0.282353,9.810574
2729576,-0.012217,0,-0.019548,-0.741775,0.349352,9.781858
2732578,-0.00733,-0.012217,-0.009774,-0.579063,0.33021,9.820145
2735582,0.002443,-0.024435,0.002443,-0.492921,0.248854,9.992428
2738583,0.009774,-0.029322,0.017104,-0.631705,0.239282,10.030713
2741584,0.012217,-0.024435,0.014661,-0.78006,0.267996,10.01157
2744587,0.002443,-0.009774,0.002443,-0.861416,0.282353,9.891929
2747590,-0.004887,0.004887,-0.017104,-0.803988,0.29671,9.829715
2750590,-0.00733,0,-0.017104,-0.717847,0.349352,9.79143
2753594,-0.004887,-0.012217,-0.00733,-0.59342,0.33021,9.896715
2756596,0.004887,-0.026878,0.00733,-0.550349,0.248854,9.944571
2759599,0.009774,-0.026878,0.012217,-0.655633,0.267996,10.001998
2762601,0.009774,-0.019548,0.009774,-0.775275,0.291924,9.958928
2765601,-0.004887,0,-0.00733,-0.827917,0.291924,9.9015
2768603,-0.00733,0.004887,-0.014661,-0.784846,0.291924,9.839287
2771607,-0.00733,-0.002443,-0.017104,-0.732204,0.301496,9.85843
2774608,0,-0.021991,0.002443,-0.555135,0.282353,9.925428
2777609,0.00733,-0.024435,0.00733,-0.59342,0.244068,9.954143
2780610,0.012217,-0.024435,0.012217,-0.674776,0.277567,9.973285
2783612,0.002443,-0.009774,0.002443,-0.789632,0.291924,9.930214
2786615,-0.004887,-0.002443,-0.00733,-0.794417,0.287139,9.868
2789616,-0.00733,0,-0.014661,-0.770489,0.291924,9.848859
2792617,-0.002443,-0.009774,-0.009774,-0.622134,0.282353,9.906286
2795617,0,-0.021991,0,-0.598206,0.272782,9.944571
2798619,0.004887,-0.021991,0.00733,-0.631705,0.306281,9.963714
2801621,0.004887,-0.019548,0.009774,-0.756132,0.301496,9.944571
2804623,0,-0.012217,0,-0.789632,0.29671,9.887143
2807625,0,-0.004887,-0.00733,-0.770489,0.277567,9.834501
2810627,-0.00733,-0.00733,-0.009774,-0.693919,0.272782,9.844072
2813629,-0.004887,-0.009774,-0.00733,-0.660419,0.282353,9.911071
2816632,0,-0.017104,0,-0.650848,0.287139,10.021142
2819633,0.004887,-0.021991,0.004887,-0.698704,0.301496,9.982857
2822637,0.004887,-0.017104,0.002443,-0.732204,0.320638,9.939785
2825639,0.002443,-0.012217,-0.002443,-0.741775,0.29671,9.829715
2828640,0,-0.009774,-0.00733,-0.717847,0.282353,9.824929
2831641,-0.002443,-0.009774,-0.009774,-0.698704,0.248854,9.848859
2834643,-0.004887,-0.012217,-0.002443,-0.689133,0.26321,9.992428
2837644,0.002443,-0.014661,0.002443,-0.722632,0.287139,10.021142
2840647,0.002443,-0.014661,0.002443,-0.722632,0.29671,9.982857
2843644,0.002443,-0.014661,0,-0.722632,0.306281,9.872787
2846646,0.002443,-0.012217,-0.002443,-0.70349,0.315853,9.824929
2849645,0,-0.014661,-0.002443,-0.684347,0.277567,9.829715
2852654,0,-0.012217,-0.002443,-0.679562,0.248854,9.930214
2855653,0,-0.014661,0,-0.698704,0.26321,9.958928
2858654,0,-0.012217,-0.002443,-0.751346,0.282353,10.021142
2861655,0,-0.012217,-0.004887,-0.736989,0.33021,9.968499
2864655,0,-0.017104,0,-0.689133,0.33021,9.911071
2867655,0.004887,-0.019548,0,-0.665205,0.29671,9.868
2870657,0.004887,-0.019548,0,-0.665205,0.248854,9.863214
2873658,-0.004887,-0.009774,0,-0.684347,0.239282,9.896715
2876660,-0.002443,-0.00733,-0.002443,-0.732204,0.258425,9.930214
2879673,-0.004887,-0.00733,-0.004887,-0.770489,0.29671,9.958928
2882665,-0.004887,-0.012217,-0.004887,-0.717847,0.315853,9.973285
2886870,0.002443,-0.014661,-0.004887,-0.693919,0.301496,9.963714
2889652,0.004887,-0.024435,0.002443,-0.650848,0.277567,9.906286
2892653,0.002443,-0.024435,0.002443,-0.650848,0.26321,9.891929
2895654,0.002443,-0.014661,-0.623083,-0.741775,0.26321,9.877572
2898656,-0.002443,-0.002443,-0.00733,-0.770489,0.277567,9.9015
2901655,-0.004887,-0.004887,-0.00733,-0.794417,0.287139,9.911071
2904655,-0.004887,-0.004887,-0.00733,-0.684347,0.306281,9.958928
2907657,0.004887,-0.019548,0.002443,-0.622134,0.311067,9.963714
2910659,0.00733,-0.021991,0.004887,-0.612563,0.277567,9.954143
2913660,0.009774,-0.021991,0.004887,-0.693919,0.234497,9.9015
2916660,0,-0.009774,-0.002443,-0.751346,0.253639,9.877572
2919662,-0.004887,-0.002443,-0.00733,-0.799203,0.287139,9.839287
2922662,-0.00733,0,-0.009774,-0.760918,0.320638,9.882358
2925665,-0.004887,-0.009774,-0.004887,-0.684347,0.325424,9.944571
2928669,0.002443,-0.019548,-0.002443,-0.62692,0.306281,9.992428
2931670,0.004887,-0.021991,0.00733,-0.617348,0.253639,9.997213
2934673,0.004887,-0.021991,0.002443,-0.698704,0.258425,9.935
2937673,0.00733,-0.012217,-0.002443,-0.789632,0.253639,9.868
2940673,0,-0.002443,-0.014661,-0.818345,0.291924,9.810574
2943673,-0.009774,0,-0.012217,-0.760918,0.325424,9.844072
2946677,-0.00733,-0.00733,-0.00733,-0.679562,0.306281,9.920643
2949678,0,-0.017104,0.004887,-0.583849,0.287139,10.054641
2952681,0.009774,-0.026878,0.012217,-0.598206,0.244068,10.035498
2955684,0.009774,-0.019548,0.009774,-0.679562,0.229711,10.006784
2958684,0.004887,-0.009774,-0.004887,-0.832702,0.267996,9.820145
2961686,-0.00733,0.002443,-0.009774,-0.832702,0.29671,9.781858
2964689,-0.014661,0.004887,-0.012217,-0.789632,0.306281,9.805787
2967689,-0.009774,-0.002443,-0.002443,-0.617348,0.320638,9.982857
2970691,0.002443,-0.026878,0.004887,-0.564706,0.277567,10.049855
2973691,0.009774,-0.026878,0.009774,-0.602991,0.248854,10.078569
2976692,0.012217,-0.024435,0.004887,-0.789632,0.272782,9.939785
2979694,0.002443,-0.004887,-0.004887,-0.832702,0.282353,9.829715
2982694,-0.00733,0,-0.012217,-0.847059,0.287139,9.753145
2985697,-0.012217,0.002443,-0.012217,-0.689133,0.315853,9.801002
2988697,0,-0.014661,-0.00733,-0.607777,0.287139,9.925428
2991700,0.004887,-0.021991,0.004887,-0.550349,0.258425,10.040284
2994701,0.009774,-0.029322,0.009774,-0.689133,0.234497,10.078569
2997704,0.00733,-0.019548,0.002443,-0.770489,0.267996,10.006784
3000704,-0.002443,-0.00733,-0.004887,-0.842274,0.272782,9.887143
3003707,-0.004887,0.002443,-0.017104,-0.794417,0.315853,9.729217
3006709,-0.009774,-0.004887,-0.009774,-0.698704,0.320638,9.777073
3009709,-0.002443,-0.017104,-0.004887,-0.617348,0.29671,9.9015
3012712,0.002443,-0.024435,0.009774,-0.559921,0.26321,10.073783
3015712,0.012217,-0.024435,0.00733,-0.693919,0.244068,10.08814
3018713,0.00733,-0.014661,0.004887,-0.770489,0.258425,10.021142
3021716,0.004887,-0.00733,-0.009774,-0.81356,0.291924,9.810574
3024716,-0.00733,-0.002443,-0.012217,-0.799203,0.311067,9.753145
3027718,-0.00733,-0.004887,-0.009774,-0.713061,0.33021,9.767502
3030718,-0.002443,-0.017104,0,-0.559921,0.272782,9.968499
3033720,0.002443,-0.026878,0.00733,-0.59342,0.239282,10.04507
3036722,0.009774,-0.021991,0.009774,-0.693919,0.244068,10.078569
3039724,0.00733,-0.014661,-0.004887,-0.81356,0.282353,9.935
3042725,-0.002443,0,-0.009774,-0.803988,0.287139,9.824929
3045726,-0.00733,0,-0.012217,-0.799203,0.315853,9.762717
3048729,-0.00733,-0.00733,-0.004887,-0.612563,0.29671,9.820145
3051730,0,-0.024435,0.002443,-0.59342,0.239282,9.925428
3054732,0.002443,-0.029322,0.009774,-0.622134,0.253639,10.021142
3057732,0.00733,-0.021991,0.004887,-0.775275,0.287139,10.054641
3060733,0,-0.002443,-0.002443,-0.799203,0.291924,9.958928
3063736,-0.002443,0,-0.012217,-0.799203,0.320638,9.877572
3066739,-0.00733,-0.625526,-0.012217,-0.70349,0.301496,9.777073
3069739,-0.004887,-0.017104,-0.002443,-0.607777,0.277567,9.829715
3072742,0.002443,-0.024435,0.002443,-0.579063,0.253639,9.911071
3075744,0.002443,-0.024435,0.00733,-0.70349,0.26321,10.059426
3078747,0.002443,-0.017104,0.002443,-0.751346,0.272782,10.025927
3081747,0,-0.004887,-0.004887,-0.784846,0.311067,9.963714
3084750,-0.002443,-0.625526,-0.009774,-0.756132,0.325424,9.824929
3087752,-0.004887,-0.00733,-0.00733,-0.679562,0.301496,9.796216
3090754,-0.004887,-0.017104,-0.002443,-0.62692,0.267996,9.844072
3093754,0,-0.021991,0.00733,-0.674776,0.248854,9.958928
3096755,0.004887,-0.021991,0.004887,-0.713061,0.282353,10.016356
3099795,0.004887,-0.014661,0,-0.756132,0.272782,9.997213
3102758,0,0.618196,-0.00733,-0.751346,0.29671,9.9015
3105759,0,0,-0.00733,-0.736989,0.306281,9.863214
3108761,0,-0.00733,-0.004887,-0.698704,0.311067,9.815358
3111763,0,-0.017104,0.002443,-0.646062,0.253639,9.896715
3114765,0.004887,-0.021991,0.004887,-0.679562,0.267996,9.944571
3117765,0.004887,-0.019548,0.002443,-0.717847,0.26321,9.997213
3120766,0,-0.014661,-0.004887,-0.756132,0.287139,9.958928
3123769,-0.004887,-0.004887,-0.00733,-0.751346,0.320638,9.896715
3126771,0,-0.00733,-0.00733,-0.732204,0.301496,9.863214
3129773,0,-0.009774,-0.002443,-0.655633,0.277567,9.872787
3132776,0.004887,-0.019548,0.002443,-0.660419,0.26321,9.906286
3135778,0.004887,-0.017104,0.002443,-0.693919,0.26321,9.939785
3138780,0,-0.012217,-0.002443,-0.732204,0.301496,9.944571
3141784,-0.002443,-0.009774,-0.00733,-0.727418,0.301496,9.949356
3144785,0,-0.00733,-0.004887,-0.732204,0.306281,9.887143
3147788,0,-0.012217,-0.004887,-0.684347,0.29671,9.872787
3150790,0,-0.014661,0,-0.689133,0.267996,9.906286
3153792,0.002443,-0.019548,0.002443,-0.698704,0.272782,9.935
3156793,0.002443,-0.009774,-0.002443,-0.732204,0.287139,9.949356
3159793,-0.002443,-0.009774,-0.004887,-0.727418,0.287139,9.939785
3162807,0.002443,-0.009774,-0.002443,-0.713061,0.291924,9.939785
3165798,0.002443,-0.017104,-0.004887,-0.70349,0.29671,9.925428
3168798,0.004887,-0.014661,0,-0.698704,0.29671,9.896715
3171799,0.004887,-0.012217,0,-0.693919,0.272782,9.911071
3174800,0,-0.012217,-0.002443,-0.736989,0.26321,9.9015
3177812,-0.004887,-0.009774,-0.002443,-0.732204,0.267996,9.896715
3180813,-0.002443,-0.012217,-0.004887,-0.713061,0.277567,9.925428
3183812,0,-0.014661,-0.002443,-0.693919,0.291924,9.944571
3186845,0.002443,-0.017104,-0.002443,-0.689133,0.287139,9.944571
3189819,0,-0.017104,-0.002443,-0.674776,0.287139,9.930214
3194136,0.004887,-0.00733,0,-0.708275,0.272782,9.882358
3196919,0,-0.00733,-0.004887,-0.736989,0.277567,9.848859
3200074,-0.004887,-0.009774,-0.004887,-0.722632,0.272782,9.877572
3202922,-0.004887,-0.014661,-0.002443,-0.713061,0.277567,9.915856
3205922,0,-0.019548,0,-0.684347,0.291924,9.997213
3208924,0.004887,-0.017104,0.004887,-0.679562,0.272782,9.987641
3211924,0.002443,-0.014661,0,-0.698704,0.272782,9.939785
3214983,0,-0.00733,-0.002443,-0.751346,0.291924,9.824929
3217928,-0.004887,-0.00733,-0.004887,-0.760918,0.291924,9.824929
3220928,-0.004887,-0.012217,-0.004887,-0.741775,0.301496,9.844072
3223929,-0.004887,-0.014661,0,-0.66999,0.282353,9.973285
3226933,0.004887,-0.019548,0,-0.665205,0.272782,10.030713
3229935,0.002443,-0.019548,0.002443,-0.66999,0.282353,10.025927
3232934,0.004887,-0.014661,0,-0.751346,0.287139,9.9015
3235934,0,-0.004887,-0.00733,-0.770489,0.315853,9.815358
3238936,-0.004887,-0.004887,-0.00733,-0.775275,0.287139,9.767502
3241937,-0.00733,-0.00733,-0.00733,-0.679562,0.277567,9.872787
3244974,-0.002443,-0.019548,0,-0.665205,0.282353,9.968499
3247941,0.002443,-0.021991,0,-0.636491,0.267996,10.049855
3250943,0.004887,-0.019548,0.002443,-0.689133,0.272782,10.04507
3253947,0.002443,-0.009774,-0.002443,-0.736989,0.282353,9.925428
3256948,0,-0.00733,-0.004887,-0.775275,0.301496,9.805787
3259953,-0.004887,-0.002443,-0.00733,-0.736989,0.291924,9.74836
3262954,-0.004887,-0.012217,-0.004887,-0.698704,0.29671,9.810574
3265954,0,-0.017104,0,-0.636491,0.272782,9.944571
3268957,-0.002443,-0.019548,0.002443,-0.655633,0.253639,10.083356
3271956,0.004887,-0.014661,0,-0.674776,0.244068,10.073783
3274960,0.002443,-0.009774,-0.002443,-0.736989,0.291924,9.963714
3277960,0,-0.004887,-0.00733,-0.765703,0.320638,9.762717
3280963,-0.00733,-0.004887,-0.004887,-0.741775,0.29671,9.729217
3283964,0,-0.012217,-0.004887,-0.70349,0.311067,9.786645
3286967,-0.002443,-0.017104,0.002443,-0.612563,0.267996,10.025927
3289968,0.004887,-0.021991,0.002443,-0.622134,0.258425,10.08814
3292970,0.004887,-0.017104,0.002443,-0.693919,0.287139,10.083356
3295971,0.002443,-0.009774,-0.002443,-0.784846,0.291924,9.887143
3298972,0,-0.002443,-0.00733,-0.794417,0.301496,9.801002
3301985,-0.002443,-0.004887,-0.00733,-0.760918,0.325424,9.757931
3304977,-0.004887,-0.009774,0.623083,-0.655633,0.287139,9.848859
3307977,0,-0.024435,0.004887,-0.62692,0.26321,9.968499
3310980,0.004887,-0.024435,0.004887,-0.641276,0.258425,10.08814
3313982,0.004887,-0.017104,0.002443,-0.760918,0.277567,10.021142
3316984,-0.002443,-0.002443,-0.00733,-0.770489,0.306281,9.939785
3319985,-0.002443,0,-0.009774,-0.784846,0.344566,9.844072
3322987,-0.002443,-0.00733,-0.004887,-0.689133,0.315853,9.753145
3325988,0,-0.017104,0.002443,-0.631705,0.26321,9.815358
3328990,0.002443,-0.021991,0.004887,-0.612563,0.272782,9.925428
3331991,0.004887,-0.024435,0.00733,-0.693919,0.234497,10.068997
3334994,0.002443,-0.012217,-0.002443,-0.756132,0.26321,10.054641
3337996,0,-0.002443,-0.00733,-0.775275,0.287139,9.949356
3340998,-0.002443,0,-0.009774,-0.746561,0.334995,9.805787
3344001,-0.002443,-0.012217,-0.004887,-0.70349,0.306281,9.781858
3347002,0.002443,-0.021991,0.002443,-0.62692,0.306281,9.815358
3350003,0.002443,-0.026878,0.002443,-0.646062,0.239282,9.954143
3353005,0.002443,-0.017104,0.002443,-0.70349,0.244068,10.021142
3356007,0.002443,-0.009774,-0.002443,-0.760918,0.277567,10.030713
3359010,0,-0.002443,-0.00733,-0.78006,0.320638,9.915856
3362013,-0.004887,-0.002443,-0.009774,-0.751346,0.344566,9.834501
3365015,0,-0.012217,-0.004887,-0.693919,0.325424,9.805787
3368018,0.004887,-0.019548,0.002443,-0.62692,0.258425,9.853643
3371018,0.00733,-0.024435,0.004887,-0.641276,0.248854,9.939785
3374021,0.002443,-0.021991,0.004887,-0.693919,0.244068,9.987641
3377022,0.002443,-0.012217,-0.00733,-0.789632,0.272782,9.987641
3380023,-0.00733,0,-0.012217,-0.775275,0.320638,9.939785
3383026,-0.002443,-0.002443,-0.009774,-0.746561,0.325424,9.872787
3386027,-0.004887,-0.009774,-0.002443,-0.62692,0.29671,9.839287
3389029,0.002443,-0.024435,0.004887,-0.602991,0.287139,9.863214
3392032,0.002443,-0.021991,0.009774,-0.646062,0.248854,9.906286
3395034,0.004887,-0.019548,0,-0.756132,0.277567,9.968499
3398037,-0.004887,-0.002443,-0.00733,-0.765703,0.277567,9.968499
3401038,-0.002443,0,-0.009774,-0.784846,0.311067,9.958928
3404039,-0.004887,-0.002443,-0.004887,-0.66999,0.334995,9.9015
3407040,0.002443,-0.014661,0,-0.62692,0.291924,9.872787
3410043,0.004887,-0.021991,0.004887,-0.62692,0.26321,9.891929
3413044,0.004887,-0.021991,0.00733,-0.717847,0.253639,9.935
3416046,0,-0.012217,0.002443,-0.736989,0.267996,9.939785
3419048,0,-0.002443,-0.004887,-0.760918,0.277567,9.925428
3422049,-0.004887,-0.002443,-0.009774,-0.727418,0.311067,9.935
3425051,-0.002443,-0.009774,-0.00733,-0.698704,0.325424,9.915856
3428057,0,-0.012217,-0.002443,-0.646062,0.29671,9.920643
3431056,0.002443,-0.019548,0.00733,-0.660419,0.258425,9.9015
3434059,0.00733,-0.017104,0.002443,-0.708275,0.258425,9.882358
3437059,0,-0.014661,0,-0.746561,0.258425,9.896715
3440062,-0.004887,-0.004887,-0.00733,-0.741775,0.287139,9.906286
3443071,0,-0.00733,-0.009774,-0.727418,0.301496,9.911071
3446073,0,-0.009774,-0.004887,-0.70349,0.306281,9.949356
3449077,0.002443,-0.014661,0,-0.674776,0.287139,9.920643
3452079,0.002443,-0.017104,0.004887,-0.689133,0.26321,9.935
3455081,0.002443,-0.014661,0.002443,-0.698704,0.258425,9.906286
3458083,0.004887,-0.014661,-0.004887,-0.732204,0.282353,9.891929
3461087,-0.002443,-0.009774,-0.004887,-0.717847,0.287139,9.9015
3464089,-0.002443,-0.009774,-0.00733,-0.70349,0.29671,9.935
3467092,-0.002443,-0.009774,-0.002443,-0.66999,0.282353,9.954143
3470092,0.004887,-0.017104,0.002443,-0.693919,0.287139,9.939785
3473093,0.002443,-0.014661,0,-0.698704,0.282353,9.915856
3476097,0,-0.014661,-0.002443,-0.713061,0.253639,9.877572
3479100,0.002443,-0.012217,-0.002443,-0.727418,0.277567,9.85843
3482102,-0.004887,-0.009774,-0.004887,-0.693919,0.29671,9.887143
3485110,0,-0.012217,0,-0.689133,0.291924,9.954143
3488112,0,-0.014661,0.002443,-0.713061,0.291924,9.973285
3491113,0,-0.014661,0,-0.708275,0.282353,9.958928
3494116,0,-0.014661,-0.002443,-0.736989,0.291924,9.891929
3497118,0.002443,-0.012217,-0.002443,-0.713061,0.277567,9.868
3501429,0,-0.014661,-0.002443,-0.693919,0.301496,9.863214
3504207,0.002443,-0.017104,-0.002443,-0.679562,0.287139,9.944571
3507208,0.002443,-0.014661,-0.002443,-0.679562,0.287139,9.973285
3510210,0.002443,-0.012217,-0.002443,-0.732204,0.306281,9.963714
3513213,0,-0.012217,-0.002443,-0.727418,0.282353,9.911071
3516215,-0.002443,-0.009774,-0.004887,-0.741775,0.29671,9.853643
3519218,0.002443,-0.014661,-0.002443,-0.679562,0.282353,9.877572
3522220,0.002443,-0.017104,0,-0.650848,0.282353,9.911071
3525221,0,-0.017104,0,-0.66999,0.26321,9.963714
3528225,0.002443,-0.012217,0,-0.689133,0.272782,9.982857
3531227,0,-0.009774,-0.002443,-0.717847,0.282353,9.954143
3534229,0,-0.009774,-0.004887,-0.746561,0.287139,9.853643
3537233,-0.002443,-0.009774,-0.002443,-0.717847,0.291924,9.848859
3540233,0,-0.012217,-0.002443,-0.708275,0.282353,9.872787
3543235,0.002443,-0.017104,0.002443,-0.693919,0.282353,9.958928
3546237,-0.002443,-0.017104,0,-0.650848,0.258425,9.982857
3549238,0,-0.012217,-0.002443,-0.70349,0.277567,9.978071
3552242,-0.002443,-0.009774,-0.002443,-0.717847,0.29671,9.9015
3555242,-0.002443,-0.009774,-0.002443,-0.756132,0.320638,9.844072
3558243,0,-0.014661,0,-0.727418,0.29671,9.844072
3561245,0,-0.014661,-0.002443,-0.689133,0.287139,9.9015
3564248,0.002443,-0.019548,0.002443,-0.665205,0.272782,9.963714
3567249,0.002443,-0.017104,0.002443,-0.646062,0.258425,10.016356
3570250,0,-0.014661,-0.002443,-0.70349,0.282353,9.949356
3573253,-0.002443,-0.004887,-0.009774,-0.741775,0.301496,9.9015
3576255,-0.004887,-0.00733,-0.004887,-0.765703,0.306281,9.85843
3579256,0,-0.012217,-0.002443,-0.732204,0.29671,9.844072
3582258,0.002443,-0.017104,0,-0.655633,0.287139,9.882358
3585261,0.004887,-0.019548,0.004887,-0.62692,0.272782,9.954143
3588263,0.002443,-0.019548,0.002443,-0.674776,0.258425,9.997213
3591265,0,-0.00733,-0.002443,-0.708275,0.267996,9.963714
3594268,-0.002443,-0.004887,-0.009774,-0.770489,0.306281,9.925428
3597269,-0.002443,-0.00733,-0.009774,-0.751346,0.315853,9.839287
3600310,0,-0.012217,-0.002443,-0.70349,0.311067,9.834501
3603273,0.002443,-0.019548,0,-0.660419,0.291924,9.891929
3606275,0.004887,-0.019548,0.004887,-0.636491,0.248854,9.987641
3609277,0.004887,-0.014661,0,-0.679562,0.248854,10.006784
3612279,0,-0.00733,-0.002443,-0.736989,0.277567,9.963714
3615280,-0.002443,-0.002443,-0.004887,-0.765703,0.306281,9.882358
3618282,-0.002443,-0.00733,-0.00733,-0.756132,0.325424,9.844072
3621285,-0.002443,-0.012217,-0.002443,-0.717847,0.325424,9.848859
3624287,0.002443,-0.017104,0.002443,-0.631705,0.287139,9.925428
3627289,0.00733,-0.024435,0.004887,-0.646062,0.272782,9.978071
3630292,0.002443,-0.017104,0.002443,-0.689133,0.253639,9.978071
3633293,0,-0.012217,0,-0.775275,0.282353,9.939785
3636296,-0.002443,-0.004887,-0.009774,-0.775275,0.320638,9.9015
3639297,-0.004887,-0.004887,-0.00733,-0.751346,0.325424,9.844072
3642300,-0.004887,-0.012217,-0.002443,-0.641276,0.301496,9.896715
3645302,0.002443,-0.021991,0.004887,-0.612563,0.272782,9.930214
3648304,0.004887,-0.021991,0.004887,-0.646062,0.253639,9.944571
3651307,0.004887,-0.019548,0.002443,-0.751346,0.258425,9.963714
3654309,-0.002443,-0.002443,-0.00733,-0.78006,0.282353,9.935
3657311,-0.004887,0,-0.009774,-0.775275,0.306281,9.906286
3660314,-0.002443,-0.002443,-0.009774,-0.693919,0.320638,9.887143
3663315,0.002443,-0.017104,0,-0.62692,0.291924,9.887143
3666317,0.00733,-0.019548,0.002443,-0.62692,0.282353,9.920643
3669319,0.004887,-0.021991,0.00733,-0.693919,0.239282,9.935
3672320,0,-0.012217,0,-0.732204,0.258425,9.935
3675324,-0.002443,-0.004887,-0.00733,-0.770489,0.26321,9.925428
3678325,-0.004887,0,-0.009774,-0.746561,0.311067,9.896715
3681327,-0.004887,-0.009774,-0.00733,-0.689133,0.320638,9.9015
3684328,0,-0.017104,-0.002443,-0.655633,0.33021,9.906286
3687331,0.00733,-0.019548,0.004887,-0.660419,0.253639,9.930214
3690332,0.00733,-0.019548,0.00733,-0.684347,0.248854,9.925428
3693334,0.004887,-0.012217,0,-0.732204,0.244068,9.920643
3696337,-0.002443,-0.00733,-0.004887,-0.765703,0.29671,9.896715
3699340,-0.004887,-0.004887,-0.009774,-0.746561,0.29671,9.896715
3702343,-0.002443,-0.012217,-0.00733,-0.689133,0.315853,9.915856
3705346,0,-0.019548,0.623083,-0.641276,0.291924,9.954143
3708347,0.002443,-0.024435,0.004887,-0.646062,0.267996,9.925428
3711352,0.002443,-0.019548,0.004887,-0.698704,0.239282,9.915856
3714352,0.004887,-0.012217,-0.625526,-0.770489,0.282353,9.868
3717354,-0.004887,-0.004887,-0.009774,-0.775275,0.291924,9.882358
3720358,-0.004887,-0.004887,-0.00733,-0.736989,0.291924,9.882358
3723360,-0.004887,-0.009774,-0.00733,-0.655633,0.306281,9.925428
3726362,0.004887,-0.019548,0.002443,-0.641276,0.29671,9.954143
3729366,0.004887,-0.021991,0.004887,-0.66999,0.258425,9.949356
3732366,0.004887,-0.019548,0.004887,-0.741775,0.272782,9.891929
3735366,-0.002443,-0.00733,-0.002443,-0.741775,0.311067,9.872787
3738370,-0.004887,-0.002443,-0.00733,-0.732204,0.291924,9.868
3741371,-0.004887,-0.00733,-0.009774,-0.70349,0.301496,9.911071
3744372,0,-0.014661,-0.004887,-0.660419,0.291924,9.958928
3747375,0.002443,-0.019548,0.002443,-0.66999,0.306281,9.992428
3750375,0.00733,-0.017104,0.004887,-0.70349,0.277567,9.935
3753377,0.002443,-0.014661,0,-0.717847,0.277567,9.887143
3756380,0,-0.012217,-0.002443,-0.741775,0.277567,9.844072
3759382,0,-0.009774,-0.00733,-0.727418,0.29671,9.872787
3762384,-0.002443,-0.009774,-0.004887,-0.70349,0.29671,9.915856
3765384,0,-0.014661,0,-0.66999,0.282353,9.949356
3768387,0.002443,-0.019548,0.002443,-0.698704,0.277567,9.978071
3771390,0.002443,-0.014661,0,-0.717847,0.277567,9.949356
3774391,0.002443,-0.012217,0,-0.693919,0.287139,9.911071
3777394,0,-0.009774,-0.004887,-0.70349,0.287139,9.824929
3780396,0,-0.009774,-0.002443,-0.70349,0.29671,9.853643
3783401,-0.004887,-0.014661,0,-0.70349,0.282353,9.882358
3786403,-0.002443,-0.014661,0,-0.708275,0.301496,9.973285
3789404,0.002443,-0.012217,-0.002443,-0.713061,0.301496,9.963714
3792406,0.002443,-0.012217,-0.002443,-0.717847,0.258425,9.939785
3795407,0.002443,-0.012217,-0.002443,-0.717847,0.301496,9.877572
3798408,0,-0.014661,-0.002443,-0.698704,0.291924,9.863214
3801409,0,-0.012217,-0.002443,-0.679562,0.301496,9.863214
3804410,0,-0.014661,0,-0.717847,0.282353,9.930214
3808460,0.002443,-0.012217,0,-0.722632,0.291924,9.939785
3811238,0,-0.009774,-0.002443,-0.722632,0.291924,9.939785
3814239,0,-0.012217,-0.004887,-0.727418,0.287139,9.925428
3817250,0,-0.014661,-0.002443,-0.708275,0.306281,9.920643
3820244,0.002443,-0.012217,0,-0.689133,0.272782,9.891929
3823246,0,-0.012217,0,-0.689133,0.272782,9.906286
3826247,0,-0.012217,-0.002443,-0.70349,0.272782,9.911071
3829249,0,-0.009774,-0.002443,-0.736989,0.287139,9.911071
3832251,-0.002443,-0.009774,-0.004887,-0.722632,0.282353,9.930214
3835254,-0.002443,-0.012217,-0.004887,-0.717847,0.301496,9.906286
3838255,0,-0.014661,0,-0.693919,0.301496,9.930214
3841257,0.002443,-0.014661,0,-0.665205,0.282353,9.911071
3844259,-0.002443,-0.014661,0,-0.679562,0.272782,9.930214
3847262,0.002443,-0.014661,-0.00733,-0.713061,0.272782,9.896715
3850265,-0.004887,-0.009774,-0.004887,-0.736989,0.258425,9.906286
3853265,-0.004887,-0.009774,-0.004887,-0.732204,0.287139,9.9015
3856268,-0.002443,-0.012217,0,-0.708275,0.311067,9.930214
3859270,0.002443,-0.017104,0,-0.684347,0.287139,9.954143
3862274,0.002443,-0.019548,0.004887,-0.665205,0.26321,9.958928
3865274,0.004887,-0.014661,-0.002443,-0.66999,0.26321,9.911071
3868275,0,-0.009774,-0.002443,-0.732204,0.267996,9.906286
3871277,-0.002443,-0.009774,-0.00733,-0.746561,0.287139,9.872787
3874279,-0.002443,-0.00733,-0.004887,-0.746561,0.306281,9.911071
3877280,0,-0.014661,-0.002443,-0.727418,0.315853,9.930214
3880281,0,-0.014661,0,-0.66999,0.29671,9.944571
3883284,0.002443,-0.019548,0.002443,-0.66999,0.26321,9.949356
3886284,0.004887,-0.017104,0,-0.689133,0.248854,9.911071
3889287,0,-0.009774,-0.004887,-0.717847,0.272782,9.906286
3892290,-0.002443,-0.002443,-0.00733,-0.746561,0.282353,9.863214
3895293,-0.00733,-0.009774,-0.004887,-0.736989,0.301496,9.877572
3898294,-0.004887,-0.014661,-0.004887,-0.708275,0.315853,9.949356
3901297,0.002443,-0.017104,0.002443,-0.641276,0.287139,9.992428
3904299,0.004887,-0.019548,0.002443,-0.655633,0.272782,9.968499
3907302,0.004887,-0.012217,-0.002443,-0.70349,0.258425,9.911071
3910304,0.002443,-0.00733,-0.00733,-0.741775,0.267996,9.882358
3913306,-0.004887,-0.00733,-0.00733,-0.751346,0.306281,9.85843
3916309,-0.00733,-0.00733,-0.004887,-0.765703,0.325424,9.906286
3919311,-0.002443,-0.017104,0,-0.66999,0.306281,9.944571
3922313,0.004887,-0.017104,0,-0.646062,0.29671,9.973285
3925316,0.004887,-0.019548,0.002443,-0.660419,0.282353,9.968499
3928318,0.004887,-0.012217,-0.002443,-0.717847,0.253639,9.920643
3931320,0,-0.004887,-0.009774,-0.736989,0.267996,9.868
3934322,-0.002443,-0.004887,-0.00733,-0.751346,0.291924,9.848859
3937324,-0.004887,-0.012217,0,-0.708275,0.325424,9.9015
3940326,0,-0.019548,0,-0.665205,0.306281,9.930214
3943328,0.004887,-0.019548,0.002443,-0.646062,0.287139,9.982857
3946331,0.004887,-0.014661,0.002443,-0.674776,0.244068,9.963714
3949333,0.004887,-0.012217,0,-0.732204,0.26321,9.935
3952335,0,-0.009774,-0.004887,-0.770489,0.277567,9.839287
3955338,-0.004887,-0.00733,-0.00733,-0.746561,0.320638,9.839287
3958338,0,-0.012217,-0.002443,-0.70349,0.320638,9.887143
3961339,0.002443,-0.017104,0,-0.674776,0.306281,9.968499
3964341,0.004887,-0.019548,0.002443,-0.665205,0.258425,9.992428
3967343,0.00733,-0.014661,0.002443,-0.689133,0.253639,9.978071
3970345,0,-0.009774,-0.002443,-0.722632,0.253639,9.882358
3973351,0,-0.004887,-0.00733,-0.765703,0.291924,9.85843
3976352,-0.004887,-0.00733,-0.004887,-0.741775,0.315853,9.839287
3979352,-0.002443,-0.012217,-0.004887,-0.717847,0.320638,9.920643
3982351,0.002443,-0.021991,0,-0.655633,0.29671,9.968499
3985354,0.004887,-0.019548,0.004887,-0.650848,0.29671,9.978071
3988355,0.004887,-0.014661,0,-0.684347,0.272782,9.958928
3991356,-0.625526,-0.004887,-0.004887,-0.756132,0.272782,9.882358
3994358,-0.002443,-0.004887,-0.009774,-0.736989,0.306281,9.853643
3997359,0,-0.00733,-0.009774,-0.713061,0.301496,9.882358
4000359,0,-0.017104,0,-0.679562,0.301496,9.906286
4003362,0.004887,-0.019548,0.002443,-0.655633,0.29671,9.968499
4006365,0.002443,-0.019548,0.002443,-0.650848,0.272782,9.973285
4009367,0.002443,-0.009774,-0.002443,-0.713061,0.282353,9.939785
4012369,0,-0.004887,-0.004887,-0.736989,0.282353,9.911071
4015373,0,-0.002443,-0.004887,-0.746561,0.311067,9.863214
4018372,-0.002443,-0.012217,-0.004887,-0.698704,0.311067,9.877572
4021374,0,-0.019548,-0.002443,-0.66999,0.282353,9.920643
4024374,0,-0.019548,0,-0.679562,0.267996,9.968499
4027377,0.002443,-0.017104,0,-0.689133,0.277567,9.973285
4030378,0,-0.009774,-0.002443,-0.722632,0.287139,9.954143
4033379,0,-0.00733,-0.00733,-0.746561,0.287139,9.844072
4036382,0.623083,-0.00733,-0.004887,-0.727418,0.301496,9.839287
4039384,-0.002443,-0.014661,-0.002443,-0.693919,0.29671,9.887143
4042384,0,-0.019548,0,-0.66999,0.282353,9.944571
4045396,0.004887,-0.017104,0.002443,-0.693919,0.277567,9.973285
4048390,0.004887,-0.014661,-0.002443,-0.70349,0.277567,9.992428
4051390,0.002443,-0.012217,-0.004887,-0.717847,0.287139,9.911071
4054391,0.002443,-0.00733,-0.00733,-0.732204,0.29671,9.896715
4057394,0,-0.009774,-0.002443,-0.708275,0.320638,9.848859
4060397,0,-0.012217,-0.002443,-0.693919,0.29671,9.896715
4063403,0.623083,-0.019548,0,-0.684347,0.287139,9.9015
4066404,0.002443,-0.014661,0,-0.689133,0.267996,9.944571
4069406,0.002443,-0.014661,-0.002443,-0.684347,0.248854,9.944571
4072407,0,-0.009774,-0.002443,-0.727418,0.277567,9.925428
4075408,0,-0.009774,-0.002443,-0.722632,0.320638,9.877572
4078409,0.002443,-0.009774,-0.002443,-0.713061,0.315853,9.882358
4081410,-0.623083,-0.014661,0.002443,-0.693919,0.287139,9.906286
4084410,-0.002443,-0.014661,0,-0.693919,0.26321,9.930214
4087411,-0.002443,-0.014661,0.002443,-0.70349,0.282353,9.958928
4090411,0.002443,-0.012217,-0.004887,-0.717847,0.287139,9.949356
4093412,0,-0.012217,-0.004887,-0.713061,0.311067,9.949356
4096414,0,-0.012217,-0.002443,-0.717847,0.315853,9.877572
4099417,0.002443,-0.014661,0,-0.698704,0.29671,9.872787
4102419,0.002443,-0.012217,0,-0.708275,0.277567,9.906286
4105420,0.002443,-0.014661,-0.002443,-0.698704,0.272782,9.915856
4108482,-0.002443,-0.012217,-0.002443,-0.70349,0.272782,9.935
4111422,0,-0.012217,-0.002443,-0.727418,0.282353,9.949356
4115919,0,-0.012217,-0.002443,-0.722632,0.320638,9.925428
4118697,0.002443,-0.014661,-0.002443,-0.708275,0.301496,9.911071
4121700,0.002443,-0.014661,0,-0.713061,0.258425,9.891929
4124701,0,-0.012217,0,-0.708275,0.272782,9.863214
4127704,0.002443,-0.012217,-0.004887,-0.70349,0.277567,9.877572
4130706,0,-0.012217,-0.002443,-0.70349,0.267996,9.935
4133707,0,-0.012217,-0.002443,-0.693919,0.301496,9.963714
4136709,0.002443,-0.012217,0,-0.698704,0.29671,9.968499
4139711,0.002443,-0.017104,-0.002443,-0.70349,0.311067,9.930214
4142711,0.002443,-0.012217,0,-0.698704,0.277567,9.896715
4145715,0.002443,-0.012217,-0.004887,-0.70349,0.26321,9.872787
4148718,-0.002443,-0.009774,-0.004887,-0.713061,0.282353,9.887143
4151719,0,-0.012217,-0.002443,-0.708275,0.272782,9.9015
4154721,0,-0.012217,-0.002443,-0.70349,0.29671,9.992428
4157724,0.002443,-0.014661,0.002443,-0.70349,0.282353,9.968499
4160725,0.002443,-0.014661,0,-0.684347,0.267996,9.958928
4163728,0.002443,-0.017104,-0.002443,-0.698704,0.277567,9.872787
4166728,0,-0.009774,-0.002443,-0.713061,0.272782,9.829715
4169731,-0.002443,-0.00733,-0.004887,-0.713061,0.301496,9.844072
4172732,-0.002443,-0.012217,-0.002443,-0.717847,0.291924,9.944571
4175732,0,-0.017104,0,-0.698704,0.29671,9.968499
4178734,0.002443,-0.017104,0,-0.698704,0.287139,9.992428
4181736,0.004887,-0.017104,0,-0.684347,0.287139,9.930214
4184737,0.002443,-0.009774,-0.002443,-0.713061,0.267996,9.882358
4187738,0,-0.009774,-0.004887,-0.717847,0.277567,9.820145
4190740,-0.002443,-0.009774,-0.004887,-0.727418,0.287139,9.844072
4193742,-0.004887,-0.014661,-0.002443,-0.708275,0.291924,9.911071
4196742,0,-0.014661,0,-0.689133,0.29671,9.963714
4199824,0,-0.014661,0,-0.679562,0.287139,9.987641
4202746,0.002443,-0.014661,-0.002443,-0.693919,0.277567,9.963714
4205748,0,-0.009774,-0.004887,-0.713061,0.291924,9.9015
4208751,0,-0.00733,-0.004887,-0.722632,0.272782,9.815358
4211755,-0.002443,-0.009774,-0.002443,-0.741775,0.287139,9.839287
4214756,0,-0.012217,-0.002443,-0.698704,0.301496,9.891929
4217758,0,-0.014661,0.002443,-0.674776,0.29671,10.001998
4220761,0.002443,-0.017104,-0.002443,-0.684347,0.277567,10.016356
4223761,0.002443,-0.012217,-0.002443,-0.693919,0.272782,9.987641
4226764,0.002443,-0.00733,-0.004887,-0.70349,0.287139,9.868
4229767,0,-0.009774,-0.004887,-0.746561,0.287139,9.824929
4232769,0,-0.009774,-0.002443,-0.741775,0.301496,9.829715
4235771,0,-0.012217,0,-0.708275,0.311067,9.925428
4238772,0,-0.014661,0.004887,-0.665205,0.282353,9.982857
4241775,0.004887,-0.014661,0.002443,-0.665205,0.258425,9.992428
4244775,0.002443,-0.014661,-0.002443,-0.689133,0.282353,9.944571
4247776,0,-0.00733,-0.00733,-0.751346,0.29671,9.906286
4250780,-0.002443,-0.00733,-0.004887,-0.732204,0.287139,9.824929
4253780,-0.002443,-0.012217,-0.002443,-0.736989,0.29671,9.853643
4256783,0.623083,-0.017104,0,-0.66999,0.282353,9.896715
4259785,0.002443,-0.017104,0.002443,-0.665205,0.267996,9.963714
4262785,0.002443,-0.017104,0.002443,-0.679562,0.272782,9.982857
4265786,0,-0.00733,-0.002443,-0.727418,0.267996,9.958928
4268787,0,-0.00733,-0.004887,-0.741775,0.29671,9.9015
4271789,0,-0.00733,-0.00733,-0.722632,0.29671,9.844072
4274792,0,-0.014661,-0.002443,-0.713061,0.306281,9.844072
4277805,-0.002443,-0.017104,0,-0.689133,0.287139,9.896715
4280797,0,-0.019548,0.002443,-0.66999,0.272782,9.973285
4283800,-0.625526,-0.014661,-0.002443,-0.693919,0.253639,9.987641
4286800,0,-0.009774,-0.004887,-0.708275,0.291924,9.968499
4289802,0,-0.00733,-0.002443,-0.756132,0.29671,9.887143
4292812,0.623083,-0.012217,-0.004887,-0.732204,0.306281,9.839287
4295812,0.002443,-0.014661,0,-0.717847,0.29671,9.863214
4298812,0,-0.017104,0,-0.689133,0.291924,9.925428
4301813,0,-0.014661,0,-0.674776,0.272782,9.963714
4304815,0,-0.012217,0,-0.698704,0.258425,9.978071
4307820,-0.002443,-0.00733,-0.002443,-0.708275,0.282353,9.949356
4310823,-0.004887,-0.00733,-0.002443,-0.746561,0.311067,9.9015
4313824,0,-0.012217,-0.004887,-0.741775,0.306281,9.872787
4316824,0,-0.014661,0,-0.717847,0.301496,9.9015
4319826,0,-0.019548,0,-0.674776,0.267996,9.896715
4322828,0,-0.019548,0,-0.66999,0.282353,9.944571
4325830,0.002443,-0.014661,0,-0.698704,0.272782,9.949356
4328831,-0.002443,-0.004887,-0.004887,-0.713061,0.291924,9.935
4331836,-0.002443,-0.00733,-0.00733,-0.751346,0.306281,9.9015
4334836,0,-0.012217,-0.004887,-0.736989,0.306281,9.877572
4337835,0,-0.017104,0,-0.684347,0.287139,9.882358
4340837,0.002443,-0.019548,0.002443,-0.674776,0.272782,9.896715
4343839,0.004887,-0.017104,0,-0.689133,0.258425,9.939785
4346841,0,-0.009774,-0.004887,-0.713061,0.272782,9.930214
4349843,-0.002443,-0.00733,-0.004887,-0.732204,0.282353,9.925428
4352845,0.002443,-0.012217,-0.004887,-0.751346,0.301496,9.906286
4355846,0,-0.012217,0,-0.70349,0.287139,9.9015
4358850,0.002443,-0.014661,-0.002443,-0.708275,0.291924,9.906286
4361850,0.002443,-0.017104,0,-0.684347,0.258425,9.925428
4364853,0.002443,-0.014661,0,-0.679562,0.287139,9.930214
4367854,-0.002443,-0.012217,0,-0.708275,0.282353,9.915856
4370857,0,-0.009774,-0.002443,-0.727418,0.315853,9.906286
4373859,0,-0.012217,-0.002443,-0.722632,0.315853,9.911071
4376860,-0.002443,-0.012217,-0.002443,-0.713061,0.306281,9.896715
4379861,0.002443,-0.014661,0,-0.689133,0.287139,9.906286
4382862,0.002443,-0.017104,-0.002443,-0.674776,0.258425,9.915856
4385865,0,-0.012217,-0.002443,-0.708275,0.26321,9.9015
4388866,0,-0.012217,-0.004887,-0.713061,0.287139,9.939785
4391866,0,-0.009774,-0.004887,-0.717847,0.301496,9.935
4394870,0.002443,-0.012217,-0.002443,-0.732204,0.306281,9.939785
4397870,0.002443,-0.014661,0,-0.722632,0.291924,9.915856
4400872,0,-0.014661,-0.002443,-0.708275,0.277567,9.906286
4403875,0.002443,-0.014661,-0.002443,-0.698704,0.267996,9.887143
4406875,0,-0.012217,-0.002443,-0.698704,0.282353,9.9015
4409877,0,-0.012217,-0.004887,-0.70349,0.291924,9.925428
4412880,0,-0.012217,-0.002443,-0.708275,0.291924,9.958928
4415881,0.002443,-0.012217,0,-0.713061,0.291924,9.949356
4418882,0,-0.012217,0,-0.693919,0.267996,9.915856
4422953,0,-0.012217,0,-0.708275,0.272782,9.906286
4425730,0,-0.009774,-0.002443,-0.693919,0.272782,9.891929
4428733,0,-0.012217,-0.002443,-0.689133,0.26321,9.896715
4431734,0,-0.012217,-0.002443,-0.698704,0.282353,9.939785
4434734,0,-0.014661,0,-0.693919,0.29671,9.954143
4437736,0.002443,-0.014661,0,-0.693919,0.29671,9.944571
4440740,0.002443,-0.012217,0,-0.70349,0.291924,9.925428
4443742,0,-0.009774,-0.002443,-0.708275,0.267996,9.877572
4446744,0,-0.012217,-0.002443,-0.698704,0.267996,9.868
4449747,-0.002443,-0.009774,0,-0.698704,0.301496,9.906286
4452749,0,-0.014661,-0.002443,-0.689133,0.287139,9.930214
4455750,-0.002443,-0.012217,-0.002443,-0.693919,0.29671,9.954143
4458753,0.002443,-0.012217,-0.002443,-0.717847,0.287139,9.930214
4461753,0.002443,-0.014661,-0.004887,-0.717847,0.272782,9.906286
4464754,0,-0.012217,-0.002443,-0.70349,0.277567,9.891929
4467756,0,-0.012217,-0.002443,-0.713061,0.287139,9.877572
4470758,0,-0.017104,0,-0.722632,0.287139,9.911071
4473762,0.002443,-0.017104,-0.002443,-0.693919,0.287139,9.949356
4476762,0,-0.012217,-0.002443,-0.693919,0.291924,9.958928
4479763,0,-0.012217,-0.002443,-0.693919,0.272782,9.949356
4482766,0.004887,-0.012217,-0.002443,-0.70349,0.291924,9.906286
4485768,0.002443,-0.012217,0,-0.732204,0.287139,9.863214
4488771,0.002443,-0.012217,-0.002443,-0.708275,0.277567,9.85843
4491772,-0.002443,-0.014661,-0.002443,-0.717847,0.282353,9.891929
4494771,0,-0.014661,0,-0.689133,0.287139,9.963714
4497773,0.002443,-0.012217,0,-0.66999,0.267996,9.982857
4500776,0.002443,-0.009774,-0.002443,-0.722632,0.282353,9.958928
4503775,0,-0.009774,-0.004887,-0.717847,0.287139,9.882358
4506779,0,-0.012217,-0.002443,-0.717847,0.306281,9.872787
4509782,-0.002443,-0.012217,-0.002443,-0.741775,0.291924,9.848859
4512782,0.002443,-0.014661,-0.002443,-0.684347,0.272782,9.939785
4515784,0,-0.014661,-0.002443,-0.66999,0.277567,9.949356
4518787,0.002443,-0.014661,-0.002443,-0.679562,0.272782,9.968499
4521788,0.002443,-0.012217,-0.002443,-0.708275,0.282353,9.939785
4524791,0,-0.009774,-0.004887,-0.732204,0.282353,9.930214
4527797,0,-0.009774,-0.004887,-0.736989,0.287139,9.891929
4530807,-0.002443,-0.012217,-0.002443,-0.693919,0.29671,9.863214
4533797,0,-0.017104,0.002443,-0.698704,0.29671,9.896715
4536799,0,-0.017104,0,-0.679562,0.282353,9.939785
4539801,0.002443,-0.017104,-0.002443,-0.684347,0.267996,9.982857
4542811,-0.002443,-0.009774,-0.002443,-0.717847,0.287139,9.954143
4545812,0,-0.009774,-0.004887,-0.732204,0.282353,9.920643
4548811,0,-0.009774,-0.002443,-0.722632,0.315853,9.877572
4551813,-0.002443,-0.017104,0,-0.70349,0.315853,9.868
4554815,0.002443,-0.017104,0,-0.693919,0.287139,9.896715
4557818,0.002443,-0.017104,0,-0.646062,0.267996,9.954143
4560820,-0.002443,-0.009774,-0.002443,-0.689133,0.272782,9.954143
4563821,-0.004887,-0.009774,-0.004887,-0.70349,0.267996,9.958928
4566824,-0.002443,-0.009774,-0.004887,-0.741775,0.301496,9.911071
4569824,0,-0.012217,-0.004887,-0.746561,0.306281,9.891929
4572826,0.002443,-0.014661,-0.002443,-0.713061,0.29671,9.868
4575828,0.004887,-0.019548,0.002443,-0.674776,0.277567,9.930214
4578830,0.002443,-0.017104,0,-0.665205,0.248854,9.944571
4581836,0,-0.014661,-0.002443,-0.693919,0.267996,9.935
4584836,0,-0.009774,-0.004887,-0.727418,0.29671,9.911071
4587836,-0.004887,-0.00733,-0.004887,-0.746561,0.29671,9.930214
4590836,-0.002443,-0.012217,0,-0.732204,0.311067,9.906286
4593837,0,-0.014661,0,-0.684347,0.282353,9.891929
4596842,0.002443,-0.021991,0.002443,-0.679562,0.277567,9.915856
4599844,0.002443,-0.014661,-0.002443,-0.674776,0.253639,9.925428
4602845,0,-0.012217,-0.004887,-0.722632,0.282353,9.935
4605848,-0.002443,-0.00733,-0.004887,-0.727418,0.287139,9.925428
4608851,-0.002443,-0.009774,-0.002443,-0.722632,0.306281,9.915856
4611852,0.004887,-0.012217,-0.625526,-0.713061,0.29671,9.906286
4614857,0.002443,-0.017104,0,-0.698704,0.29671,9.896715
4617856,0,-0.019548,0.002443,-0.679562,0.277567,9.9015
4620857,0.002443,-0.017104,-0.625526,-0.674776,0.26321,9.911071
4623859,-0.002443,-0.00733,-0.002443,-0.717847,0.26321,9.911071
4626860,-0.004887,-0.00733,-0.002443,-0.732204,0.282353,9.911071
4629862,-0.002443,-0.00733,-0.004887,-0.732204,0.29671,9.930214
4632862,0,-0.012217,-0.002443,-0.717847,0.29671,9.920643
4635866,0,-0.017104,0.002443,-0.684347,0.282353,9.930214
4638866,0.002443,-0.019548,0.002443,-0.689133,0.277567,9.925428
4641868,0,-0.012217,-0.002443,-0.693919,0.287139,9.887143
4644880,-0.002443,-0.012217,-0.002443,-0.70349,0.287139,9.906286
4647874,-0.004887,-0.00733,-0.004887,-0.741775,0.301496,9.891929
4650875,0,-0.00733,-0.002443,-0.736989,0.311067,9.930214
4653876,0.002443,-0.014661,-0.002443,-0.713061,0.301496,9.944571
4656878,0.002443,-0.017104,0,-0.674776,0.291924,9.935
4659879,0.002443,-0.017104,0,-0.674776,0.282353,9.930214
4662881,0,-0.014661,-0.002443,-0.674776,0.277567,9.911071
4665883,0,-0.009774,-0.002443,-0.713061,0.282353,9.9015
4668885,0,-0.00733,-0.004887,-0.727418,0.291924,9.896715
4671888,-0.002443,-0.012217,-0.004887,-0.736989,0.29671,9.915856
4674888,-0.002443,-0.012217,0,-0.693919,0.29671,9.944571
4677888,0.002443,-0.017104,0,-0.679562,0.277567,9.954143
4680891,0.004887,-0.014661,0,-0.679562,0.267996,9.944571
4683893,0.002443,-0.014661,-0.002443,-0.708275,0.277567,9.9015
4686893,0,-0.009774,-0.004887,-0.708275,0.267996,9.891929
4689893,0,-0.009774,-0.004887,-0.722632,0.291924,9.896715
4692895,-0.002443,-0.009774,-0.002443,-0.698704,0.291924,9.930214
4695898,0.004887,-0.012217,-0.002443,-0.70349,0.306281,9.939785
4698897,0.002443,-0.014661,0,-0.684347,0.291924,9.939785
4701899,0.002443,-0.017104,-0.002443,-0.698704,0.282353,9.925428
4704901,0,-0.009774,-0.004887,-0.713061,0.267996,9.887143
4707903,-0.002443,-0.012217,-0.002443,-0.698704,0.267996,9.9015
4710907,-0.002443,-0.014661,-0.002443,-0.717847,0.287139,9.896715
4713906,-0.002443,-0.012217,0,-0.717847,0.282353,9.944571
4716908,0,-0.014661,0,-0.693919,0.282353,9.939785
4719914,0,-0.014661,-0.002443,-0.698704,0.282353,9.949356
4722918,0,-0.012217,-0.002443,-0.698704,0.277567,9.935
4725920,0.002443,-0.012217,-0.004887,-0.689133,0.272782,9.915856
4730091,0,-0.012217,-0.004887,-0.713061,0.29671,9.906286
4732879,0,-0.012217,0,-0.708275,0.311067,9.920643
4735881,0,-0.014661,-0.002443,-0.722632,0.291924,9.930214
4738883,0,-0.014661,-0.002443,-0.698704,0.287139,9.944571
4741884,0,-0.012217,-0.002443,-0.693919,0.282353,9.930214
4744886,0,-0.009774,-0.002443,-0.70349,0.277567,9.906286
4747886,-0.002443,-0.012217,0,-0.717847,0.287139,9.896715
4750887,0.002443,-0.014661,-0.002443,-0.708275,0.306281,9.9015
4753888,0,-0.012217,-0.002443,-0.70349,0.291924,9.906286
4756889,0.002443,-0.012217,0,-0.717847,0.287139,9.911071
4759892,0.002443,-0.012217,-0.002443,-0.717847,0.291924,9.915856
4762893,0.002443,-0.012217,-0.002443,-0.713061,0.311067,9.915856
4765894,0,-0.009774,-0.002443,-0.713061,0.311067,9.911071
4768896,0.002443,-0.014661,-0.002443,-0.713061,0.291924,9.915856
4771897,0,-0.012217,-0.002443,-0.708275,0.277567,9.930214
4774899,0.002443,-0.012217,0,-0.693919,0.282353,9.944571
4777902,0,-0.012217,0,-0.708275,0.272782,9.930214
4780906,0,-0.014661,-0.002443,-0.722632,0.282353,9.930214
4783907,0,-0.012217,-0.004887,-0.713061,0.291924,9.915856
4786911,0,-0.012217,-0.002443,-0.717847,0.287139,9.9015
4789913,0.002443,-0.014661,0,-0.693919,0.287139,9.915856
4792915,0.002443,-0.012217,0,-0.698704,0.277567,9.915856
4795918,0.002443,-0.012217,-0.002443,-0.689133,0.282353,9.925428
4798919,0,-0.009774,-0.002443,-0.713061,0.282353,9.9015
4801922,0,-0.012217,-0.002443,-0.727418,0.282353,9.906286
4804920,0,-0.012217,-0.004887,-0.727418,0.29671,9.920643
4807924,0.623083,-0.014661,-0.002443,-0.713061,0.301496,9.9015
4810923,0.002443,-0.017104,-0.002443,-0.689133,0.282353,9.920643
4813926,0.002443,-0.014661,0,-0.693919,0.277567,9.906286
4816925,0,-0.014661,-0.002443,-0.693919,0.272782,9.915856
4819927,-0.002443,-0.014661,-0.004887,-0.708275,0.277567,9.915856
4822933,-0.002443,-0.009774,-0.004887,-0.727418,0.277567,9.9015
4825934,0,-0.014661,-0.002443,-0.722632,0.306281,9.920643
4828935,0.002443,-0.014661,-0.002443,-0.713061,0.311067,9.920643
4831935,0.002443,-0.017104,0.002443,-0.684347,0.291924,9.920643
4834937,0.002443,-0.014661,0,-0.660419,0.267996,9.920643
4837938,0,-0.012217,-0.002443,-0.660419,0.258425,9.9015
4840941,-0.002443,-0.012217,-0.002443,-0.717847,0.301496,9.9015
4843941,0,-0.009774,-0.002443,-0.727418,0.282353,9.896715
4846943,-0.002443,-0.012217,-0.002443,-0.727418,0.301496,9.915856
4849944,0,-0.014661,-0.004887,-0.70349,0.291924,9.935
4852945,0.002443,-0.017104,0,-0.655633,0.277567,9.944571
4855948,-0.002443,-0.014661,0.002443,-0.674776,0.282353,9.939785
4858949,0,-0.009774,-0.004887,-0.708275,0.272782,9.915856
4861953,-0.002443,-0.009774,-0.004887,-0.722632,0.291924,9.9015
4864954,0,-0.009774,-0.004887,-0.717847,0.29671,9.891929
4867956,0,-0.009774,0,-0.732204,0.29671,9.920643
4870959,0.002443,-0.012217,0,-0.689133,0.291924,9.925428
4873960,0.002443,-0.017104,0,-0.679562,0.282353,9.935
4876963,0.002443,-0.012217,0,-0.66999,0.272782,9.925428
4879965,0.004887,-0.012217,-0.002443,-0.708275,0.277567,9.906286
4882967,0,-0.00733,-0.004887,-0.717847,0.287139,9.9015
4885970,-0.002443,-0.009774,-0.002443,-0.722632,0.311067,9.906286
4888970,0,-0.012217,0,-0.708275,0.301496,9.911071
4891974,0.002443,-0.014661,-0.002443,-0.693919,0.291924,9.920643
4894974,0.002443,-0.017104,0.002443,-0.674776,0.267996,9.925428
4897977,0.002443,-0.012217,-0.002443,-0.693919,0.267996,9.915856
4900979,0,-0.009774,-0.002443,-0.70349,0.272782,9.9015
4903981,0,-0.009774,-0.004887,-0.722632,0.301496,9.896715
4906983,0,-0.012217,-0.002443,-0.736989,0.282353,9.9015
4909986,0.002443,-0.014661,-0.002443,-0.713061,0.291924,9.920643
4912988,0,-0.017104,0,-0.689133,0.291924,9.949356
4915990,0.002443,-0.014661,0,-0.66999,0.282353,9.949356
4918992,0,-0.012217,-0.002443,-0.698704,0.277567,9.935
4921994,0,-0.009774,-0.002443,-0.717847,0.29671,9.877572
4924996,-0.004887,-0.009774,-0.002443,-0.727418,0.301496,9.85843
4927997,-0.002443,-0.012217,-0.002443,-0.732204,0.306281,9.891929
4930998,0,-0.014661,0,-0.717847,0.291924,9.954143
4933999,0.002443,-0.019548,0,-0.674776,0.287139,9.944571
4937001,0,-0.017104,-0.002443,-0.684347,0.282353,9.935
4940004,0.002443,-0.014661,-0.002443,-0.708275,0.267996,9.9015
4943003,0,-0.009774,-0.002443,-0.717847,0.267996,9.872787
4946005,0,-0.009774,-0.002443,-0.732204,0.301496,9.872787
4949006,-0.002443,-0.009774,-0.002443,-0.736989,0.291924,9.911071
4952008,0.002443,-0.017104,0,-0.684347,0.272782,9.935
4955010,0,-0.019548,0,-0.679562,0.277567,9.978071
4958011,0,-0.017104,0,-0.679562,0.272782,9.949356
4961015,0.002443,-0.009774,-0.004887,-0.722632,0.272782,9.906286
4964017,0,-0.00733,-0.004887,-0.727418,0.306281,9.877572
4967020,-0.002443,-0.00733,-0.00733,-0.717847,0.306281,9.882358
4970021,0.002443,-0.012217,-0.002443,-0.708275,0.291924,9.925428
4973023,-0.002443,-0.014661,-0.002443,-0.708275,0.301496,9.930214
4976023,0.002443,-0.017104,0,-0.713061,0.277567,9.978071
4979025,0.002443,-0.014661,-0.002443,-0.679562,0.267996,9.954143
4982027,0,-0.012217,-0.002443,-0.693919,0.287139,9.906286
4985029,0.002443,-0.009774,-0.002443,-0.741775,0.291924,9.872787
4988030,0,-0.012217,-0.004887,-0.713061,0.306281,9.868
4991032,0,-0.014661,-0.002443,-0.713061,0.272782,9.911071
4994033,0.002443,-0.014661,0,-0.698704,0.282353,9.939785
4997034,0,-0.014661,0,-0.70349,0.287139,9.954143
5000037,-0.002443,-0.012217,-0.002443,-0.70349,0.277567,9.963714
