-149.704993554511,-2916.48356457768,264.517350847987,-139.142187386802,-3430.72501928194,161.389957853882,-431.809302957071,-3189.70055998357,214.190413959736,287.324659064577,-3190.76137976504,199.649176844848,-158.610664039522,-3268.4876632592,213.209093256241,0.00311102116402116,-0.0115492521670607,-0.002443,-0.162712,1.87161802949454,9.73964905898908
-149.073021882305,-2915.93643828189,264.319337405576,-139.051741473147,-3430.45624530327,161.181099329107,-431.844410673107,-3189.6739019863,214.20778072667,287.31232966311,-3190.76159593361,199.6322380718,-158.645897847418,-3268.36183439081,213.262625678553,0,-0.0145314372424546,-0.002443,-0.160065281768571,1.87234579017708,9.73175397026395
-148.697837842721,-2915.59097551377,265.445624272477,-139.159906535795,-3429.59673592401,160.749194247005,-432.001561657056,-3189.53241970199,214.524097059982,287.279010506281,-3190.64541254104,199.690561908508,-158.702457653103,-3267.75858013442,213.351677062814,0.004475875,-0.012217,-0.00203204321808511,-0.153922984707447,1.93858854587766,9.79541090824468
-148.489155317084,-2914.72656031639,268.175387965696,-139.596843643472,-3427.88521719191,159.780006709524,-432.111173823941,-3188.79540900446,215.098740993574,287.177077115296,-3190.06911987031,199.711936938133,-158.926895904785,-3266.37354655765,213.438904431095,0.0280588268354993,0.00190963745418194,-0.002443,0.398333497167611,3.80258617083194,11.5784340490947
-147.934302713856,-2912.84026201536,271.698127717177,-140.259120044388,-3425.14478835128,158.537906571867,-432.229697908893,-3186.94596172786,216.357172134658,287.066673390983,-3188.38591056459,199.859145505347,-159.098607214005,-3264.03802614533,213.623527774922,0.208823553444444,0.0522365263333332,-0.100859777444444,1.84963173666667,9.13035007333333,17.3426577423333
-147.84011136494,-2910.5882791859,277.095673466505,-140.709899031269,-3420.97103043217,156.708038943885,-432.271862871236,-3183.47520557661,218.003230689948,287.084742634731,-3185.39439054571,200.355371463856,-159.187522051839,-3260.57337050514,213.897068158569,0.56014865356429,0.544836742838108,-0.213227618920719,0.022415363757495,14.1258514536975,20.447344538974
-147.596210298585,-2906.77468815826,283.093841394591,-141.001520314755,-3415.18326461147,154.650169752395,-432.24826591681,-3178.24691459828,220.311070956455,287.076314738979,-3180.8868633137,201.178100922628,-159.234834871488,-3255.59058612066,214.292830304905,0.9645238995449,0.151579621378621,-0.218207068154068,-2.39697025174825,15.9964511443001,18.0402672134532
-147.253469940047,-2901.50673821989,289.392173176774,-141.455879373659,-3407.76357902872,152.535422722523,-432.043604276001,-3171.36690919936,223.193763900437,287.086855441212,-3174.48407976483,202.699807680172,-159.259543578168,-3249.11299246048,214.825729456678,1.45594058669332,-0.302970748195046,-0.12362884071976,1.22904720904143,19.5326548600467,20.8542351166278
-146.600521278466,-2894.56348119993,295.971157610235,-141.714779147989,-3398.49181647786,150.630307971826,-431.879915076815,-3163.05492783638,226.556259972485,287.092778436077,-3166.84506257235,204.626443334364,-159.375909369875,-3240.84684386049,215.562169809925,1.8468738203932,0.263467391202932,-0.189922885038321,-1.44089712662446,24.581631922026,14.7599973795402
-145.699250423583,-2885.56584835446,301.991870482253,-142.061303242876,-3387.43189230465,149.102785874423,-431.722051596419,-3153.3948624241,230.161262507579,287.158385575148,-3157.7716957164,206.871817928644,-159.399556389609,-3230.81991195564,216.616683352774,1.98109735333333,0.00104548488888929,-0.0230712006666668,0.465283467555556,24.3569099042222,8.24000194144445
-144.427957472752,-2874.39310836521,307.530634736816,-142.644182450189,-3374.53258729907,148.262780945496,-431.582260928532,-3142.08484096758,234.115669964255,287.118542615535,-3146.97117402286,209.551377912581,-159.4764149855,-3218.77564332358,217.798484167634,2.14867861138861,-0.255686433455434,-0.254273425796426,1.86530648451549,27.0209883647464,5.7054541966922
-144.116470372659,-2861.66699554287,313.344789389855,-143.117522470486,-3359.66098363663,147.789342763194,-431.381114019387,-3128.66288926573,238.26005323235,287.133309052289,-3134.18172767534,212.600286765253,-159.492333550746,-3204.74713616425,219.284190913284,2.14027325024598,-0.143695270908495,-0.142049214824533,-0.31217009511315,28.1261288425713,1.42215475795343
-144.180517516983,-2847.07415768451,318.812905348644,-143.393116218028,-3342.99047103141,148.288769142289,-431.08283159423,-3112.86764839182,242.497067156418,287.136510409505,-3119.26873138692,215.776837680389,-159.495538860094,-3188.68094260902,221.154548743456,1.79203979735291,0.138182232677122,-0.223029885663441,1.94614995317539,29.5035552971861,-0.90115873117562
-142.810771489193,-2828.97206401371,322.49491813989,-144.076735196668,-3324.60136185207,149.621870141815,-430.996869735496,-3094.89596318495,246.918858283735,287.079751771985,-3102.24069719411,219.364886629717,-159.661162731854,-3170.6212496935,223.441957727493,1.55553090603727,0.133478339247852,-0.229577962950564,-0.673714134471599,30.5503023605624,-1.87194408637429
-142.890670833765,-2809.71136338792,326.670054830436,-144.383685849409,-3304.33455042689,152.448477407362,-430.870876963807,-3074.55816512615,251.141149756797,286.833732975379,-3083.39950724132,222.522101595715,-159.794605290314,-3150.47675136924,226.439974368732,1.33806179473509,0.115202350883039,-0.146241289236921,-1.37908949150283,32.2167497320893,-2.99786307397534
-142.447579384699,-2786.41344814332,329.09383050812,-144.920903187552,-3281.34187414506,156.11896302873,-430.994102942273,-3051.91403419324,255.549454285424,288.953707831308,-3060.23412721457,223.557105973749,-160.124148863607,-3127.28450611428,229.687596192908,1.033485217,0.0187791549999999,-0.181388210444444,-0.476127959111113,32.6257800003333,-4.19051700666667
-141.606494123745,-2759.94290077364,327.765914881346,-145.648081168118,-3257.43904457631,160.290460723711,-430.857900509031,-3026.65148506723,259.9002547865,288.774331593198,-3035.40031560156,226.613449934268,-160.517804628612,-3102.7116323551,232.756847957372,0.656049093746529,0.264942393535488,-0.19964950394313,-0.0720191271798297,34.7923488787071,-5.63340908352771
-139.62081175675,-2730.35739220321,327.400126112505,-145.543792378323,-3231.14688799834,166.37901067428,-430.831250470847,-2998.97672233765,263.919779766769,288.564638129508,-3009.13931251747,228.849674620854,-160.481545217074,-3075.64484920137,236.946704425199,-0.203987722425857,0.778278513495501,-0.479363053648784,-0.938186573142283,55.9094716421193,-10.7419402475841
-139.59608610692,-2700.13859275206,328.738416894161,-146.353951261472,-3201.8812184215,171.144271088721,-430.86344974377,-2969.63532905317,268.054754707543,288.301788370817,-2980.15807632832,231.288629619063,-160.513855935228,-3046.03339121255,240.963178872671,-1.554041,-0.855211,0.114843,-2.474179,20.791237,-39.199219
-139.129515925526,-2668.55480829313,330.576245928503,-147.104547146012,-3171.31976223322,176.595325592974,-430.981910006893,-2938.14971436861,272.168388663351,288.15081680741,-2947.8326828459,233.330221970428,-161.089890166069,-3014.8018457702,244.98405200054,32.6549348753331,-22.061366286445,34.1257078673336,20.270351691778,0.0012374468888889,0
-139.472458846158,-2634.86810948709,332.729637810829,-147.20424581085,-3138.88202981651,182.553468421521,-430.910610836942,-2904.05404512711,275.837723771489,287.918122591702,-2915.81748809493,235.514267863018,-161.0800313935,-2981.92026457076,249.870024703401,-0.631272885503231,-0.0528018891966755,-0.296202520775623,-2.94143923545707,45.7120430692521,9.30544600092337
-139.570869154024,-2599.81027858877,336.320415090516,-147.709438949917,-3103.98883829909,187.475556720581,-431.252573346161,-2868.43931615058,280.183825857053,287.615696427157,-2880.91806402916,237.818142277321,-161.498341981198,-2946.92620529032,254.681148412461,-0.912119533644319,-3.7175599136127,1.92003349922236,6.73497404063938,23.7862484670221,7.09772714812352
-139.052347103282,-2563.03104750129,341.204699924696,-148.757859340754,-3067.24120474046,192.498625151978,-431.583668131011,-2831.47064339433,285.128022061291,287.307491385449,-2843.6850640416,241.34540828633,-162.022566665106,-2910.05568775719,259.283960105839,22.5741151681308,-51.6657538251769,50.3986607754073,29.9363337072352,0.00182752739439563,0
-139.412973926209,-2524.5494487653,346.375913540858,-149.125807228211,-3028.4166954143,197.258480276441,-431.984946688916,-2792.41380163002,290.364279879316,286.886600035187,-2805.99427280544,245.289444867751,-162.329333484214,-2871.55282866048,264.687481492683,-1.06829168539326,-0.801872904333868,0.0559304000000005,6.04999046902086,29.2894572144462,16.4785791036918
-139.278811425968,-2484.53789972951,352.474378841177,-149.953271999146,-2988.12725845367,202.692430657748,-432.266516140664,-2751.67201314871,295.880927803857,286.486116192253,-2766.42650734963,250.699129149703,-162.938300893064,-2831.18393864142,269.938895563662,0.11851118504694,0.527002669381291,-0.422117826490216,-3.74277582400181,28.2475439804321,12.5773395279946
-139.481711033942,-2442.63683706456,358.658862125941,-150.905914755686,-2945.800942634,207.471363663744,-432.403946767137,-2709.47702298534,302.50919463875,286.06553582879,-2724.68647122137,257.031889228003,-163.673361341625,-2789.20515817315,275.701964139689,-0.0239975948398391,0.25365425002733,0.0284012421558994,-5.07499244779708,31.9138788764622,9.61345947895486
-139.540747673243,-2399.28649982441,366.374579537984,-151.440070607567,-2901.4331955011,212.856349991961,-432.660758827066,-2665.5078919719,309.503223352198,285.158324454247,-2682.24867577932,265.038341858301,-164.047909178721,-2745.02769770969,281.256150594051,0.151784739086971,0.102986847384205,-0.211422435188271,1.85956308463845,26.0784223362213,9.52515937454182
-139.785017102408,-2353.73854343325,373.90009836826,-152.464997241489,-2855.17910497847,218.270698791138,-430.353531629905,-2619.1049500056,316.084489496928,284.703425441715,-2637.63350723569,273.361292725354,-163.263991374189,-2697.83144233019,286.201072146133,0.325413955903586,0.0569223652115957,-0.132797176385648,-3.00312493146727,29.1776321626125,2.23411425091639
-139.631770926812,-2305.19724322297,381.344568325068,-153.342799405697,-2806.93224067853,224.935099845985,-430.740608124735,-2570.88454459543,324.018973107982,284.090191112063,-2590.41824614456,282.257530273324,-164.024731354102,-2649.76971557443,293.119215319906,0.313052184027778,0.250990237903226,-0.234979797379032,2.03577018324372,31.4728080817652,14.423374343078
-140.512913131799,-2256.15657942893,387.43962321442,-154.10515271453,-2757.90262523809,231.11230714794,-432.060006508315,-2521.10856523463,332.563667674269,283.463657367038,-2541.88064827685,292.088527837682,-164.507071312449,-2600.53455564418,299.102423188393,0.679808905031656,0.29997675508164,-0.14694357814062,-3.94838268177274,30.9911879166944,3.93149132489172
-141.758593676517,-2206.1571716752,395.763775790167,-154.290822242597,-2706.2120757171,237.284337908228,-432.549744977404,-2470.03890141645,340.975566684699,282.657400891768,-2492.56874420213,301.574682415759,-165.131255628614,-2549.10998160098,305.679638660837,0.500351691769412,-0.117505360546483,-0.0822149044762861,-0.313955547039879,41.6320318877042,8.56323807575257
-141.849968652608,-2153.11982231447,404.835602978268,-155.712229431505,-2652.33210888928,243.897661666401,-432.876679232346,-2417.99759412923,349.972098390375,281.873420566549,-2440.14805875618,311.666394645909,-165.981182227584,-2495.34465270583,312.686378477369,-0.626391628691986,-0.605432042194088,-0.20131187763713,-6.08116193670887,5.5779620084389,-20.3092498312237
-142.438769845844,-2098.09860769433,412.863116123526,-155.106199897309,-2595.40555101743,249.284861053649,-433.051102994677,-2363.7053890728,359.15606897107,281.104907720408,-2384.85630900305,321.736985027198,-166.676399332618,-2440.09247310223,319.920748126146,0.206923345987354,1.75365319547119,0.557996163170162,-6.51119856843152,37.2216952440895,10.8207463273396
-143.470968440092,-2041.35579123905,421.601586831485,-155.126442668145,-2537.95999609866,256.535684708739,-432.746655552843,-2305.86471521037,366.982024687833,280.106030151827,-2329.0570307819,332.061662021495,-167.321171966759,-2382.88498270107,327.604593608196,0.929004552409499,-2.07121161248056,-0.335277671774375,4.97084852509432,36.3897494328224,16.5284526787694
-144.992738590026,-1982.50751774835,430.391816288446,-155.714247245732,-2478.77850234064,263.605696998202,-433.866697480408,-2249.23739142467,378.816927801131,279.221585220663,-2270.00557732863,343.257502306266,-167.832970692059,-2323.64621683777,335.189441146831,0.216956810031063,0.18037306513538,0.0141915817798507,-5.87382281968498,24.4482335822237,-3.96503353262311
-146.272859214179,-1921.9581787627,439.075215551427,-156.1845890458,-2417.42652091142,271.000286016311,-433.975198265686,-2189.30108400046,389.479812896761,278.175841824037,-2208.65098860643,355.291079749191,-168.077338823773,-2261.62480601899,342.509721868408,0.21377345668769,0.207537755393296,0.105006605376701,-5.81845618519748,30.4318735748424,8.67603943942914
-146.779215082618,-1856.74258415214,446.811233480014,-156.522557910965,-2354.51082642552,279.580738610182,-434.206589751491,-2127.66399091732,400.790192972241,275.914618329981,-2148.66143511552,369.178925136936,-169.277264348765,-2199.54149052014,351.7996393527,0.551081442108774,-0.155405320876435,0.272071157713269,-3.50892172795015,35.0323189066844,3.71432897008113
-148.083546755643,-1791.53034290821,454.62457650002,-156.688643252481,-2289.3148684093,289.310549723808,-434.64860647222,-2065.45381010331,413.382947432748,274.541879519798,-2084.87452209242,382.095297806871,-170.242280758226,-2134.86256842322,360.897138295588,0.168834062513803,-0.520923617296216,0.00289558349899964,3.21446978307932,36.3929057954499,2.96515969173859
-149.68107068313,-1724.83376077093,459.095758704996,-156.989817540111,-2224.78548923176,300.050601661258,-434.234813175103,-2000.78199172477,425.152944773578,273.265857287046,-2018.28162857668,395.970259252217,-170.880267744544,-2069.87741056782,370.144833917134,0.456997013990672,-0.461636783477685,0.10396336508994,-5.64399839373751,27.7706092611592,-6.82542498001334
-151.670238490024,-1657.48248907484,463.048962245942,-157.309796412999,-2160.85390209912,312.515982982398,-434.130393450572,-1935.05866172961,437.088689454032,272.029467781526,-1951.5162645575,409.111052450798,-171.277144973034,-2003.88792525976,379.046991639774,-0.171168098979133,-0.106707360963176,0.349288812361294,-0.585598310252968,25.884554731247,-4.05017467865125
-153.230797433968,-1588.90437713886,467.06282381267,-157.303957990903,-2094.68129331365,323.674700241786,-433.857915678236,-1868.51805548569,448.17503479356,270.567133815894,-1885.00102656465,422.48431711259,-171.801457825877,-1936.68379427625,388.030746746729,-1.67283474364101,-0.315827877596356,0.0490676684438522,1.75217846951016,4.95909556147951,-28.7965803587693
-154.416813008168,-1519.66217475536,470.16725524459,-157.525306626688,-2027.53639157068,335.557425598113,-433.261782917824,-1800.87566164888,458.586620622998,269.920379907641,-1815.45861559211,434.519729704061,-172.067190460191,-1868.22180352375,397.080437447605,-1.76577682705764,0.373347569476844,0.822206205598133,-4.96345118827057,6.14396015061653,9.158536344885
-155.673783210856,-1450.31346505481,474.509161164067,-157.811292132769,-1960.19945876073,347.812303394824,-433.252080429638,-1733.2820208797,469.492488428374,268.798130642189,-1745.99772245539,446.210652541852,-172.66746865102,-1799.91137858276,406.556423718194,-1.80709309122222,-0.0643653093333317,0.509678622222222,1.74407528177777,29.0682619395554,-2.42103201033341
-155.97623100129,-1381.88164169041,478.239385250592,-157.679395272893,-1892.70566173164,359.274313670671,-433.391308076603,-1664.65612685619,479.341701035709,267.808262423602,-1676.64988137014,457.096147070705,-173.232949902927,-1731.57911925334,415.85851123536,-1.44916786226814,-0.977990110074416,-0.206326000555374,3.40339707875151,3.69779877385295,10.7893113068976
-157.58220150988,-1313.3902182356,483.004624721888,-157.70759645061,-1825.19805147408,370.958735191275,-433.585687686735,-1595.63894101498,488.869851639915,267.06585269191,-1606.58958828419,466.973402847237,-173.689433138599,-1663.29104575534,425.163518238445,-2.38298991569477,-0.583658964011997,0.00202351449516813,-0.454032600799733,13.1368474521826,15.3982180066644
-158.859175991504,-1244.45577911399,488.308786337822,-157.705362664361,-1757.74197109213,382.528378558257,-434.127398520363,-1526.37417430652,497.663194482439,266.613300080512,-1536.25070622971,475.524435368076,-173.991872774406,-1595.17926034603,434.901640002067,-1.89363044303798,-0.377488810126581,0.235025869198312,-4.00313187341771,1.86790558649786,8.02162969620263
-160.024372907514,-1175.7035527962,494.804743921,-157.696682682373,-1690.02578109809,394.152768491655,-435.074407445696,-1457.51567312511,505.808595421884,267.125119465714,-1464.84269930529,481.944538436485,-174.490569455194,-1526.98298810424,444.865384757269,-1.78451471308017,-0.0138825970464139,0.53484994092827,-2.10486115189873,-1.04159419198312,16.4983193523207
-160.923225403125,-1107.42250956837,501.963828284451,-157.88149433506,-1622.56491146111,405.776737430466,-435.989156516363,-1389.37029868102,513.128855565469,266.466612099469,-1396.73866238743,488.995651028444,-174.885414233332,-1458.75814378959,454.585023297185,-1.44588159657218,-1.27369040342782,0.323319822017139,2.2771028134476,1.49075387277523,13.3307414838497
-161.308247832338,-1039.35232264054,510.75553594003,-157.954360603288,-1555.18085718853,417.455556183101,-437.266815029143,-1321.45132187098,520.15978333159,267.515066385366,-1326.93920527083,493.081970150054,-174.937996208184,-1389.60998970597,464.904446773717,-1.50265148190222,0.685271331440019,0.0690793765452717,0.683497276979597,5.55075163280984,24.0165861767457
-161.768559894401,-970.837508714109,515.445638323948,-159.032235294845,-1488.78598205708,434.429494458444,-439.364303825521,-1253.22721903368,526.480270147737,267.900630669376,-1257.73175898558,496.416123572355,-175.351993882074,-1323.03017479661,479.163970292588,-0.797342781969953,-0.107021883249866,0.46405534034502,2.26091996649974,-2.10834299243184,16.4264269894268
-162.293194571761,-903.720743895558,523.882639791545,-158.536203021893,-1421.16642612483,449.910778895247,-441.565347426333,-1184.38342437748,532.209342881218,268.57144479663,-1188.49976339447,496.734330727892,-176.346471505725,-1256.42610296517,492.46277154861,-0.892816438520489,-0.651286146951012,-0.0021363238920376,9.50490056281221,8.23477551616116,43.5826020093297
-163.047605475753,-837.160332271891,533.162099630255,-158.17641220723,-1355.03106680054,464.481508367206,-443.506938202665,-1115.19548991253,536.935644239429,268.551875446574,-1120.18101839415,497.902467113713,-175.735066432411,-1190.07022151231,505.09101811304,-0.742319597911808,-0.951545052204823,0.0647174476285689,0.953003992224811,-0.937926505164919,-21.5213717033211
-163.884530540671,-770.374590671028,540.836490728473,-158.073001451368,-1289.58636053377,477.080695859996,-445.378188067287,-1046.47210361689,540.930743833372,268.309158830074,-1051.71575093,498.102293809146,-175.335537399538,-1124.05600704223,517.64708274314,-3.80317030400978,0.703399022103761,0.089762891036324,-9.35948773008984,-20.9059932348109,20.4480369553475
-164.421753859835,-704.304827757816,551.672653390976,-158.41806749834,-1223.55967183206,490.523772409832,-447.271438393346,-978.930806828805,545.031463984789,267.839923507845,-983.318695973853,497.584733523967,-176.448079986055,-1057.56041476506,528.394249431659,-0.89235601299566,1.53666014128623,0.33495949416861,-7.74265626457847,0.633823128623677,14.8481449540149
-165.409940910792,-637.55024039993,558.789112339796,-159.248493389133,-1157.40843333231,500.922597561946,-448.717463027125,-912.708585601978,549.583405492947,267.226924181273,-916.172562792014,497.814778116282,-176.420126228686,-990.592209546205,539.182881309997,-1.74222830189937,1.08209535199379,-0.253890111296238,4.52109071609468,-2.44597688970336,-0.221070431855555
-165.257748315922,-571.456657906597,568.53284057987,-159.524860911685,-1091.20176602027,512.08345754239,-449.810821070806,-845.83959178151,553.938904994386,266.246429168293,-850.114202505015,501.703195026469,-177.051726647726,-924.853183745514,548.852223932126,-0.67755255925801,1.18108708708208,0.216204338775965,-6.61343101321801,-3.87364707353099,12.7346844311895
-162.609237499845,-504.455137096507,574.861386388394,-160.695147347117,-1025.18857780276,520.407742944816,-449.310702657908,-781.263691610506,560.813764044347,265.577529946999,-783.660955584302,507.029347237638,-177.516152254792,-858.900006404965,557.418611983744,-0.766000073975349,-1.05824346984339,0.51752836887704,-5.16932322525828,5.16125904798398,-9.50120674608449
-163.356278882619,-438.578751334571,582.245159910269,-161.088965273505,-959.248265551861,528.565995149366,-449.849823733393,-715.519462359857,569.26280019938,264.999399318231,-717.477868385543,515.750569742449,-178.202561473415,-792.842569440922,564.60999522245,-1.0678303972907,1.03407481634466,-0.284739862314011,5.90156922029753,-4.91026776460138,17.6634117199645
-164.362360202911,-372.726855853739,587.98910832779,-161.291778474721,-893.419767632658,535.076342857001,-450.07020005667,-649.60180145802,578.764493060287,264.434206711223,-651.831114776643,526.845041107643,-179.096953563961,-726.985316091275,571.311399307672,0.463336635899137,-0.453097390536489,-0.660106265578137,-3.31584253215602,0.181952237809628,-20.5116095293791
-165.716181758233,-306.899877780394,592.710769562101,-161.826735390197,-827.717277375552,540.529725863286,-450.048253466456,-584.034923286185,588.2429169555,263.917888374154,-586.162437219057,538.829946216631,-179.447845308302,-661.36068413343,576.715514672435,-1.27506715953948,-0.320888446052635,0.517882845723683,0.495500368749975,-4.92774387499999,11.2483362973684
-166.274446461082,-241.36239315548,598.006151756,-162.186038041521,-762.063183456131,546.064837682494,-449.908998265404,-518.353881671956,597.522152716023,263.275815273698,-520.878063025943,551.175183181721,-180.2334612751,-595.633158100698,581.457137271183,0.696926590421969,0.862395267470416,0.13501710504577,-3.31377101395398,-1.63933903069884,-11.0030360360571
-167.305567866667,-175.668930992251,601.08947993936,-162.809103553777,-696.393749645853,550.417852929416,-449.79007433316,-453.574929100017,606.302789940152,262.756358492347,-455.933855578245,561.971415005923,-179.658260180218,-530.884618053891,585.792495757431,-1.0816451895534,0.21703065530683,0.338719043100566,-1.77727740360851,-1.57210921026836,-2.06154400957817
-167.553364897955,-110.316518580081,605.524566589781,-163.411693782385,-630.869900675532,555.711401402395,-449.77512921379,-389.121714088318,613.257568216246,261.85519608854,-390.963676716474,571.667799765033,-180.291023741524,-465.31791665902,590.144065497804,0.724254031645544,-0.899672949367112,-0.0192851075949282,1.96502270253183,-3.16173674683551,5.79879384810198
-168.42002970195,-44.7320695557846,607.931097501178,-163.966249863195,-565.714817352484,559.893531954831,-449.798891982286,-325.597035730468,619.458434822583,261.312690753149,-325.923839758779,578.764472844409,-180.762415505957,-400.030857945658,594.540432906163,-0.485214134310131,-0.944141032190031,-0.171053933843935,-1.27624481840384,2.74483532844934,-6.66717946142753
-168.948011889633,20.2636329773848,611.820821876326,-164.272185393191,-500.544013240439,564.80780032293,-450.14288064038,-260.845239038042,623.912102321957,262.332550635594,-261.564537217323,583.819601745751,-181.368419327895,-334.768537858007,598.422175707474,0.0782867605242488,-0.142713197156519,0.0210369292458082,6.05644047972897,-4.02796160135512,19.9298743016773
-169.749461540542,85.2351622712366,614.941063011381,-164.575265278975,-435.701005712578,568.758198915922,-450.563588206443,-195.925502074884,627.184261762176,261.930998815319,-196.118160792875,587.502969474951,-181.788723358963,-269.962117808342,602.422623554912,-0.201708252915682,0.334378376874371,-0.0490699963345571,-2.89227015428187,2.54494015428189,-6.6797959530157
-170.503086683723,149.828225370755,618.418678915032,-164.646159177651,-370.917339461899,572.830398829545,-451.185161289068,-130.852400343868,629.411618220393,261.655109163547,-130.781890279616,589.722589909278,-182.091128648864,-205.180029483717,606.193698000412,-0.243348336043364,0.0712429127579748,0.0356367933083182,1.0526717010632,-5.98570467636023,22.6217388958724
-171.083444018808,214.465517382534,622.246784245622,-164.738521779796,-306.28002250887,576.27546603119,-451.900784492835,-66.0524706538853,630.828758741578,261.667877851755,-65.5093221742775,590.714576879301,-182.124847756893,-140.799780979559,609.600528189932,0.50091,-0.219911,0.124617,-0.882952,0.038285,-0.028714
-171.62752074229,278.841675976515,625.62988676621,-165.333554196234,-242.242463456861,578.915107852214,-452.6040796809,-1.53292368471838,631.517787777574,261.445990722779,-0.380916695763005,590.993727394464,-169.356859579433,-97.5834238932025,603.968583004824,-0.75899059425134,-0.567304062834225,0.186994562834225,-1.81714504679147,-3.50363673629679,17.2597317623663
-171.948206744501,342.985874637182,630.006145202517,-163.98695034175,-178.31925635688,581.112531590795,-453.276345438177,62.6226279660504,632.096911732502,260.911110089133,64.5256375069515,591.316463321101,-174.946979297794,-20.5779646013273,611.798618735996,0.46779322377777,-0.499715702888892,0.0103547546666689,2.42220562466669,-0.785829861111201,6.95027420911145
-172.307301218653,407.102763512795,633.313604669971,-160.315736980693,-112.441726934496,581.6581823855,-451.339315157447,127.119930937327,632.29927997714,261.08724883674,128.838379242492,591.67509630868,-182.800990894099,52.0105492741542,617.753059414515,-0.200017061201818,0.989495511496169,0.0122702442519153,0.441942486282339,-0.812036694213009,9.65003902165938
-172.362475501889,470.768805812538,637.87360307859,-165.407545101901,-48.7819139053699,583.431826357831,-454.106432238457,190.110554113252,634.06517863078,260.861478800588,193.016803028447,593.008301589656,-184.380038250238,117.005351978982,619.65762197584,0.393098770826471,0.424608856766546,0.0881029815607506,1.83901566545934,-2.49141730721108,12.1860132617716
-176.241665781978,533.972023009831,641.263365683984,-165.720532991636,15.2282567937453,582.989513970011,-454.225973368841,253.680061972983,635.861269011937,260.684764625301,257.085468535252,595.249621569451,-184.503033849407,180.726944349571,620.704083795835,0.449771122334466,-0.402078232884401,0.199494651515152,-1.65695556060608,0.308417800785705,0.156576311447498
-176.401843009997,597.224786613408,645.474173216472,-165.742841496219,79.2288685133579,581.908537237339,-454.215518731811,317.199164404527,638.053030202592,260.49846845942,320.680038523304,598.608110667737,-183.486220165134,243.325891665514,620.615923623467,0.633444932987443,0.348756712278414,-0.0111220646346716,3.43184846173795,-4.27045430869002,17.1037320529614
-176.595662340157,659.687377562986,648.873423563587,-164.819843297323,142.279886581574,579.445418878108,-454.04351909037,380.369932550151,640.497586332571,260.28300995869,383.964345996098,602.443918754199,-183.659199995028,306.782218980517,620.639301889275,0.972290671552296,-0.0983520363091295,0.00173214290473122,-2.76665713357762,-0.547948383411053,-2.72081841572288
-176.543038248166,722.588232812848,653.102338521059,-164.926189127431,206.022833802228,576.870845271768,-453.775800436616,443.194226224027,643.109579576703,259.995650465331,447.015666156754,606.718428803888,-183.794194519192,370.016358570165,619.991603654891,0.784897066533374,-0.0391794009774542,0.157233441519494,1.55218452182605,-3.82489993024546,14.31960373009
-176.546597823896,785.132733227685,657.450409141876,-165.19968352028,269.756154314545,573.655912478403,-453.445295119063,505.566451816403,645.556440778455,259.722907558107,509.476716522481,610.853289391291,-184.065936844507,433.143150598894,619.182962052964,1.57453162669332,-0.160137112147456,0.0252476326893178,-2.675175,-1.33920020941595,2.4559959786809
-176.674017352744,847.542116578099,661.680556345902,-164.734587174633,332.335581408621,570.213491931508,-453.222249952155,567.446544721748,648.008673424513,259.500273329341,571.544528435922,614.678322594876,-183.752993538776,495.224030540241,618.324423852472,1.08167699400199,-0.315806760413203,0.213359489503501,1.95601799999997,-2.62663001632787,12.8459663378872
-176.567588381593,909.346556364834,666.824256453304,-164.92157253456,395.864288079378,566.289202073368,-452.881976142295,629.138433886481,650.396393592153,259.116139412111,633.450560119479,618.706688489131,-183.823159243218,557.948707204759,616.979537134617,1.98907874336774,0.234007026640024,-0.0547143108003094,-0.777004778332757,-1.08224412187814,9.60500454034861
-176.762065599385,970.964795415589,671.578071534093,-165.146373399821,459.372516160376,561.753626278568,-452.47061729652,690.508823874034,652.848235593896,258.850303736354,695.04102095606,622.534078879953,-183.982558560406,620.445742133669,615.698413622257,1.5260968,-0.171928341333332,0.155330140444444,-1.15003916000001,-1.47544824799999,11.1767831511111
-176.847959865297,1032.08795544741,677.391970226864,-165.200594464307,522.810984664057,557.269613145403,-451.914512970736,751.641229573616,655.292961540335,258.432477646964,755.914632960902,626.79547443489,-184.114787505083,682.726586252792,614.092381716359,2.12910029113923,-0.0830035119920066,0.0655342391738863,0.935101945702897,-3.0008378517655,15.938431227515
-176.945402247715,1092.8083426221,682.881473139572,-165.338589727066,586.095936234323,552.229366096416,-451.241401064349,812.255084075244,657.985540993981,258.046837330046,816.534416987389,631.235405803426,-184.267757814911,744.822716692793,612.61355584199,2.16726512747057,0.0606597723739718,0.0680748092382866,-3.91776398845213,-1.09802829624695,8.99017575793917
-176.801230890445,1153.09112956122,688.919717809328,-165.438307906377,649.326812862575,547.353107106173,-450.498427928145,872.493722307039,660.872457829178,257.562852866569,876.532532488467,635.985996748379,-184.476993417128,806.781519999249,610.982540110775,2.17015705755556,-0.375768651111112,0.175485267555555,0.128852902222231,-3.24423091777778,17.5546869246667
-176.786629063608,1212.97348741671,695.189088847513,-165.651222755663,712.53829857444,542.315839235777,-448.512315677477,930.089695091022,663.833567947298,257.001628878976,935.726763057106,641.165991456263,-184.550676362317,868.500216130269,609.444451009868,2.69897954389439,-0.432884585478547,0.120382870627062,-1.49878477425739,-1.26271044620465,9.6664650772278
-176.596190452599,1272.47581352611,701.407892503785,-165.658704815434,775.469826800703,537.305532391006,-448.717049078576,991.246157501769,667.59207738836,256.417258928509,994.245281304348,646.701957851264,-184.583709780884,929.923478445044,608.116752151338,2.31131892470248,-0.406545025692361,0.181927003003004,1.47613647970191,-2.03546939572904,15.7129138634189
-176.334470645266,1331.5417546889,708.127673736445,-165.745113307406,838.359092685714,532.71783724527,-446.350824327008,1047.87177141815,670.964154986414,255.569795970416,1052.14703360389,652.84696587884,-184.581509525095,991.194352192761,606.875252204206,2.92626609337349,-0.396309461066488,0.018104663096832,-0.67962393842036,-1.13065905365908,12.3886950342481
-176.031891938583,1390.19187144545,714.639438789986,-165.796853431577,901.020977502136,528.247947937127,-445.122156233053,1106.10963740488,675.098661221744,254.810497042255,1109.30067612014,659.330089720068,-184.551043234286,1052.18771022686,605.986394195134,2.51763160266667,-0.361508196,0.192166397333334,0.907543593333314,-1.49592278399999,12.3965375853333
-174.419945192633,1445.73675910005,721.642174889564,-168.409117733767,966.290238541366,524.699032898275,-443.635209937835,1163.91755027791,679.31264437448,253.812915164369,1165.53228442099,666.43330278617,-183.12056301965,1110.53507691089,604.934523438331,2.95202315695416,-0.119824436674438,-0.019162281274281,1.35819363558665,-1.90852197125098,15.5303408772339
-174.014203972291,1503.49031972636,728.386704738391,-168.404604012845,1028.44332911489,521.218507408874,-442.030510486628,1221.15267843812,683.895183846596,252.623142371026,1221.10694661803,673.996522402745,-182.986953771648,1170.7994938866,604.574727015065,2.62883622411111,-0.00624925066666499,0.100269406222222,-0.851283531222235,-0.641579838555556,10.6450107294444
-173.294574629942,1560.60961725879,735.521860597186,-168.165624797855,1089.33743826707,518.877459120869,-440.342028645078,1278.00852467398,688.497323937048,251.354680356193,1275.67125341312,682.10814507649,-182.855393801319,1230.70877625753,604.534535531033,2.801457509,-0.264509407666667,0.00507957633333253,1.013766654,-1.837404789,17.4546586843333
-172.718069578053,1617.34379054616,742.643142052912,-169.175465664044,1151.16872624589,514.831075913542,-438.571060365912,1334.24720941746,693.316601141783,249.908493188891,1329.24325999808,690.665895589609,-182.484922574171,1289.97288989635,604.897687466025,2.78890380833333,-0.489014879555556,0.052742762,-0.686044873333334,-0.303129375444444,10.7267079902222
-172.057549734255,1673.81862609404,749.56652216955,-166.735628508641,1210.38629329028,512.392540417484,-436.684459283362,1390.17270189569,698.120528167613,248.279584205036,1382.0843751906,699.480729933411,-182.265705523632,1349.00706243542,605.581316537529,2.53391198711111,-0.523341373,-0.0207768487777759,2.36452861877777,-1.64271679144444,17.2951955561111
-171.200095657928,1729.69256517312,756.579203718506,-162.79719698127,1266.64825061981,511.94185253031,-434.631731873686,1445.69787834994,703.124744434131,246.576081908889,1434.16178869878,708.3407965791,-182.265879538712,1407.58933353176,606.785813375389,2.667175432,-0.214395581333336,-0.0688658210000014,-0.894571885333317,-0.544287489333345,12.2715385053334
-171.806855997606,1788.28069302895,763.574420931893,-163.588113821363,1328.71213623575,510.699660743651,-434.527594955654,1504.02417319879,708.556817922944,243.68848694152,1487.29834822243,717.215599388869,-186.555592203298,1471.31711481576,609.361690267429,2.32323516344444,-0.609111313111111,-0.0529116695555555,1.18904386555556,-1.08021255866667,13.1218986304444
-170.716461826602,1843.1134715832,770.340162620904,-162.284482898496,1387.07256767785,510.054116824377,-432.388811765127,1558.74395132861,713.829080368958,241.872888032932,1538.51023560442,725.871099783179,-186.277241431356,1528.84680592493,611.131851823976,2.34136344588889,-0.959617296777777,-0.162721854222223,0.12076249066668,-1.47994516266668,13.447355987
-169.655358311041,1897.81184545485,776.922136022503,-163.200911068469,1446.1405813573,510.46388341042,-430.405187157889,1613.0042481255,718.928470027164,240.266699522481,1589.45148597316,734.059378459595,-185.917294440706,1585.82533540864,613.183118687521,2.11803919248072,-1.12535480655527,-0.139196910989717,0.974793061696641,-0.869928276349615,11.126310348329
-168.462500657414,1952.03056288322,783.414104513399,-162.035794811161,1503.01791784156,511.029117396819,-430.209329189164,1668.55743595139,724.693015837673,238.722425898123,1640.02043796011,741.883374362769,-185.622078220861,1642.15261320678,615.64931499108,1.99931379797305,-1.21088381100345,-0.161022195010581,1.56000759305044,-1.2978059551175,13.5588869366299
-167.373765923498,2005.84206863464,789.52236965271,-160.615330818307,1560.65806179827,512.639253343167,-426.537740318116,1720.62819658727,728.8208876286,237.440558617005,1690.60233303976,749.212221771578,-185.380052753052,1697.91002864541,618.327423612577,1.85961381715048,-0.837536962406852,-0.174223701924147,0.905553491602711,-0.811463450895342,11.3427244903793
-166.240113684133,2059.25823978164,795.588892035305,-160.499365018068,1616.77553962737,514.677619624935,-424.94982900916,1774.29602896328,733.466104628356,236.532558274895,1741.204990647,756.004647003629,-185.095352379452,1753.03880666253,621.308969403824,1.54561551913478,-0.871557136439266,-0.24959436139767,1.02488732811983,-1.05864029850249,12.5235370941764
-165.093561237542,2112.17380450138,801.35861902563,-160.293459554797,1672.11667570233,516.869434489979,-423.498172008207,1827.67158401446,737.808662062013,235.863606290771,1791.79583826878,762.407814387465,-184.831837680463,1807.52614114529,624.559438409148,1.49172527311111,-1.20494710022222,-0.243121492,-0.237757770222227,-1.19340658155556,11.0951738182222
-163.949415251386,2164.76309345437,806.802686227033,-160.670554090715,1728.01104344579,519.738705945996,-422.237625084257,1880.84967479557,741.810609342714,233.69949558153,1844.10171867369,769.020018449491,-184.6664601613,1861.38561266538,628.000756603433,1.16265961246251,-1.62574170143286,-0.244409738420526,1.33745719426858,-1.51334928179496,12.2861211365101
-162.958809524166,2216.92158955255,812.233223122784,-160.386854552115,1781.58531844782,523.270353981253,-421.336777730277,1934.03090214525,745.524797024153,233.864975534018,1894.78342851122,774.340020647889,-184.828205360398,1914.90227210568,631.681870387367,1.06429149616794,-1.76231894368544,-0.283861167277575,-0.646044666111295,-1.52281732322559,12.3844084511829
-162.007883274229,2268.680231873,817.387858071453,-160.182912503593,1834.48611399911,526.687467201993,-420.339023953102,1986.65155715167,748.887513605287,234.548056331099,1945.55836829541,779.12787985928,-184.768357939444,1967.49976264597,635.372745200347,0.883153523872975,-2.39514186864312,-0.226803548301132,0.906481688096823,-0.890606145458582,10.4895422537197
-164.214115335702,2322.62436272538,823.47713045321,-159.821031831944,1886.40432546965,530.714198308085,-419.130884968405,2038.72236115613,751.785816244355,235.601364313931,1996.62127205278,783.343398527963,-184.859231883965,2019.70019767652,639.196335924128,0.668769750222223,-2.63101035466667,-0.249057183111111,0.216592122666671,-1.62576047377778,12.2684654728889
-163.139980077703,2373.46600011402,828.239492571006,-159.214638227004,1937.62178015107,535.056064556544,-419.254181057969,2091.29124048141,754.309457566644,236.960024876056,2047.61757181704,786.898351457624,-183.997890399832,2070.8231835295,643.187316516147,0.536955427714856,-3.1563247248501,-0.237152740839441,0.672518680879412,-1.50370765423051,10.1909345896069
-162.150837681306,2424.1133000528,832.953563316749,-158.292214725077,1988.00854047145,539.36706686552,-419.718390845653,2143.70630505837,756.264647480752,238.662775147977,2099.0254475188,789.77264248497,-183.348911384076,2121.38753487374,647.645329766564,0.315546296370296,-3.97782827239427,-0.244546016206016,0.228849130536131,-1.63667962382062,11.4244867256077
-161.154856759922,2473.97859939103,837.270837374384,-157.844610399194,2037.83070116935,544.410789670852,-420.298080914534,2196.15161584889,757.588791893802,241.145015715387,2150.42614204535,791.694844433008,-182.922869944805,2171.42911891635,652.044669662924,0.439495243423243,-3.68356206216007,-0.230992089133088,4.60704573060272,-1.78439086180487,12.1148961505161
-159.853079411363,2523.36601412067,841.444911928943,-157.232363444964,2087.07155103172,549.311257940975,-420.998511812945,2248.2708855475,758.366096081249,243.93915626799,2201.76022825372,792.819715245054,-182.155799896989,2220.56996281112,656.392011447596,0.117318987158388,-0.232282671715547,-0.357620074086284,6.75416674942398,-0.875677210734253,10.6519854435298
-158.775747114289,2572.31645913729,845.489235327052,-156.383375492132,2135.38346664904,554.277697065152,-422.129477083581,2300.42348836654,758.89889280866,246.899377867182,2252.75767660799,793.169157019816,-181.625902754865,2269.45847709788,661.017017523408,-0.287220046080391,0.413318871863226,0.528150419831229,-1.06263074794579,-1.51243838130136,11.9496232709305
-157.569893427653,2620.78108746987,849.49599555419,-155.596047773181,2182.95846375044,559.671326500623,-422.998767081919,2352.01050523639,759.017567173162,252.295581731199,2301.87504403855,792.350179065078,-180.654444032458,2317.41143981023,665.683949103782,-0.225934687189672,-1.97385098366986,0.0905798384640856,1.54508941233584,-1.19592831601016,9.26337074202804
-156.114126611845,2668.91771826276,852.926036369192,-155.537232705031,2226.60637255657,564.870562843155,-423.872584589534,2402.81305683716,759.118915988649,255.29909753822,2352.57268857617,792.571600100869,-179.676216806444,2364.92412870484,670.483568764405,-0.0041000260000008,-2.964807266,-0.170191495999999,2.20010024600003,-1.64803759200001,12.0180333379999
-154.807299438042,2716.8639836873,856.176324825763,-154.910787775257,2272.00461691832,569.826944608883,-424.520170398125,2452.83827663906,759.308744161682,257.756262029495,2402.1002615103,793.261602427412,-178.347886126407,2411.95545405795,675.192370014506,-0.195637510496499,-1.14918492391426,-0.305433,4.84170285849146,-1.2922317974009,10.3108442229258
-153.324807813042,2764.41223812216,858.923464086223,-154.329056727831,2319.46794878418,573.479684542821,-425.102265342896,2502.36823079873,759.894343610407,259.760947275021,2450.45623718912,794.456317956777,-173.621393672538,2455.62258221499,677.47023098022,-0.469077309452405,-0.602775682439188,0.0145618165056094,3.91422477074309,-1.37244684949461,7.2202454775075
-151.993988511538,2811.70040606678,861.274395396022,-153.580814326247,2365.73061261849,577.775630897243,-425.074448432495,2550.95008082991,760.843409952137,261.418536696261,2497.94607485208,796.500503882112,-175.884876974028,2504.92115637722,683.21008675043,-0.55939666811063,0.784927818060644,0.002443,2.97560894201933,-0.611126809063646,8.23782877740753
-150.571520816739,2858.63237573389,863.178812616281,-152.635384283636,2411.43338461668,581.701708278965,-424.797431683585,2599.00933280968,762.200575253951,262.583341939125,2544.48830994688,799.301870429455,-174.534398396174,2550.94779975152,686.527049572821,-0.568542544081722,2.04361008816344,0.0905145134354868,2.49821214523651,-0.815562121696636,5.72765559848991
-145.16472005817,2902.23126930051,862.823104625843,-151.557005024154,2456.85654775499,585.176484666373,-424.172282875792,2646.3202558782,763.774819526996,263.281052615262,2590.16385544979,802.681441394191,-170.202065251954,2594.09637128274,687.610969372853,-0.806421571365101,1.35706745062757,0.183495897700766,0.203002890369876,-2.15360989059202,6.04094457303121
-143.840369999009,2948.54560384503,863.820858105158,-150.638780665094,2502.18944401186,588.241520250989,-423.348052152309,2692.99495669616,765.646483670865,263.72169655342,2635.03721162188,806.476761929769,-166.930958108147,2638.50934035127,689.648729474841,-0.526724988344988,0.446969082917082,0.137068341658342,0.545220165501163,-2.22616971961372,4.98166095970696
-142.434535008726,2994.74143658267,864.365467821986,-149.592250082999,2547.13091331421,590.743864051728,-422.270881394053,2738.79983347455,767.430302084514,263.816078101368,2679.15045408769,810.847495400188,-165.470029828865,2683.61669877341,691.744825426093,-0.555287804352652,0.637577987119697,-0.00563253408838538,-0.827658254719096,-1.09538961536753,5.45394269753496
-141.252484167253,3040.83988963765,864.700903735647,-148.623711811134,2591.84484967389,592.961935131936,-421.347623133291,2784.29260021734,769.566131742384,263.479205562169,2722.57087158598,815.384384503057,-164.268682672557,2728.73022931434,693.491377073682,-0.523692500277692,0.618563244362994,0.0168057819615683,1.54666736099073,-2.04754839631234,4.79234509330227
-139.842594699194,3086.469500799,864.251394171101,-147.655520681441,2636.19686867198,594.606330180669,-420.135312844277,2829.09844597017,771.397420616711,262.85689352552,2765.58876594562,820.022963626352,-163.139559725279,2773.65133758966,694.852863013622,-0.419411865656898,0.635192581165617,-0.144865621007572,1.93384577774119,-0.934527773131394,4.21732675370429
-138.417287264786,3131.90430589139,863.516639120494,-146.72937767129,2680.32718773623,596.111130512165,-418.831841806286,2873.59436741353,773.122181708395,262.19111276821,2808.37758364809,824.561715412024,-161.696941540344,2818.06283218371,695.811622202157,-0.599053547253722,1.5583354479653,-0.129106160329111,2.41102775939513,-0.863825637980875,5.24397576906829
-137.323459859965,3177.08566572742,862.243931318865,-146.795168456253,2724.25376620265,598.033021114264,-417.421130759038,2917.73205338652,774.430647649671,261.575199627068,2850.94528582179,828.83274255847,-160.560774539343,2862.36724911309,696.542172884833,-0.667164328109368,1.72354622763143,0.109956,0.439491859397567,-1.29565689918862,4.57266478526175
-136.137020123024,3222.04622687054,860.722107758733,-145.755283518125,2767.6748258622,599.139240051692,-415.022321399587,2960.63157174721,774.872065933128,261.508833245477,2893.2586215641,832.18243905622,-159.184118734607,2906.12069036068,696.698667409945,-0.704107944,1.200071776,0.112633576,0.0977613680000145,-1.74865565599999,5.36266027999999
-135.260124290537,3266.67426886965,858.623783671795,-144.864789957775,2810.7308193798,600.041100886013,-413.477099623025,3004.89604250275,775.546693300191,260.994755937448,2935.80526552618,835.151019606916,-158.172026756566,2949.81793774888,696.836849182692,-0.654545727333333,1.48072677533333,0.0322120392222225,-0.917215094333337,-1.57606539044444,6.44881944555555
-134.12043008758,3311.14414027232,856.23041123535,-144.225550816388,2853.5099317278,600.859027370776,-412.351175138539,3048.65384274919,775.586453020566,260.672448799523,2978.62415097141,837.358869739032,-157.316015254127,2993.18321878104,696.535551725964,-0.696812467799246,0.932490009327127,0.0842827357317359,0.661111903841882,-1.36978317077506,5.47389060870533
-133.133001254707,3355.28592539707,853.578881592188,-143.490442658782,2895.88426890976,601.264068513235,-411.306437115892,3092.35661938247,774.934759565178,260.773626306895,3021.44516747252,838.462316289322,-156.338815343704,3036.11263334122,695.817155241655,-0.701430856666667,0.445183570000002,-0.00397100200000011,0.297607808666646,-1.03858250666666,5.90659308333336
-132.216555202288,3399.10118048525,850.507246639651,-142.721951720362,2937.94049535863,601.563259744628,-410.474337377372,3135.96385091723,773.69010897926,261.109165014851,3064.17011219482,838.50336505937,-155.015412828157,3078.42681210531,694.514322447105,-0.862271434610305,0.718114622633171,0.047183518714221,0.905441937912812,-1.0941067446059,6.84272430295024
-131.111624980823,3442.66205914443,847.047972975981,-142.100406975254,2979.63825140536,601.690637183469,-409.802791045091,3179.43279268147,771.827370654116,262.046815670471,3107.09614936973,838.136546896072,-154.21034407161,3120.86983618966,693.484119563972,-0.903275435444445,-0.235149040999995,-0.026878,-0.280692243444431,-1.38656722311112,7.16962924344443
-130.202068406442,3485.98191938054,843.279662673914,-141.415055295714,3020.96298847186,601.455695799301,-409.235739061739,3222.72971277716,769.30402977202,264.382290738354,3149.00239477446,835.927961591985,-153.485239315448,3163.02714181468,692.163607475159,-0.80554379,-0.603236444000001,0.0689656566666669,-0.0636188159999937,-1.28977902333333,6.67142404533333
-129.271193197986,3528.96545035937,839.046007890889,-140.855400737863,3062.09639557024,601.230457238053,-408.703988486517,3265.79243357559,766.299280392971,265.461131708279,3191.8581040532,833.921025363189,-152.802262694869,3204.96461566672,690.635121293309,-0.764380050555553,-0.460834022777789,-0.0236650927777769,1.71300169500004,-1.23060869055556,6.78185957833331
-128.403250903407,3571.82329565347,834.473818105267,-140.269635169734,3102.9530973038,600.614553223795,-408.224550861997,3308.64554268521,762.881405127949,266.536695308262,3234.61659072381,831.407236299557,-152.003670479798,3246.53933125602,688.636294713031,-1.0431755374195,0.297656093826339,0.0500441266933153,0.609698716411277,-1.123482158672,6.31376229125028
-127.494228847123,3614.3635789479,829.530461446132,-139.793967594356,3143.57932471461,599.768788543053,-407.905915144348,3351.417796557,759.288148255604,267.481040965806,3277.41983760857,828.51900852162,-151.457666746287,3287.98410039953,686.482920855267,-0.985571014564717,-0.275664009930499,0.00277302846739524,0.142140590864,-0.946780793445881,5.78782928235683
-126.730922049664,3656.79144394108,824.173208413865,-139.365923120043,3183.97518256072,598.642242271834,-407.404351577865,3393.77137087076,755.166688200924,268.531063748273,3319.8262725474,825.292602070026,-150.651221524062,3329.07288689666,683.808260833278,-0.996756450194771,-0.28211259643851,0.0935942402893721,-0.00973931229824887,-1.28580825409016,5.61903785553701
-125.901254549152,3698.94127787206,818.302436975363,-138.7043250459,3224.07827514519,597.026030852157,-406.997546728768,3435.85192986349,750.903497995307,269.441423000906,3362.01205279312,821.801368269992,-150.112014644131,3370.05824918186,680.918942452123,-1.00060661284069,-0.300692904322039,0.0134811578287134,1.31909193534038,-1.41340446345078,5.78582667168434
-125.093656638501,3740.91600898113,811.966223862994,-137.603787563525,3263.94216414306,595.340992018608,-406.49800740971,3477.69768860006,746.45618122266,270.154531495296,3404.05270494968,818.140480911215,-149.34668011816,3410.74514325558,677.473651864974,-1.07030180773076,-0.10436129056981,0.0413501646117961,-0.631033057314229,-0.952851075641453,4.63219404431856
-124.246757072575,3782.72851510227,805.130608716515,-136.71011925426,3303.5457966604,592.859274890161,-406.146908201378,3519.29621828818,741.946619195287,270.79787487502,3445.66802658132,814.44058841181,-148.742188428361,3451.30708570647,673.723429709099,-1.0738037539709,-0.229170027546374,0.0788666140175493,0.914785955681438,-1.04588010118849,4.5637752400311
-123.527921318469,3824.33648013105,797.781272822778,-136.038340171113,3343.20431533105,589.792295828061,-405.088787523686,3560.5238964611,736.866945403332,271.302769723207,3486.88241168764,810.51995162825,-148.31608676255,3491.79791317136,669.676331779202,-1.11112398046398,-0.203334811188812,0.049765911088911,0.176782965256972,-1.30933762060162,4.431337999778
-122.87523031327,3865.74569036506,790.111371528973,-135.498942924183,3382.55928860427,586.61436477721,-403.415044625457,3600.67868492435,731.163155388054,271.634595499181,3527.96168688526,806.522050919258,-147.772997416779,3532.03855705176,665.076334795072,-1.16273300166667,-0.0648170283333338,0.0672604100000004,0.547665141666663,-1.20705956,4.18028075833333
-122.103522148453,3906.86353150722,782.052417755648,-134.23379780489,3421.26837753932,582.489490419455,-404.277850478365,3642.16153700665,726.55944457082,271.822348319164,3568.75948641175,802.288851064085,-147.157903532737,3572.04264436351,659.975431494854,-1.141096,-0.0459713581028547,0.0551193210041093,-0.0695526701099601,-1.17720903243363,4.0031174976119
-121.378912337411,3947.83557124207,773.321526242165,-134.575419161567,3460.98492527909,578.809974662992,-403.538571600408,3682.56554794926,720.853997530624,272.017632158657,3609.19252432824,797.72978486191,-146.809426110743,3612.01090863987,654.606421952841,-1.15087,-0.0906842054870557,0.0935471226257921,0.423904166611095,-1.43826145196046,4.80071031089639
-120.770673521924,3988.65312315448,764.389779143442,-133.482292019279,3499.36585926151,574.002914068632,-402.706171580608,3722.73275286279,714.84900962088,272.13081415955,3649.64149335489,792.750498922548,-146.04443788114,3651.54803756404,648.413535802381,-1.11011652079867,-0.188819283860233,0.061535809983361,0.553720124126454,-1.33293639767055,4.64421286988353
-120.010092809031,4029.24969064299,754.904572755443,-133.860030840061,3538.78011284152,569.632636864568,-401.951418454058,3762.78215298884,708.489527753258,272.106418216662,3689.94218455049,787.545441525369,-145.757858972727,3691.24877585035,642.349641780457,-1.12379036526946,-0.075288090707474,0.075545365269461,0.186945504657352,-1.03265588766911,4.25517660767354
-119.375865781591,4069.57749258306,745.113049784503,-132.685769805348,3576.8757434545,564.002588368274,-401.208627897466,3802.70217024947,701.801546066176,272.228232343484,3730.03243483242,781.83124239409,-145.3252837861,3730.57924439364,635.704924381637,-1.13635138729055,-0.259180332384865,0.0721529581620825,0.543001104120562,-1.31089657582464,4.69919445779323
-118.873690580485,4109.80579454752,734.846479111691,-131.998906868783,3615.29328395295,558.357551745206,-400.570961392911,3842.46320607361,694.679511093029,272.297716327029,3770.18736001409,775.632606315784,-144.860455938839,3769.7927020752,628.680964916114,-1.09646311330528,-0.3890008070573,0.0739548866947232,0.277524928779539,-1.28226370702493,4.61710695208806
-117.00513660477,4149.9353552058,724.137279591599,-132.001028170958,3653.65557541065,552.739767177631,-400.013493859223,3882.1638962883,687.175286469346,272.460140647377,3810.27120603158,768.771568250641,-144.247842008369,3808.63949198938,621.149610215268,-1.12899024326431,-0.231456596637721,0.0829667112001782,0.520986327209975,-1.18162321465152,4.61916642384769
-116.461074613007,4189.83580370637,713.130617270527,-131.460815223709,3691.82154510661,546.422459242583,-399.451995887724,3921.65895301929,679.113520674353,272.802900447671,3850.16122905951,761.3175355039,-143.992656644923,3847.4938559431,613.441796699293,-1.16503915350728,-0.0677659488309053,0.0810823289280471,0.373082683835988,-1.2992596588727,5.12779123178584
-117.123845437062,4229.19019655161,701.60690563373,-131.178926370164,3729.81051730886,539.881090362255,-398.872900290758,3960.91746263918,670.421328954022,273.097404566117,3890.07619551457,753.216139919238,-145.664330829523,3887.60290537471,607.134806836204,-1.17433147333333,-0.244944754999998,0.083078,0.424829806666669,-1.132211615,4.722131795
-116.682902444436,4268.59751757393,689.931154432876,-130.908884758351,3767.69560050782,533.054430209011,-398.445710129988,4000.17605549151,661.388248870113,273.091553402207,3930.13298077704,744.793971343847,-145.550531704271,3926.32143160231,598.829321058451,-1.175896913,-0.206880421777777,0.100514819888889,0.418488556666668,-1.15682115366667,5.37344438711111
-114.830051957884,4308.0014318472,677.852418873359,-130.795643159688,3805.36535346468,525.896701785592,-398.128535786182,4039.2279709838,651.874504971452,273.668500580075,3969.81703382927,735.443511939021,-145.198005135187,3964.69644892786,589.979144262451,-1.17663630656448,-0.0727269092524716,0.0888978773742087,0.744065520937467,-1.29286345640342,5.27103927490836
-114.301520923642,4347.01065672145,665.209338230875,-130.657384574143,3842.97486907,518.404776165822,-397.641938542801,4078.09304548541,641.588761989421,274.075127821306,4009.51318931739,725.701095075695,-144.831935476394,4002.8288911525,580.921712775413,-1.190298945,-0.0395959516666667,0.091850165,0.315126893333334,-1.20773738833333,5.41402115166667
-115.276001103056,4385.58372249358,652.187704540851,-129.923327370858,3880.30748663106,510.163829998193,-397.316665199664,4116.84956014646,631.151211452247,274.695555283431,4049.03381756893,715.389410849573,-144.550269688308,4040.864211481,571.43252868813,-1.17601703287793,-0.0625110657558594,0.106087642785738,0.324125008330557,-1.09929195323781,4.94784026968789
-113.475929406167,4424.49363818586,639.036614131287,-129.606590068129,3917.51588827283,501.938414874368,-397.102595913662,4155.43793545477,620.327112992365,274.48570811976,4088.1958338397,705.52140065823,-144.110983624448,4078.78031018041,561.512558140524,-1.204626,-0.0515953600000004,0.106184607777778,0.386600605555554,-1.54535935777779,5.06409843888889
-114.63380555745,4462.7257459082,624.924066035909,-129.543695205048,3954.71763644227,493.488660758204,-396.894818819287,4193.95463729108,609.035765526418,276.832797963294,4127.56412809777,694.035971377584,-143.968772212019,4116.55536169211,551.456320315543,-1.19846066111296,-0.0357866057980683,0.112925360879707,0.4912980613129,-0.780079243918673,4.87204094035322
-112.709716136834,4501.28278123781,611.068850915681,-129.370208044665,3991.81462491503,484.568414529622,-395.911807790006,4231.67056154921,597.062515661967,277.825495620006,4166.94372811062,681.914622451367,-143.632305199437,4154.10816163917,540.845769471001,-1.219659498,0.0375832449999982,0.107605143555555,0.213803716222225,-1.05651168411111,4.67135815466667
-114.119988668272,4539.03939264196,596.140610511647,-129.169906593226,4028.72182943932,475.137780345005,-396.383191848289,4270.42186131775,585.423727715713,278.238317135682,4206.00683277299,670.119689440184,-143.380353724819,4191.61580902862,529.789000898936,-1.22996207964012,0.0313833982006003,0.11638492035988,0.31049048250583,-1.18633162701322,4.50519201854937
-112.023627361317,4577.37751906162,581.351729089152,-128.903362143433,4065.59834885848,465.476300158873,-395.50503968469,4307.81278883055,572.985487994139,278.590579802798,4244.95305238554,657.993122100731,-142.977692093453,4228.97753070677,518.23254015348,-1.23192140810277,-0.0556033194993415,0.114843,0.328344067193674,-1.17528429183136,4.33323125889328
-111.420307802308,4615.25507467826,565.970101695269,-128.945444618082,4102.34040551852,455.524497723409,-395.211980632615,4345.61301577188,560.547616192553,279.104884680091,4283.66123319524,645.433724179689,-142.915601847805,4266.17599875179,506.643865684673,-1.2528472688459,-0.0157077427173669,0.117286,0.239282,-1.09908690527018,4.09060227751834
-110.949633882739,4652.81603828818,550.273783491666,-128.647510957871,4138.89977272318,445.019664590987,-394.944048607835,4383.24750038569,547.663341337429,279.009750452108,4321.87715446533,633.134155512622,-142.63460637572,4303.27014364313,494.34626036627,-1.27616802006689,0.034208,0.12706,0.223983551839464,-1.19450931438127,4.10555524637681
-110.935283758696,4692.18573970496,533.662189743586,-128.401988059428,4175.40648725693,434.01955038418,-394.505890414299,4420.62929824209,534.338195123611,279.533866761601,4360.73376178278,619.577417516776,-142.512330540234,4340.29026687982,481.785045247784,-1.275873073,0.0107391430000002,0.129117006,0.284746,-1.282428406,4.229440329
-110.723105933633,4729.63292170291,516.885006292361,-128.403510828966,4211.79445545142,422.811287988655,-394.05311881382,4457.83496849131,520.786219827097,279.760008036383,4399.13771970218,606.035851179245,-142.093934253543,4377.14341985146,468.552707929933,-1.27474804685765,-0.00562565078836339,0.129503,0.175621933821896,-1.12256915545192,3.96179076926493
-110.605680428898,4766.99521064364,499.607461210514,-128.276975240324,4248.14924060847,411.287204712011,-393.765063809108,4496.1167348134,507.30895569779,279.925950984867,4437.30452633032,592.28537318886,-141.973150032731,4413.83994524803,455.138965260841,-1.28783101998668,0.0169769800133243,0.136834,0.307185691538972,-1.23684943237841,4.19991316122585
-110.532401105825,4804.25049254193,481.999759082823,-126.379830035742,4283.04339476275,396.976467446937,-393.125697922607,4532.97126849267,492.436247523504,280.05069244067,4475.4627947266,578.104660174308,-141.855793535752,4450.51277942926,441.449633301031,-1.2815955,0.0128279999999999,0.13500125,0.335593250000003,-1.1856435,4.06361100000001
-110.396994151964,4841.49217379469,464.175106363552,-127.935459283027,4320.46514534297,386.857296838733,-393.182300178057,4570.24942361932,478.194104876801,280.251653135299,4515.63506002109,563.526413443103,-141.628869337931,4486.9640667739,427.114321752469,-1.30513492616034,0.0148571503442153,0.139211625471908,0.237401265489674,-1.14182422895847,4.01530143826339
-110.514347101593,4878.32211615863,445.589731326128,-126.339876182054,4355.04342171717,372.00482908949,-391.564777532749,4604.17058562001,461.784895504877,280.305451861765,4553.58003737157,548.527308374032,-141.757623893944,4523.66150814184,412.88737136978,-1.328281347,0.0420586940000002,0.136834,0.271724166333333,-1.37260948099999,4.29907647355556
-110.354560206036,4914.94134699939,426.889251846014,-126.435718894441,4391.02951294742,359.013567118351,-391.794890776996,4641.57310518468,446.65070398545,280.344488653378,4591.51251941394,533.182252375814,-141.387033662708,4559.79517556927,397.785127566303,-1.335549383,0.0206395350000002,0.139277,0.294249834,-1.305090667,4.363893418
-110.410704622486,4951.56120942672,407.541155972055,-126.195112812939,4426.45197485776,345.548222913815,-391.430269872589,4678.26586100723,430.635223028081,280.461045082706,4629.29955181795,517.234881072902,-138.760487746558,4593.17575102021,381.087784105919,-1.34722105111111,-0.00558154000000006,0.140846591111111,0.343731393333333,-1.21742025555556,4.43613906888889
-110.331012736165,4987.99402152221,388.174554516982,-126.328430762713,4462.41734883945,331.878442345369,-391.586462126523,4715.46538287336,414.724085647937,280.613254889514,4666.97826971353,500.969429909068,-139.196627534729,4629.86568695277,365.825655348276,-1.35776377004219,0.0205336351321341,0.143835499777926,0.389327385631801,-1.24016680435265,4.59025850033311
-110.375841524162,5024.41989025674,368.333263787583,NaN,NaN,NaN,-391.674298532654,4752.28568447681,398.248115303911,280.484175377206,4704.50108099676,484.175262109741,-138.81297409179,4665.52322321872,349.496489678783,-1.37054981595498,0.0339759109566368,0.139277,0.459529538563391,-1.31468815623966,4.74691758391261
-110.32136397125,5060.13711982722,347.871426387106,NaN,NaN,NaN,-391.431279563213,4788.50693175977,380.890357083825,280.977005975984,4741.95321189563,467.014142453369,-139.243249493479,4702.07228895797,333.50246804938,-1.36665877725857,0.043982,0.136834,0.353840559190032,-1.32023873141967,4.8916562848242
-110.486425189873,5096.1757201054,327.381446215306,NaN,NaN,NaN,-391.550222202233,4824.71309024864,363.340473523648,280.840096803676,4779.23892085902,449.452334749522,-139.040730493883,4737.55089614286,316.438597927421,-1.35518060867626,0.0755597480762794,0.144164,0.28713994959295,-1.387837,5.15248382089885
-110.449236845881,5131.86743109376,306.293879593837,NaN,NaN,NaN,-391.583274742145,4861.0723598773,345.651152295056,281.02280623123,4816.42373605644,431.269594297713,-139.198104372902,4773.32152647426,299.353488423781,-1.323766996,0.0312637029999998,0.149640004,0.393576426,-1.338767954,4.998314741
-110.511685237156,5167.388567522,285.048141150907,NaN,NaN,NaN,-391.397410304187,4896.81341605768,327.032109120303,280.958847797143,4853.49362853449,412.962926792775,-138.888317395721,4808.52094141691,281.406292576882,-1.31453695523714,0.0221261711651671,0.146608,0.422956439853383,-1.30165187715206,4.98344529345773
-110.371291604905,5202.44767935874,263.205375651244,NaN,NaN,NaN,-391.934765952967,4933.68795731539,309.1978661175,282.918638781968,4886.45980757685,394.629343104783,-138.998375337382,4844.43186426163,263.701626849839,-1.29898534621364,0.0849501019320457,0.150490033977349,0.353423149900066,-1.32070342971352,5.01309857028648
-111.027373564736,5238.71857785429,242.003632517718,NaN,NaN,NaN,-391.919855804263,4969.50468239807,290.073600480996,282.897554254963,4923.45782533154,375.40978712729,-139.153266298502,4879.95796652718,245.41485394604,-1.28247032511659,0.0802877541638907,0.147656162558294,0.368495,-1.37177470153231,5.00407158827448
-108.024231764582,5268.5837075301,217.114471957429,NaN,NaN,NaN,-391.865339066494,5005.20159956035,270.724348179386,281.768400983226,4964.6018529537,357.132271819381,-139.243511542063,4915.15831446725,226.609999640566,-1.25828132844444,0.0505653319999999,0.157229992444444,0.272050273777778,-1.30305988888889,4.98067015466667
-107.912473284904,5303.77234820054,194.190497687245,NaN,NaN,NaN,-391.792921969201,5041.09161450012,251.080420975007,283.522408912056,4996.73090656901,335.383068447997,-139.890307809307,4951.31411025332,208.29416611492,-1.24402710355556,0.0650557675555554,0.160657792888889,0.406476636888888,-1.25503668844444,4.82243582933333
-108.560059883906,5339.2212898028,171.453869824996,NaN,NaN,NaN,-392.091436054154,5076.96077379227,231.362796949812,283.946854002298,5032.05701433822,314.449141782681,-139.527868326203,4986.92877176299,189.054186042443,-1.2466437664112,0.0992244671776067,0.153938,0.380450346884381,-1.29287604698434,4.73121653482173
-108.599035426331,5374.21449631935,147.834371468094,NaN,NaN,NaN,-391.75136144,5111.867998191,210.499600017061,283.67233665592,5069.12414883393,293.819087592356,-139.678708469074,5021.97375988031,169.166273040775,-1.25358490458736,0.0978282257025438,0.148961774297456,0.305491967566365,-1.26845946340109,4.70257739342441
-108.927886319286,5409.21606139496,124.044613082142,NaN,NaN,NaN,-391.583086482586,5147.08001524837,189.69837040631,283.329457274893,5106.47628262874,272.981501645947,-140.051765248182,5057.17468188589,149.202045493976,-1.25371743904064,0.0955168936264712,0.155049007772596,0.271695329780147,-1.32888701709971,4.84611866489007
NaN,NaN,NaN,NaN,NaN,NaN,-392.396999537759,5183.86355251644,170.166648347112,283.548816261183,5142.65738829523,251.42497971238,-140.448902769623,5092.31850192812,128.879879164638,-1.245048982231,0.100393192826588,0.157708982230997,0.355719632115828,-1.37553384600197,4.97712856893715
NaN,NaN,NaN,NaN,NaN,NaN,NaN,NaN,NaN,282.797733560037,5179.54767706155,230.240341773596,-140.671985139491,5127.19218415538,107.918149815353,-1.23386874841719,0.107531816949906,0.153977625791403,0.261031421415084,-1.35674940342108,5.14705801710541
NaN,NaN,NaN,NaN,NaN,NaN,NaN,NaN,NaN,NaN,NaN,NaN,-140.522876463882,5161.58269271603,86.0352332087136,-1.20868622214869,0.0982768877123319,0.156920667218178,0.388276397198322,-1.38203337337304,5.32429094727553
NaN,NaN,NaN,NaN,NaN,NaN,NaN,NaN,NaN,NaN,NaN,NaN,-141.14403138145,5196.88082115456,65.0333223020602,-1.17607686533333,0.0920795733333332,0.151495,0.340581541333334,-1.44077254133333,5.667199752
NaN,NaN,NaN,NaN,NaN,NaN,NaN,NaN,NaN,NaN,NaN,NaN,-141.096071482624,5231.5563969887,43.1274481248929,-1.13532057403088,0.106687083860935,0.162918169943353,0.29512503287793,-1.44933592535822,5.81769797756305
NaN,NaN,NaN,NaN,NaN,NaN,NaN,NaN,NaN,NaN,NaN,NaN,NaN,NaN,NaN,-1.09760464468132,0.0909658321119256,0.166155,0.38818330335332,-1.50487709926716,6.22347748034645
NaN,NaN,NaN,NaN,NaN,NaN,NaN,NaN,NaN,NaN,NaN,NaN,NaN,NaN,NaN,-1.04470097468354,0.137934025316456,0.177835788141239,0.329182619586943,-1.533799,6.73773896535643
NaN,NaN,NaN,NaN,NaN,NaN,NaN,NaN,NaN,NaN,NaN,NaN,NaN,NaN,NaN,-0.278616025210074,-0.815772976370006,0.624435643467621,-12.6564437236225,-27.9019069522378,49.4198471733102
NaN,NaN,NaN,NaN,NaN,NaN,NaN,NaN,NaN,NaN,NaN,NaN,NaN,NaN,NaN,7.94644524158599,0.292377879484397,-2.82231246262369,25.9276210622039,-11.5800874839543,7.97732501377028
NaN,NaN,NaN,NaN,NaN,NaN,NaN,NaN,NaN,NaN,NaN,NaN,NaN,NaN,NaN,-0.345635702190105,-3.41220192503947,-2.21931173808983,6.84063147459806,16.3017817613459,-78.398438
NaN,NaN,NaN,NaN,NaN,NaN,NaN,NaN,NaN,NaN,NaN,NaN,NaN,NaN,NaN,0.62276522666653,-1.61443715822235,-4.96056607377741,78.398438,-48.8535109680014,78.398438
NaN,NaN,NaN,NaN,NaN,NaN,NaN,NaN,NaN,NaN,NaN,NaN,NaN,NaN,NaN,9.79737326384707,12.0020325491175,0.715010150738261,-78.398438,-3.12627203418804,-72.5460612638478
NaN,NaN,NaN,NaN,NaN,NaN,NaN,NaN,NaN,NaN,NaN,NaN,NaN,NaN,NaN,-7.82563599408094,-4.98475382045378,7.0301872762249,-18.0155444149944,-16.060563544557,-74.1035342804996
NaN,NaN,NaN,NaN,NaN,NaN,NaN,NaN,NaN,NaN,NaN,NaN,NaN,NaN,NaN,-2.72326083872023,0.569076928357517,-1.94123142097082,71.3307055634764,-29.9880624075309,78.398438
NaN,NaN,NaN,NaN,NaN,NaN,NaN,NaN,NaN,NaN,NaN,NaN,NaN,NaN,NaN,0.897801169259522,6.19775338695786,2.69891539501278,-45.5362419511212,23.308938852257,-76.7116812748542
NaN,NaN,NaN,NaN,NaN,NaN,NaN,NaN,NaN,NaN,NaN,NaN,NaN,NaN,NaN,-3.77950915084923,1.28611217282714,1.15505195404599,38.6654059580413,-3.80098397902051,41.3279675334665
NaN,NaN,NaN,NaN,NaN,NaN,NaN,NaN,NaN,NaN,NaN,NaN,NaN,NaN,NaN,-0.35940453886298,3.74851867299578,0.189555600710637,4.98036734821231,-1.67883120941595,-49.9374333703087
NaN,NaN,NaN,NaN,NaN,NaN,NaN,NaN,NaN,NaN,NaN,NaN,NaN,NaN,NaN,-4.89265974530719,-2.45558209619021,-0.373204006775492,3.59616305598038,-6.8155255769189,20.7844389951118
NaN,NaN,NaN,NaN,NaN,NaN,NaN,NaN,NaN,NaN,NaN,NaN,NaN,NaN,NaN,-1.71306148,4.16693124666648,-1.61893934000001,-41.9147101999979,-4.06358660666717,78.3191398533328
NaN,NaN,NaN,NaN,NaN,NaN,NaN,NaN,NaN,NaN,NaN,NaN,NaN,NaN,NaN,-1.08184043026877,0.352968151898753,3.80741518476591,-9.37752864956744,-5.15125943260076,41.2548347148589
NaN,NaN,NaN,NaN,NaN,NaN,NaN,NaN,NaN,NaN,NaN,NaN,NaN,NaN,NaN,1.9445750645555,-5.77407052777763,-2.00308130933347,62.2548271021101,14.8172837842222,-22.0265646316679
NaN,NaN,NaN,NaN,NaN,NaN,NaN,NaN,NaN,NaN,NaN,NaN,NaN,NaN,NaN,-3.07449692935687,2.18397040786402,1.52339267444187,-35.9501277637453,-1.48622823392203,11.9509123272248
NaN,NaN,NaN,NaN,NaN,NaN,NaN,NaN,NaN,NaN,NaN,NaN,NaN,NaN,NaN,1.37217375727292,-5.66297848656458,-1.63992052764819,34.8596884030645,-10.9334028159009,-28.0691472245172
NaN,NaN,NaN,NaN,NaN,NaN,NaN,NaN,NaN,NaN,NaN,NaN,NaN,NaN,NaN,-2.412704218632,7.7343868776371,-2.47362739651346,-23.2465926652232,-4.74770009926716,1.95543412447209
NaN,NaN,NaN,NaN,NaN,NaN,NaN,NaN,NaN,NaN,NaN,NaN,NaN,NaN,NaN,-0.484483085458777,-3.19044963365349,1.14217931036769,-11.0620188817495,-15.2385407959589,19.759359687314
NaN,NaN,NaN,NaN,NaN,NaN,NaN,NaN,NaN,NaN,NaN,NaN,NaN,NaN,NaN,-0.50333912393017,-2.40393104457046,-1.59808915260642,11.5279337096812,0.146684689118622,-1.3472383566745
NaN,NaN,NaN,NaN,NaN,NaN,NaN,NaN,NaN,NaN,NaN,NaN,NaN,NaN,NaN,0.383613751310339,0.153392857031263,0.309937125013922,-6.92767467346893,8.22135156116847,11.2583831983935
NaN,NaN,NaN,NaN,NaN,NaN,NaN,NaN,NaN,NaN,NaN,NaN,NaN,NaN,NaN,0.256602334000056,0.839571185000249,-0.996785009000029,2.34594226699984,-6.87789363800049,24.3268867440001
NaN,NaN,NaN,NaN,NaN,NaN,NaN,NaN,NaN,NaN,NaN,NaN,NaN,NaN,NaN,0.526606484060862,-0.503556884482972,-0.837310483283359,8.01550960091071,-3.55178661112965,11.9343464143072
NaN,NaN,NaN,NaN,NaN,NaN,NaN,NaN,NaN,NaN,NaN,NaN,NaN,NaN,NaN,0.289122075949366,0.848128156118136,-0.894822042194094,-7.58870043881846,-9.20428027848108,19.5670995400843
NaN,NaN,NaN,NaN,NaN,NaN,NaN,NaN,NaN,NaN,NaN,NaN,NaN,NaN,NaN,0.624887197534982,0.54620125216522,-0.220911293137898,-9.88960491938707,-13.0817100103264,9.82036828347766
NaN,NaN,NaN,NaN,NaN,NaN,NaN,NaN,NaN,NaN,NaN,NaN,NaN,NaN,NaN,0.777388693639694,-0.820907347430349,0.3104475090465,-6.80663304229096,-7.54986911754911,3.90380399445006
NaN,NaN,NaN,NaN,NaN,NaN,NaN,NaN,NaN,NaN,NaN,NaN,NaN,NaN,NaN,1.01976441622222,-0.848307765555562,-0.34238555577778,-4.91332645755543,-9.10775904200003,12.5258667733332
NaN,NaN,NaN,NaN,NaN,NaN,NaN,NaN,NaN,NaN,NaN,NaN,NaN,NaN,NaN,1.15138941229536,-0.586381730704973,0.0854844767791473,-1.32305477514217,-6.27261847444044,10.5492686642166
NaN,NaN,NaN,NaN,NaN,NaN,NaN,NaN,NaN,NaN,NaN,NaN,NaN,NaN,NaN,1.40808767732978,-1.6128355581473,-0.224470125735878,8.02922576741083,-3.7950448980337,10.4274100172167
NaN,NaN,NaN,NaN,NaN,NaN,NaN,NaN,NaN,NaN,NaN,NaN,NaN,NaN,NaN,1.44478790764791,0.1917591821512,-1.05365578521478,0.00203421456313413,-4.9829455488955,14.4537871980241
NaN,NaN,NaN,NaN,NaN,NaN,NaN,NaN,NaN,NaN,NaN,NaN,NaN,NaN,NaN,1.24071388083416,0.684873697120143,-0.576916553459115,-0.664940088050274,-7.83800718437613,5.30448476696444
NaN,NaN,NaN,NaN,NaN,NaN,NaN,NaN,NaN,NaN,NaN,NaN,NaN,NaN,NaN,1.74691127633044,-0.0952110763749686,-0.593078590514363,-0.326550822979325,-8.09618030817188,14.3327807898019
NaN,NaN,NaN,NaN,NaN,NaN,NaN,NaN,NaN,NaN,NaN,NaN,NaN,NaN,NaN,1.64526239353843,0.707505880251408,-0.387953412834935,-7.88355979711105,-6.90882844767891,11.4866393836145
NaN,NaN,NaN,NaN,NaN,NaN,NaN,NaN,NaN,NaN,NaN,NaN,NaN,NaN,NaN,1.90468385011555,-1.30677383228788,-0.0762390881479036,1.96032211356883,-8.55164407230108,5.38386037966326
NaN,NaN,NaN,NaN,NaN,NaN,NaN,NaN,NaN,NaN,NaN,NaN,NaN,NaN,NaN,0.856195859473859,-0.30805384093684,-0.0352488382728382,-7.21564836585637,-11.9429587451437,-4.61252604173604
NaN,NaN,NaN,NaN,NaN,NaN,NaN,NaN,NaN,NaN,NaN,NaN,NaN,NaN,NaN,-0.859609242646259,-1.14185241047849,-0.0115438087468258,7.44588927972059,0.296447198912142,7.8481341154414
NaN,NaN,NaN,NaN,NaN,NaN,NaN,NaN,NaN,NaN,NaN,NaN,NaN,NaN,NaN,0.697566145048403,0.372487905635226,-0.86080178126043,3.14765802367444,-5.17759697865972,5.40293281393859
NaN,NaN,NaN,NaN,NaN,NaN,NaN,NaN,NaN,NaN,NaN,NaN,NaN,NaN,NaN,-0.277983225738411,0.0995690072174209,-0.235667948256712,-0.420238679658054,-12.6997965367532,4.51328533177884
NaN,NaN,NaN,NaN,NaN,NaN,NaN,NaN,NaN,NaN,NaN,NaN,NaN,NaN,NaN,-0.804871450366423,1.52418841749943,-0.124048595602933,0.247009475682865,-5.61195464579194,9.0082101487897
NaN,NaN,NaN,NaN,NaN,NaN,NaN,NaN,NaN,NaN,NaN,NaN,NaN,NaN,NaN,-1.02690165044985,0.0724275961346099,0.0175132672442532,-6.18112714428534,-12.6702154748419,17.3776035391541
NaN,NaN,NaN,NaN,NaN,NaN,NaN,NaN,NaN,NaN,NaN,NaN,NaN,NaN,NaN,-0.284866545595912,0.176078407752969,-0.0817418259469071,-3.31405442330336,-8.67451128834832,18.6396214826169
NaN,NaN,NaN,NaN,NaN,NaN,NaN,NaN,NaN,NaN,NaN,NaN,NaN,NaN,NaN,0.110862505662891,-0.604398323117922,-0.0830541665556296,-2.71403942704865,-2.44733050877194,5.15892305907173
NaN,NaN,NaN,NaN,NaN,NaN,NaN,NaN,NaN,NaN,NaN,NaN,NaN,NaN,NaN,-0.0569550291545206,-1.18762376773567,-0.127983338192417,4.0270444820214,-2.29239193780372,11.3210489096208
NaN,NaN,NaN,NaN,NaN,NaN,NaN,NaN,NaN,NaN,NaN,NaN,NaN,NaN,NaN,0.240490065511879,0.432978584499226,-0.398511346657783,1.17550333799687,-1.30089492294025,12.1042271028203
NaN,NaN,NaN,NaN,NaN,NaN,NaN,NaN,NaN,NaN,NaN,NaN,NaN,NaN,NaN,0.0402218345258377,1.00972127416241,-0.263587403407155,0.52471823657013,-1.01653046087451,9.32762333980693
NaN,NaN,NaN,NaN,NaN,NaN,NaN,NaN,NaN,NaN,NaN,NaN,NaN,NaN,NaN,0.338068559068222,0.338812511813643,-0.373695108818635,-1.92145186023296,-1.25491892246257,16.3191549407654
NaN,NaN,NaN,NaN,NaN,NaN,NaN,NaN,NaN,NaN,NaN,NaN,NaN,NaN,NaN,0.620931319444444,-0.516273357222225,-0.0402643816666661,0.277817499444462,0.744606162222208,10.3826554466667
NaN,NaN,NaN,NaN,NaN,NaN,NaN,NaN,NaN,NaN,NaN,NaN,NaN,NaN,NaN,0.629516305777778,-0.351443834666671,-0.307396250666666,1.89719347733336,0.51292724,10.7619846728889
NaN,NaN,NaN,NaN,NaN,NaN,NaN,NaN,NaN,NaN,NaN,NaN,NaN,NaN,NaN,0.0432610763079018,1.09814117060979,-0.149322379540156,-4.18352749550151,0.836285849050339,4.17310020759748
NaN,NaN,NaN,NaN,NaN,NaN,NaN,NaN,NaN,NaN,NaN,NaN,NaN,NaN,NaN,-0.043251376947039,0.740459772585674,0.0146154704049824,-2.22706921806849,2.68324127725856,0.441002619937651
NaN,NaN,NaN,NaN,NaN,NaN,NaN,NaN,NaN,NaN,NaN,NaN,NaN,NaN,NaN,-0.196545605777775,-0.274733163555556,0.112888776888888,-3.62621656244444,0.393358126000023,11.9087326326668
NaN,NaN,NaN,NaN,NaN,NaN,NaN,NaN,NaN,NaN,NaN,NaN,NaN,NaN,NaN,-0.021991,-0.672680220259925,0.0807745101632808,1.09373484605136,-1.64563227624125,11.5914046811063
NaN,NaN,NaN,NaN,NaN,NaN,NaN,NaN,NaN,NaN,NaN,NaN,NaN,NaN,NaN,0.10340392524714,-0.741269083416644,-0.00888128601577107,1.16577097023216,0.250903825280456,11.6249061264023
NaN,NaN,NaN,NaN,NaN,NaN,NaN,NaN,NaN,NaN,NaN,NaN,NaN,NaN,NaN,-0.00543814499999997,0.221638449777777,-0.0403188843333334,-1.02439428411111,0.457353222000001,7.89186535622222
NaN,NaN,NaN,NaN,NaN,NaN,NaN,NaN,NaN,NaN,NaN,NaN,NaN,NaN,NaN,-0.133409574917492,0.267029418481845,-0.327951524092424,-0.715545277887802,0.0114587848184897,11.1245675207921
NaN,NaN,NaN,NaN,NaN,NaN,NaN,NaN,NaN,NaN,NaN,NaN,NaN,NaN,NaN,0.0533995799086759,-0.241679401826484,0.0732816164383563,-1.65695880365297,-0.334045004566212,11.0913559315068
NaN,NaN,NaN,NaN,NaN,NaN,NaN,NaN,NaN,NaN,NaN,NaN,NaN,NaN,NaN,0.117897170625629,-0.409652894279026,0.120883761458683,-0.519170231961682,0.828319230400328,8.13436924813203
NaN,NaN,NaN,NaN,NaN,NaN,NaN,NaN,NaN,NaN,NaN,NaN,NaN,NaN,NaN,-0.0545791449999978,-0.353977829,0.0809581710000005,1.85211298233327,0.104727713000065,9.29927541499996
NaN,NaN,NaN,NaN,NaN,NaN,NaN,NaN,NaN,NaN,NaN,NaN,NaN,NaN,NaN,0.0185141710000003,0.0215533348888799,0.0202529412222224,1.12436347377781,-0.0186897257777826,10.8886634335556
NaN,NaN,NaN,NaN,NaN,NaN,NaN,NaN,NaN,NaN,NaN,NaN,NaN,NaN,NaN,-0.0597688955555551,0.241481905333337,-0.0474873215555549,-0.280211486000001,0.150980135999986,9.92157402311109
NaN,NaN,NaN,NaN,NaN,NaN,NaN,NaN,NaN,NaN,NaN,NaN,NaN,NaN,NaN,0.0637432666666654,-0.167015847333332,-0.00912715466666672,-0.04301179533334,-0.372026420000008,11.061363202
NaN,NaN,NaN,NaN,NaN,NaN,NaN,NaN,NaN,NaN,NaN,NaN,NaN,NaN,NaN,0.0953271211111041,-0.219674897777763,-0.0565013444444453,-0.378919256666676,0.563857992222255,8.2307829511111
NaN,NaN,NaN,NaN,NaN,NaN,NaN,NaN,NaN,NaN,NaN,NaN,NaN,NaN,NaN,-0.0408842755555531,0.138275117777756,-0.0388837299999979,-0.764366035555562,0.870421286666649,8.7107725788888
NaN,NaN,NaN,NaN,NaN,NaN,NaN,NaN,NaN,NaN,NaN,NaN,NaN,NaN,NaN,-0.0651821039999957,0.0824523479999806,0.0015052919999991,0.157381072000024,-0.605642787999983,10.9622293560001
NaN,NaN,NaN,NaN,NaN,NaN,NaN,NaN,NaN,NaN,NaN,NaN,NaN,NaN,NaN,0.0224444945054993,-0.0182949074259178,-0.0365398973248914,-0.46865254123657,0.212072732378723,10.1169319459429
NaN,NaN,NaN,NaN,NaN,NaN,NaN,NaN,NaN,NaN,NaN,NaN,NaN,NaN,NaN,0.00532490306462158,-0.0221420018876263,0.0104033059071725,0.0518517423939482,0.369472553186777,9.11523122940266
NaN,NaN,NaN,NaN,NaN,NaN,NaN,NaN,NaN,NaN,NaN,NaN,NaN,NaN,NaN,-0.0429871698113218,0.196583531281037,-0.0299188818272089,-0.329002679245308,-0.511101307845189,10.8307501042701
NaN,NaN,NaN,NaN,NaN,NaN,NaN,NaN,NaN,NaN,NaN,NaN,NaN,NaN,NaN,0.0444840667111407,0.0813874505225705,0.01100673938181,-0.372051175672671,0.295622145207913,10.1733002884145
NaN,NaN,NaN,NaN,NaN,NaN,NaN,NaN,NaN,NaN,NaN,NaN,NaN,NaN,NaN,0.0457525388344038,-0.078191,0.0134713076316076,-0.0814359381129474,0.35836484398603,8.43682057344155
NaN,NaN,NaN,NaN,NaN,NaN,NaN,NaN,NaN,NaN,NaN,NaN,NaN,NaN,NaN,-0.0605301265822791,0.0863562405063316,-0.0145679620253154,-0.429102848101261,0.509307708860729,9.53218693670889
NaN,NaN,NaN,NaN,NaN,NaN,NaN,NaN,NaN,NaN,NaN,NaN,NaN,NaN,NaN,-0.0311250308785977,0.10786756103521,0.0214932494723994,-0.159527596134618,-0.227444128179526,11.0675070048873
NaN,NaN,NaN,NaN,NaN,NaN,NaN,NaN,NaN,NaN,NaN,NaN,NaN,NaN,NaN,0.0376682300688431,-0.000326731512325637,0.0141852802576061,-0.476683654785699,0.140757264046192,9.87693773872973
NaN,NaN,NaN,NaN,NaN,NaN,NaN,NaN,NaN,NaN,NaN,NaN,NaN,NaN,NaN,-0.00364285871376166,-0.00106693035654873,0.039095,-0.365886140619797,0.406516876041315,9.34788549816727
NaN,NaN,NaN,NaN,NaN,NaN,NaN,NaN,NaN,NaN,NaN,NaN,NaN,NaN,NaN,-0.0153528657114298,0.0549578508275029,0.0142945971342894,0.382970304454065,-0.0973086390092246,10.2387063094524
NaN,NaN,NaN,NaN,NaN,NaN,NaN,NaN,NaN,NaN,NaN,NaN,NaN,NaN,NaN,0.00812716033755385,0.10718268598712,-0.00818081412391517,-0.147463122362855,-0.0405131803242187,10.2239226204753
NaN,NaN,NaN,NaN,NaN,NaN,NaN,NaN,NaN,NaN,NaN,NaN,NaN,NaN,NaN,0.017366594270485,0.074786530313127,-0.0173221852098602,-0.82573763224517,0.455020951365758,9.708325781479
NaN,NaN,NaN,NaN,NaN,NaN,NaN,NaN,NaN,NaN,NaN,NaN,NaN,NaN,NaN,-0.00429424158613614,-0.1642560737532,0.002443,-0.515617581250698,0.263578055981363,9.97706082339223
NaN,NaN,NaN,NaN,NaN,NaN,NaN,NaN,NaN,NaN,NaN,NaN,NaN,NaN,NaN,0.0187484109618243,-0.212562239923226,0.0190091689059498,0.16418728087011,-0.101062770526762,10.0229418952868
NaN,NaN,NaN,NaN,NaN,NaN,NaN,NaN,NaN,NaN,NaN,NaN,NaN,NaN,NaN,0.0132024201514625,-0.0250488643397955,-0.0149658165953266,0.444709426078321,0.452848338491902,9.77498393315771
NaN,NaN,NaN,NaN,NaN,NaN,NaN,NaN,NaN,NaN,NaN,NaN,NaN,NaN,NaN,-0.0410973006884278,0.14500180723961,-0.0217099216078157,-0.867454647346208,0.129408626693316,9.99863526204754
NaN,NaN,NaN,NaN,NaN,NaN,NaN,NaN,NaN,NaN,NaN,NaN,NaN,NaN,NaN,0.0251823219609137,-0.105471094954177,0.00540435386993492,0.0468398283095784,0.00990913702109051,10.2413376950425
NaN,NaN,NaN,NaN,NaN,NaN,NaN,NaN,NaN,NaN,NaN,NaN,NaN,NaN,NaN,0.0366889127248502,-0.174309294137242,-0.0282693377748168,-0.175616818121251,0.335300104930046,9.60661023051299
NaN,NaN,NaN,NaN,NaN,NaN,NaN,NaN,NaN,NaN,NaN,NaN,NaN,NaN,NaN,-0.017948799289126,0.0910409827835189,-0.00666630512051594,-0.0721144627346306,0.242117520493171,10.2116237428635
NaN,NaN,NaN,NaN,NaN,NaN,NaN,NaN,NaN,NaN,NaN,NaN,NaN,NaN,NaN,-0.0125156115739199,0.0691242932355864,-0.0358110057758511,-0.501589680106663,-0.0514045098300414,9.96259768055092
NaN,NaN,NaN,NaN,NaN,NaN,NaN,NaN,NaN,NaN,NaN,NaN,NaN,NaN,NaN,0.0109798354430385,-0.0608081772151911,0.0180633417721526,-0.942560341772142,0.382820911392406,9.30159902531642
NaN,NaN,NaN,NaN,NaN,NaN,NaN,NaN,NaN,NaN,NaN,NaN,NaN,NaN,NaN,-0.00415591891591704,-0.112336642008219,0.0103166566699985,0.34896444518494,-0.11446635477063,10.1668420753082
NaN,NaN,NaN,NaN,NaN,NaN,NaN,NaN,NaN,NaN,NaN,NaN,NaN,NaN,NaN,-0.0106430324228293,0.0393304623584277,-0.0156008494337107,-0.115821608705309,0.127602683544299,10.1671956984233
NaN,NaN,NaN,NaN,NaN,NaN,NaN,NaN,NaN,NaN,NaN,NaN,NaN,NaN,NaN,0.00621450683105653,0.0560671666111306,-0.0131204795068304,-0.450395770076631,0.381889308897034,9.84043384005335
NaN,NaN,NaN,NaN,NaN,NaN,NaN,NaN,NaN,NaN,NaN,NaN,NaN,NaN,NaN,1.08541597246065e-05,-0.0880627052093753,0.0220127127624127,-0.59974750572031,0.0702318667111017,9.41524574875044
NaN,NaN,NaN,NaN,NaN,NaN,NaN,NaN,NaN,NaN,NaN,NaN,NaN,NaN,NaN,0.00137313635354214,-0.0355990202087489,0.00947016522318443,0.178764524095049,0.110870382411723,10.2375431860982
NaN,NaN,NaN,NaN,NaN,NaN,NaN,NaN,NaN,NaN,NaN,NaN,NaN,NaN,NaN,-0.00463716326530628,0.0522102857142844,-0.00623314285714278,-0.184491224489792,0.302081632653058,10.0049775510204
NaN,NaN,NaN,NaN,NaN,NaN,NaN,NaN,NaN,NaN,NaN,NaN,NaN,NaN,NaN,-0.000815420197976026,0.0431535347569757,0.00814575397619869,-0.246470247803361,0.143559752196639,9.76114408697587
NaN,NaN,NaN,NaN,NaN,NaN,NaN,NaN,NaN,NaN,NaN,NaN,NaN,NaN,NaN,-0.00681044277108503,-0.557360020526639,-0.00655071731370028,-0.257256476126734,0.187259936635449,10.0243531815038
NaN,NaN,NaN,NaN,NaN,NaN,NaN,NaN,NaN,NaN,NaN,NaN,NaN,NaN,NaN,0.0113935966666666,0.540323148999996,0.00733,0.000379700333332553,0.262625556999998,9.956535
NaN,NaN,NaN,NaN,NaN,NaN,NaN,NaN,NaN,NaN,NaN,NaN,NaN,NaN,NaN,-0.00729939475730386,0.0748814321892715,-0.00814982450294334,-0.339084122292586,0.191455965789181,9.63374664411866
NaN,NaN,NaN,NaN,NaN,NaN,NaN,NaN,NaN,NaN,NaN,NaN,NaN,NaN,NaN,0.00136626735532582,0.0899916577807372,0.00625326735532582,-0.329598156503384,0.161346246917663,9.88117030889702
NaN,NaN,NaN,NaN,NaN,NaN,NaN,NaN,NaN,NaN,NaN,NaN,NaN,NaN,NaN,0.000745867421720065,-0.0200794053964026,-0.002443,-0.328438200532976,0.282042117255164,9.97455718254499
NaN,NaN,NaN,NaN,NaN,NaN,NaN,NaN,NaN,NaN,NaN,NaN,NaN,NaN,NaN,0.00727572364767265,-0.0683491503943126,0.00978756769965576,-0.104392660557602,-0.176710197378649,9.87297304354104
NaN,NaN,NaN,NaN,NaN,NaN,NaN,NaN,NaN,NaN,NaN,NaN,NaN,NaN,NaN,0.002443,-0.0441881598934042,-0.014661,-0.167263547412834,0.187430418609821,9.78836084743505
NaN,NaN,NaN,NaN,NaN,NaN,NaN,NaN,NaN,NaN,NaN,NaN,NaN,NaN,NaN,0.004887,-0.0235033804130581,-0.000465583610926003,-0.265603,0.291868462358427,9.82435944170553
NaN,NaN,NaN,NaN,NaN,NaN,NaN,NaN,NaN,NaN,NaN,NaN,NaN,NaN,NaN,-0.012217,0.0107684200244192,-0.00409484992784982,-0.356662604506604,0.09972338006438,9.85164160117661
NaN,NaN,NaN,NaN,NaN,NaN,NaN,NaN,NaN,NaN,NaN,NaN,NaN,NaN,NaN,0.0080669271353992,-0.0481453291125178,0.00317992713539919,-0.167460024769522,0.14424128046207,10.1705365538154
NaN,NaN,NaN,NaN,NaN,NaN,NaN,NaN,NaN,NaN,NaN,NaN,NaN,NaN,NaN,0.00922142904399564,-0.0199410790605353,0.002443,-0.141719018524647,0.276101040357261,9.74388000860072
NaN,NaN,NaN,NaN,NaN,NaN,NaN,NaN,NaN,NaN,NaN,NaN,NaN,NaN,NaN,-0.0129607957957957,0.0422817957957957,-0.00329327605383164,-0.294730833055277,0.246360267934602,9.91563554943833
NaN,NaN,NaN,NaN,NaN,NaN,NaN,NaN,NaN,NaN,NaN,NaN,NaN,NaN,NaN,-0.00391006978818313,-0.0425153551839462,-0.00733,-0.271523749386844,0.0768060071348922,10.1942033085842
NaN,NaN,NaN,NaN,NaN,NaN,NaN,NaN,NaN,NaN,NaN,NaN,NaN,NaN,NaN,0.0151621282051282,-0.113339205128205,0.004887,-0.301311769230772,0.172160692307693,9.78946794871795
NaN,NaN,NaN,NaN,NaN,NaN,NaN,NaN,NaN,NaN,NaN,NaN,NaN,NaN,NaN,0.00737774603174584,-0.0449367252747214,-0.00709132844932942,0.000569898656906092,0.260257042735045,9.79560829304029
NaN,NaN,NaN,NaN,NaN,NaN,NaN,NaN,NaN,NaN,NaN,NaN,NaN,NaN,NaN,-0.00917941816566701,0.027074720963798,-0.0110280796135903,-0.158179944259366,0.17732593881856,10.0670560888297
NaN,NaN,NaN,NaN,NaN,NaN,NaN,NaN,NaN,NaN,NaN,NaN,NaN,NaN,NaN,0,0.0094087835945297,-0.00585794064688201,-0.379804763587862,0.160973236412138,9.8674498336112
NaN,NaN,NaN,NaN,NaN,NaN,NaN,NaN,NaN,NaN,NaN,NaN,NaN,NaN,NaN,0.00580634199999977,-0.0528366580000002,0,-0.252075535777772,0.20202530288889,9.88562355555556
NaN,NaN,NaN,NaN,NaN,NaN,NaN,NaN,NaN,NaN,NaN,NaN,NaN,NaN,NaN,-0.000216938616938619,-0.0141234689754689,-0.002443,-0.0820946087246088,0.172698724386724,9.9198932960373
NaN,NaN,NaN,NaN,NaN,NaN,NaN,NaN,NaN,NaN,NaN,NaN,NaN,NaN,NaN,-0.00700100933333329,0.061087,-0.00455787466666662,-0.217650953333332,0.116424865333335,9.89501397066667
NaN,NaN,NaN,NaN,NaN,NaN,NaN,NaN,NaN,NaN,NaN,NaN,NaN,NaN,NaN,-0.002443,0.00229188230068818,-0.00331791183655339,-0.419600654674661,0.196947231623362,9.96202878214524
NaN,NaN,NaN,NaN,NaN,NaN,NaN,NaN,NaN,NaN,NaN,NaN,NaN,NaN,NaN,0.00875220548705984,-0.0639302471398422,0.002443,-0.218057810951904,0.183369021548374,9.92160264100855
NaN,NaN,NaN,NaN,NaN,NaN,NaN,NaN,NaN,NaN,NaN,NaN,NaN,NaN,NaN,-0.00291346396841067,-0.0113685222112536,-0.00197272852912141,-0.11476604047384,0.190324980256663,9.8448262230997
NaN,NaN,NaN,NaN,NaN,NaN,NaN,NaN,NaN,NaN,NaN,NaN,NaN,NaN,NaN,-0.004887,0.041329942629393,-0.002443,-0.242771507802854,0.213370417087683,9.96159393521949
NaN,NaN,NaN,NaN,NaN,NaN,NaN,NaN,NaN,NaN,NaN,NaN,NaN,NaN,NaN,0.161154246799131,-0.000495840618101159,0.00181580154525381,-0.296774190507726,0.157797362251655,9.9170849803532
NaN,NaN,NaN,NaN,NaN,NaN,NaN,NaN,NaN,NaN,NaN,NaN,NaN,NaN,NaN,0.00604789277389279,-0.0180228894438895,0.004887,-0.148236266400266,0.226655751581751,9.87882786679987
NaN,NaN,NaN,NaN,NaN,NaN,NaN,NaN,NaN,NaN,NaN,NaN,NaN,NaN,NaN,-0.00317948472731303,0.0381246681106296,-0.004887,-0.185753350660889,0.198668419637897,9.91565960635344
NaN,NaN,NaN,NaN,NaN,NaN,NaN,NaN,NaN,NaN,NaN,NaN,NaN,NaN,NaN,0.574948920000065,0.0105114757777801,-0.00225353177777803,-0.30978746511111,0.0994244986666616,9.94807746511111
NaN,NaN,NaN,NaN,NaN,NaN,NaN,NaN,NaN,NaN,NaN,NaN,NaN,NaN,NaN,0.00733,-0.0390483475508152,-0.00279889070309913,-0.357877753082305,0.197558753082305,9.86614073308897
NaN,NaN,NaN,NaN,NaN,NaN,NaN,NaN,NaN,NaN,NaN,NaN,NaN,NaN,NaN,0.004887,-0.0420548771228755,0.002443,-0.158316515373502,0.191421589965595,9.92290717538018
NaN,NaN,NaN,NaN,NaN,NaN,NaN,NaN,NaN,NaN,NaN,NaN,NaN,NaN,NaN,0.00144734177777787,-0.00470238000000097,-0.00343906577777768,-0.135606243111108,0.172725439111111,9.95502687822222
NaN,NaN,NaN,NaN,NaN,NaN,NaN,NaN,NaN,NaN,NaN,NaN,NaN,NaN,NaN,-0.000451503496503731,0.010862304695304,-0.004887,-0.284904040959046,0.188930649350653,9.866414004995
NaN,NaN,NaN,NaN,NaN,NaN,NaN,NaN,NaN,NaN,NaN,NaN,NaN,NaN,NaN,-0.00234805773928502,-0.0118371532311796,-0.002443,-0.341523045081058,0.187941909837885,9.90644717677104
NaN,NaN,NaN,NaN,NaN,NaN,NaN,NaN,NaN,NaN,NaN,NaN,NaN,NaN,NaN,0.00180064779036217,-0.029322,0.00180064779036217,-0.214085703308902,0.185639855429716,9.95314185542972
NaN,NaN,NaN,NaN,NaN,NaN,NaN,NaN,NaN,NaN,NaN,NaN,NaN,NaN,NaN,0,-0.029322,-0.004887,-0.178331796833773,0.174543915567282,9.93395768337731
NaN,NaN,NaN,NaN,NaN,NaN,NaN,NaN,NaN,NaN,NaN,NaN,NaN,NaN,NaN,0,-0.021991,-0.004887,-0.271085628888889,0.185550146666666,9.91915892222222
NaN,NaN,NaN,NaN,NaN,NaN,NaN,NaN,NaN,NaN,NaN,NaN,NaN,NaN,NaN,0.00259874509803923,-0.0343637450980392,-0.002443,-0.272782,0.185619392156863,9.87583664705882
NaN,NaN,NaN,NaN,NaN,NaN,NaN,NaN,NaN,NaN,NaN,NaN,NaN,NaN,NaN,-0.00168729866666666,-0.0280117066666667,0,-0.194756746666667,0.181510098666667,9.909220568
NaN,NaN,NaN,NaN,NaN,NaN,NaN,NaN,NaN,NaN,NaN,NaN,NaN,NaN,NaN,-0.00151838670224584,-0.00336799177229274,-0.000924613297754159,-0.157992759617524,0.180949310429175,9.93971886190794
NaN,NaN,NaN,NaN,NaN,NaN,NaN,NaN,NaN,NaN,NaN,NaN,NaN,NaN,NaN,-0.000972698523698617,-0.002443,-0.00391390331890322,-0.247834874680876,0.17567268043068,9.906286
NaN,NaN,NaN,NaN,NaN,NaN,NaN,NaN,NaN,NaN,NaN,NaN,NaN,NaN,NaN,0,-0.0155132510836943,-0.00201696165388476,-0.267885261753919,0.173117637545848,9.92292426175392
NaN,NaN,NaN,NaN,NaN,NaN,NaN,NaN,NaN,NaN,NaN,NaN,NaN,NaN,NaN,0.00232449728049732,-0.0289663948273949,-0.00232449728049732,-0.199764676656676,0.181274613164613,9.92122333832834
NaN,NaN,NaN,NaN,NaN,NaN,NaN,NaN,NaN,NaN,NaN,NaN,NaN,NaN,NaN,0.00177786164779026,-0.0173220979347106,-0.002443,-0.204491989118364,0.190110454585833,9.91171075793915
NaN,NaN,NaN,NaN,NaN,NaN,NaN,NaN,NaN,NaN,NaN,NaN,NaN,NaN,NaN,0,-0.004887,-0.0036763977348434,-0.226177794803464,0.18664,9.90758292971352
NaN,NaN,NaN,NaN,NaN,NaN,NaN,NaN,NaN,NaN,NaN,NaN,NaN,NaN,NaN,-0.000685483122362926,-0.00312876371308023,-0.002443,-0.25200355907173,0.181940105485232,9.91615053375527
NaN,NaN,NaN,NaN,NaN,NaN,NaN,NaN,NaN,NaN,NaN,NaN,NaN,NaN,NaN,0.00230406675552605,-0.0047480098855938,-0.002443,-0.221579485504833,0.191017730756415,9.92352291413973
NaN,NaN,NaN,NaN,NaN,NaN,NaN,NaN,NaN,NaN,NaN,NaN,NaN,NaN,NaN,-0.00195329954954954,-0.000489700450450465,-0.002443,-0.207690132882883,0.185686033783784,9.95555408783784
NaN,NaN,NaN,NaN,NaN,NaN,NaN,NaN,NaN,NaN,NaN,NaN,NaN,NaN,NaN,-0.00148642977777791,0,-0.00339996177777764,-0.24323243688889,0.176132007555556,9.94863512622222
NaN,NaN,NaN,NaN,NaN,NaN,NaN,NaN,NaN,NaN,NaN,NaN,NaN,NaN,NaN,0.00395412359300116,-0.0116393711133402,-0.002443,-0.260945895687062,0.186859333333333,9.91289743764627
NaN,NaN,NaN,NaN,NaN,NaN,NaN,NaN,NaN,NaN,NaN,NaN,NaN,NaN,NaN,0.00204804833333311,-0.017104,-0.002443,-0.222990819999999,0.192199575,9.89618422833333
NaN,NaN,NaN,NaN,NaN,NaN,NaN,NaN,NaN,NaN,NaN,NaN,NaN,NaN,NaN,0,-0.009774,-0.002443,-0.217161042111111,0.187079514333333,9.90657894833333
NaN,NaN,NaN,NaN,NaN,NaN,NaN,NaN,NaN,NaN,NaN,NaN,NaN,NaN,NaN,-0.000694897777777706,-0.000694897777777706,0,-0.236581137777779,0.183566608888889,9.91109184
NaN,NaN,NaN,NaN,NaN,NaN,NaN,NaN,NaN,NaN,NaN,NaN,NaN,NaN,NaN,0,-0.004887,-0.002443,-0.246826481506165,0.179502667444185,9.91094950616461
NaN,NaN,NaN,NaN,NaN,NaN,NaN,NaN,NaN,NaN,NaN,NaN,NaN,NaN,NaN,0,-0.0153149631234033,-0.00423276918804844,-0.231632468399422,0.183135889703432,9.93867315739198
NaN,NaN,NaN,NaN,NaN,NaN,NaN,NaN,NaN,NaN,NaN,NaN,NaN,NaN,NaN,0.004887,-0.0147681848272796,-0.002443,-0.219321735088301,0.198394061646118,9.9068109116961
NaN,NaN,NaN,NaN,NaN,NaN,NaN,NaN,NaN,NaN,NaN,NaN,NaN,NaN,NaN,0.002443,-0.0186721818787472,-0.00444900133244491,-0.243459167888074,0.174247141239174,9.93310395003331
NaN,NaN,NaN,NaN,NaN,NaN,NaN,NaN,NaN,NaN,NaN,NaN,NaN,NaN,NaN,0,-0.021991,-0.002443,-0.24310373206751,0.179032472573841,9.92878526793249
NaN,NaN,NaN,NaN,NaN,NaN,NaN,NaN,NaN,NaN,NaN,NaN,NaN,NaN,NaN,0,-0.0186350302222224,-0.00153040377777791,-0.225846944444445,0.188139081555556,9.90657438177778
NaN,NaN,NaN,NaN,NaN,NaN,NaN,NaN,NaN,NaN,NaN,NaN,NaN,NaN,NaN,0,-0.012217,-0.002443,-0.222179534363696,0.187333411706676,9.94152528904966
NaN,NaN,NaN,NaN,NaN,NaN,NaN,NaN,NaN,NaN,NaN,NaN,NaN,NaN,NaN,0,-0.0120338435465772,-0.002443,-0.227676815712682,0.174137851402919,9.92985518428732
NaN,NaN,NaN,NaN,NaN,NaN,NaN,NaN,NaN,NaN,NaN,NaN,NaN,NaN,NaN,0,-0.0188099190113652,-0.00414891901136518,-0.254361679134944,0.18085917091471,9.90655845194748
NaN,NaN,NaN,NaN,NaN,NaN,NaN,NaN,NaN,NaN,NaN,NaN,NaN,NaN,NaN,-0.00117065501165512,-0.0231621341991343,-0.00117065501165512,-0.234596087912088,0.175623478188479,9.9166053023643
NaN,NaN,NaN,NaN,NaN,NaN,NaN,NaN,NaN,NaN,NaN,NaN,NaN,NaN,NaN,0.002443,-0.019548,-0.002443,-0.20339,0.182616380398671,9.92430777131783
NaN,NaN,NaN,NaN,NaN,NaN,NaN,NaN,NaN,NaN,NaN,NaN,NaN,NaN,NaN,-0.00236430734199696,-0.0145822751305119,-0.0048082751305119,-0.22276324625125,0.177300214039765,9.91153346029102
NaN,NaN,NaN,NaN,NaN,NaN,NaN,NaN,NaN,NaN,NaN,NaN,NaN,NaN,NaN,0.002443,-0.0102397986666667,-0.004887,-0.236889,0.189033,9.923258728
NaN,NaN,NaN,NaN,NaN,NaN,NaN,NaN,NaN,NaN,NaN,NaN,NaN,NaN,NaN,0.00101208449922256,-0.0117985832778144,-0.004887,-0.217986234843439,0.185478191094827,9.91561776515656
NaN,NaN,NaN,NaN,NaN,NaN,NaN,NaN,NaN,NaN,NaN,NaN,NaN,NaN,NaN,0.00400401519689415,-0.00800839168053261,-0.004887,-0.224462434608985,0.178396763283417,9.91645931003882
NaN,NaN,NaN,NaN,NaN,NaN,NaN,NaN,NaN,NaN,NaN,NaN,NaN,NaN,NaN,0.00210597834055307,-0.00733,-0.002443,-0.229298605798068,0.178801752082639,9.93813451816061
NaN,NaN,NaN,NaN,NaN,NaN,NaN,NaN,NaN,NaN,NaN,NaN,NaN,NaN,NaN,0.002443,-0.009774,-0.002443,-0.239282,0.180832009771264,9.91503777881412
NaN,NaN,NaN,NaN,NaN,NaN,NaN,NaN,NaN,NaN,NaN,NaN,NaN,NaN,NaN,0.00166529945573704,-0.010551700544263,-0.002443,-0.21850878362768,0.189686816172387,9.92390475108297
NaN,NaN,NaN,NaN,NaN,NaN,NaN,NaN,NaN,NaN,NaN,NaN,NaN,NaN,NaN,-0.00133685718986514,-0.00622385718986514,-0.002443,-0.216663496215861,0.173412867719645,9.90913098486344
NaN,NaN,NaN,NaN,NaN,NaN,NaN,NaN,NaN,NaN,NaN,NaN,NaN,NaN,NaN,0,-0.00431670615059502,-0.002443,-0.237048660215771,0.172523072850629,9.91840942687132
NaN,NaN,NaN,NaN,NaN,NaN,NaN,NaN,NaN,NaN,NaN,NaN,NaN,NaN,NaN,0.00241904101192494,-0.00489897949403753,-0.002443,-0.222543734314053,0.186675202942159,9.92065473431405
NaN,NaN,NaN,NaN,NaN,NaN,NaN,NaN,NaN,NaN,NaN,NaN,NaN,NaN,NaN,0,-0.00733,-0.002443,-0.235009173160173,0.182879560439561,9.93671089044289
NaN,NaN,NaN,NaN,NaN,NaN,NaN,NaN,NaN,NaN,NaN,NaN,NaN,NaN,NaN,0.002443,-0.00870415617016526,-0.002443,-0.245711443185604,0.186937962123736,9.92079675708097
NaN,NaN,NaN,NaN,NaN,NaN,NaN,NaN,NaN,NaN,NaN,NaN,NaN,NaN,NaN,0,-0.012217,-0.00161400377903734,-0.240906058908525,0.196125162609758,9.91662628042681
NaN,NaN,NaN,NaN,NaN,NaN,NaN,NaN,NaN,NaN,NaN,NaN,NaN,NaN,NaN,0,-0.012217,-0.00215898700866062,-0.239282,0.199327915056627,9.92175568454364
NaN,NaN,NaN,NaN,NaN,NaN,NaN,NaN,NaN,NaN,NaN,NaN,NaN,NaN,NaN,-0.00218114339664582,-0.0168421433966458,-0.002443,-0.227574497278685,0.196211,9.90919199455737
NaN,NaN,NaN,NaN,NaN,NaN,NaN,NaN,NaN,NaN,NaN,NaN,NaN,NaN,NaN,0,-0.0138533867243869,-0.00163571717171731,-0.242507528138529,0.17867123953824,9.9238671976912
NaN,NaN,NaN,NaN,NaN,NaN,NaN,NaN,NaN,NaN,NaN,NaN,NaN,NaN,NaN,0.000264570143285333,-0.0133066607797402,-0.00135378507164267,-0.238764243585472,0.188545098967012,9.9169233682106
NaN,NaN,NaN,NaN,NaN,NaN,NaN,NaN,NaN,NaN,NaN,NaN,NaN,NaN,NaN,0,-0.019548,-0.00434452209638028,-0.2422061577837,0.1765378422163,9.92090556695536
NaN,NaN,NaN,NaN,NaN,NaN,NaN,NaN,NaN,NaN,NaN,NaN,NaN,NaN,NaN,0.002443,-0.019548,-0.002443,-0.234501946859903,0.180655776000888,9.92300281542562
NaN,NaN,NaN,NaN,NaN,NaN,NaN,NaN,NaN,NaN,NaN,NaN,NaN,NaN,NaN,0.00132194164456252,-0.0201085291777187,-0.00056052917771874,-0.219590942970822,0.168202111405835,9.92024845623342
