,0,1,2,3,4,5,6,7
0,(delayy)(C1) waiting,,,,,,,
1,(delayy)(C1) waiting,,,,,,,
2,(delayy)(C1) waiting,,,,,,,
3,(delayy)(C1) waiting,,,,,,,
4,(delayy)(C1) waiting,,,,,,,
5,3894,0.000000,-0.014661,0.000000,-0.222532,1.887937,9.748360,"0.000000"
6,6789,0.000000,-0.012217,-0.002443,-0.212961,1.885544,9.753145,"0.000000"
7,9593,0.000000,-0.014661,-0.002443,-0.212961,1.890330,9.745967,"0.000000"
8,12614,0.000000,-0.012217,-0.002443,-0.220140,1.887937,9.753145,"0.000000"
9,15595,-0.002443,-0.012217,0.000000,-0.220140,1.859223,9.724432,"0.000000"
10,18598,-0.002443,-0.012217,-0.002443,-0.217747,1.868794,9.743573,"0.000000"
11,21598,0.002443,-0.009774,-0.004887,-0.229711,1.899901,9.767502,"0.000000"
12,24599,-0.002443,-0.012217,-0.004887,-0.198604,1.914258,9.781858,"0.000000"
13,27600,0.002443,-0.012217,-0.002443,-0.200997,2.076970,9.918250,"0.000000"
14,30600,0.002443,-0.004887,-0.002443,-0.160319,2.443072,10.277173,"0.000000"
15,33601,0.012217,0.002443,-0.004887,0.215354,3.558127,11.258230,"0.000000"
16,36602,0.046426,-0.024435,-0.007330,0.586242,4.031906,11.621940,"0.000000"
17,39621,0.083078,-0.056200,-0.021991,0.887737,4.541577,11.724831,"0.000000"
18,42619,0.124617,-0.053756,-0.036652,1.959722,7.965706,15.421743,"0.000000"
19,45607,0.256563,0.017104,-0.080634,2.301895,11.076376,18.372091,"0.000000"
20,48608,0.422719,0.095295,-0.151495,2.732604,13.603197,20.693130,"0.000000"
21,51611,0.579100,0.195477,-0.227242,1.643869,16.213766,23.124239,"0.000000"
22,54611,0.737925,0.515570,-0.310320,-0.789632,15.577276,21.384655,"0.000000"
23,57612,0.813672,0.740369,-0.300546,-2.593820,16.756937,21.482761,"0.000000"
24,60613,0.847881,0.762360,-0.229685,-1.318445,15.586846,17.450855,"0.000000"
25,63616,1.111775,-0.354302,-0.083078,0.043071,15.397814,17.563318,"0.000000"
26,66616,1.339017,-0.598648,-0.151495,1.758725,16.718653,18.573090,"0.000000"
27,69617,1.495398,-0.395841,-0.200364,-0.634098,16.295122,18.482162,"0.000000"
28,72618,1.678658,0.119730,-0.234572,-0.763310,24.390041,16.539192,"0.000000"
29,75651,1.754405,0.266337,-0.224798,0.009571,27.577282,18.845871,"0.000000"
30,78630,1.979203,0.180816,-0.222355,-1.208375,25.395027,13.426128,"0.000000"
31,81624,1.903456,-0.068417,-0.124617,-1.744368,19.798214,10.054641,"0.000000"
32,84625,1.952325,0.158825,-0.058643,-0.660419,23.315666,6.314659,"0.000000"
33,87626,2.003638,0.471588,-0.043982,2.481357,26.761328,9.016156,"0.000000"
34,90627,2.265088,-0.388510,-0.092852,1.562513,27.498318,6.721439,"0.000000"
35,93628,2.282193,-0.417832,-0.234572,0.787239,25.557737,5.876772,"0.000000"
36,96629,2.162463,-0.215025,-0.302989,-0.662812,26.065018,1.653440,"0.000000"
37,99630,1.971873,-0.048869,-0.271224,1.292124,27.823740,2.797210,"0.000000"
38,102631,1.971873,0.026878,-0.119730,-0.806381,28.742586,2.072184,"0.000000"
39,105632,2.037846,0.241903,-0.122173,2.356930,31.022945,2.782853,"0.000000"
40,108634,1.881465,0.080634,-0.212581,2.892923,30.297922,-0.136391,"0.000000"
41,111655,1.808161,0.068417,-0.280998,3.644269,30.479774,-0.679562,"0.000000"
42,114641,1.722640,0.124617,-0.390954,1.916651,29.673393,-3.991228,"0.000000"
43,117639,1.549154,0.161268,-0.388510,0.368495,29.089544,-4.809574,"0.000000"
44,120641,1.419651,0.200364,-0.376293,-1.272982,30.546774,-3.914658,"0.000000"
45,122313,1.419651,0.200364,-0.376293,-1.272982,30.546774,-3.914658,"0.000000"
46,125313,12.874596,-80.035561,65.992989,39.199219,58.387264,8.236095,"0.000000"
47,128313,12.874596,-80.035561,65.992989,39.199219,65.565735,8.236095,"0.000000"
48,131314,12.913692,-80.035561,65.992989,39.199219,72.744202,8.236095,"0.000000"
49,134317,12.913692,-80.035561,65.992989,39.199219,-76.890968,8.236095,"0.000000"
50,138653,0.779464,-0.065973,-0.378736,0.540778,32.551960,-4.974678,"0.000000"
51,141670,0.605978,0.119730,-0.376293,0.818345,33.178879,-5.367101,"0.000000"
52,143326,0.605978,0.119730,-0.376293,0.818345,33.178879,-5.367101,"0.000000"
53,147653,0.366519,0.217468,-0.427606,-1.328017,37.471603,-10.025927,"0.000000"
54,149326,0.366519,0.217468,-0.427606,-1.328017,37.471603,-10.025927,"0.000000"
55,152326,12.913692,-80.035561,65.992989,39.199219,0.002393,0.000000,"0.000000"
56,155325,12.913692,-80.035561,65.992989,39.199219,0.002393,0.000000,"0.000000"
57,158326,12.874596,-80.035561,65.992989,39.199219,-19.465612,8.236095,"0.000000"
58,161328,12.913692,-80.035561,65.992989,39.199219,0.002393,0.000000,"0.000000"
59,165662,-5.656612,1.815491,-0.620639,0.512064,19.798214,6.001199,"0.000000"
60,168666,-3.897320,2.932153,-0.102625,-8.690731,-2.270789,36.445084,"0.000000"
61,171675,-0.994489,2.863736,0.505796,-16.943579,-11.069198,14.266008,"0.000000"
62,174733,-0.344528,2.944370,1.062906,-13.172488,2.608176,-16.273586,"0.000000"
63,177724,-0.847881,0.952950,0.972497,-25.332815,11.806187,-53.091949,"0.000000"
64,180673,-3.489262,-0.474031,-0.092852,0.701097,15.491134,-49.418964,"0.000000"
65,182800,-0.024923,-0.003386,-0.000663,0.701097,15.491134,-49.418964,"0.000000"
66,186782,-0.028414,-0.001501,-0.003560,-118.143227,35.882767,-156.796875,"0.000000"
67,189777,-0.015900,0.007348,-0.003944,127.858086,-42.558746,-156.796875,"0.000000"
68,192778,-0.005637,-0.010001,-0.008378,13.131810,5.570491,60.337418,"0.000000"
69,195778,-0.019251,-0.023265,-0.011135,12.729816,25.158136,-19.602003,"0.000000"
70,198781,-0.033702,-0.002251,-0.001501,15.146567,14.998212,-3.689733,"0.000000"
71,201782,-0.043267,0.001396,-0.000035,6.790831,2.766103,28.565517,"0.000000"
72,204784,-0.031468,0.017418,-0.004032,6.216553,-2.675175,51.211189,"0.000000"
73,207786,-0.010123,0.030264,-0.002932,5.417351,-9.652646,63.137020,"0.000000"
74,210780,-0.003299,0.010158,0.001484,6.297909,-9.183653,31.891539,"0.000000"
75,213792,-0.002409,-0.003875,-0.001187,-6.096912,-3.431308,-0.861416,"0.000000"
76,216789,-0.019164,-0.003700,-0.004643,-8.532805,2.766103,-12.997812,"0.000000"
77,219791,-0.026180,0.001431,-0.000087,-11.169696,6.800402,7.652247,"0.000000"
78,222875,-0.006842,0.029182,-0.003211,-1.718047,7.867601,39.926640,"0.000000"
79,225776,0.011833,0.023684,-0.003944,8.336594,21.114265,104.015999,"0.000000"
80,228773,-0.000541,0.006475,-0.002915,-11.322837,17.773888,132.782516,"0.000000"
81,231774,-0.001152,0.006667,-0.008011,1.182054,3.182454,27.354748,"0.000000"
82,234779,0.000977,0.010716,-0.008029,-15.806986,1.359123,20.142780,"0.000000"
83,237474,-0.001606,-0.005201,-0.003368,-2.220540,2.502892,-44.831924,"0.000000"
84,240800,-0.010367,-0.002391,0.002251,5.130211,3.723232,-24.081367,"0.000000"
85,243790,-0.007365,0.016877,-0.001850,-9.312866,-3.196811,-2.402394,"0.000000"
86,246789,0.001100,0.005742,0.001065,-9.533006,-8.508877,22.564316,"0.000000"
87,249790,0.007470,0.002880,0.001937,-10.427922,-1.890330,24.086153,"0.000000"
88,252792,0.017069,0.016860,0.007191,-14.931214,-5.029713,15.089141,"0.000000"
89,255788,0.009669,-0.029653,0.005027,-13.217952,2.277967,-28.115665,"0.000000"
90,258789,0.001763,-0.031835,-0.004259,7.025328,6.431907,-33.355949,"0.000000"
91,261791,-0.007453,-0.004451,-0.010524,16.553547,8.791230,-10.485349,"0.000000"
92,264793,-0.003665,0.011606,-0.010821,10.901700,0.459422,13.418950,"0.000000"
93,267793,0.005480,0.007994,-0.003159,8.202596,-4.326224,22.013969,"0.000000"
94,270794,0.001030,-0.000977,0.000017,6.853044,-4.948358,11.006985,"0.000000"
95,273799,0.001082,0.004154,-0.002723,-2.522035,-1.904687,5.211568,"0.000000"
96,276831,-0.000995,0.000820,-0.005655,-6.393622,0.803988,-3.010171,"0.000000"
97,279795,-0.006702,-0.001169,-0.001902,-1.134198,0.349352,1.684547,"0.000000"
98,282802,-0.002950,-0.006318,-0.002321,1.268196,-0.488136,22.090538,"0.000000"
99,285802,-0.003194,-0.006021,-0.004555,-2.746960,-9.178868,25.651058,"0.000000"
100,288802,-0.000454,0.004800,-0.003665,1.761117,-10.313066,20.578274,"0.000000"
101,291802,0.004939,0.005533,-0.003159,-3.885944,-10.073783,15.854843,"0.000000"
102,294802,-0.002321,0.011502,0.002601,0.780060,-32.815170,18.108883,"0.000000"
103,297804,-0.009983,0.019286,0.006545,-5.967700,-51.187263,3.077170,"0.000000"
104,300805,-0.004468,0.011188,0.010158,-8.767302,-41.611187,-3.345166,"0.000000"
105,303808,-0.004136,-0.009721,0.005934,-10.710275,-27.450460,-0.100499,"0.000000"
106,306810,-0.007034,-0.009163,0.003892,-13.074384,-16.845470,12.452249,"0.000000"
107,309873,-0.004032,-0.010140,0.001798,-11.461620,-10.155140,14.055441,"0.000000"
108,312830,-0.002688,-0.019356,-0.002478,14.725430,-13.552947,17.209179,"0.000000"
109,315814,0.000227,-0.022131,-0.002967,20.420349,-8.489736,24.593431,"0.000000"
110,318816,-0.000367,0.001955,-0.008674,19.113867,-9.757931,21.138195,"0.000000"
111,321818,-0.003229,0.010856,-0.007976,6.077770,-6.340981,15.203995,"0.000000"
112,324820,-0.005114,0.003089,-0.005463,5.134997,-3.359523,15.759130,"0.000000"
113,327821,-0.007697,-0.002618,-0.002129,3.101098,-2.574677,18.774088,"0.000000"
114,330823,-0.004398,0.003613,-0.002094,-2.402394,-0.894916,18.415163,"0.000000"
115,333824,-0.003491,0.007679,-0.001815,-1.469193,-5.943771,25.354349,"0.000000"
116,336826,0.001553,0.009913,-0.000593,-2.770889,-5.828917,5.714061,"0.000000"
117,339844,-0.005096,0.007313,0.000349,-0.540778,-15.074783,9.346365,"0.000000"
118,342841,-0.008011,0.012671,0.006196,-3.378666,-45.750774,-3.967300,"0.000000"
119,345831,-0.006894,0.020211,0.005620,-5.379066,-22.530817,7.336394,"0.000000"
120,348832,0.002182,0.000925,0.003002,-18.482162,-7.657032,1.440479,"0.000000"
121,351834,-0.003019,-0.014399,0.000419,-8.394022,-1.909473,10.217353,"0.000000"
122,354836,-0.004224,-0.015638,0.000925,-11.906686,-6.920043,6.384051,"0.000000"
123,357838,0.001815,-0.012619,0.003665,-6.958328,-3.450450,2.957529,"0.000000"
124,360840,0.001012,-0.011694,0.002321,-0.301496,-4.766503,5.905486,"0.000000"
125,363842,0.001501,-0.015813,-0.001990,7.216753,-3.957729,8.327023,"0.000000"
126,366844,0.002566,-0.013893,-0.005899,9.198010,-1.923829,6.513264,"0.000000"
127,369844,-0.001187,-0.001833,-0.006021,7.733603,-1.081556,1.919044,"0.000000"
128,372846,-0.003054,0.001274,0.002601,10.906486,3.890730,3.708875,"0.000000"
129,375879,-0.003630,0.006423,-0.000785,0.555135,2.895315,6.484550,"0.000000"
130,378857,-0.001728,0.006824,-0.001204,-1.129412,1.627119,7.743174,"0.000000"
131,381851,-0.002164,0.007662,0.000105,2.924029,-0.746561,8.111669,"0.000000"
132,384853,-0.000925,0.007906,-0.003822,3.369094,-4.163511,1.330409,"0.000000"
133,387854,-0.002950,0.009966,0.000279,1.938186,-4.776074,3.407379,"0.000000"
134,390854,-0.002897,0.005655,-0.000838,-0.760918,-2.857030,3.182454,"0.000000"
135,393855,-0.003560,0.001868,-0.002077,-2.009971,-3.804588,7.298110,"0.000000"
136,396857,-0.002950,0.001833,-0.001536,-3.617948,-3.718446,4.929215,"0.000000"
137,399859,-0.002967,-0.000332,-0.000873,-6.489336,-2.718246,4.527221,"0.000000"
138,402859,-0.000419,-0.001414,0.001204,-5.249853,-2.938386,0.995414,"0.000000"
139,405860,-0.026791,-0.016319,0.000262,-2.632105,-27.081966,-15.787844,"0.000000"
140,408862,-0.000175,-0.007470,0.000506,-0.459422,11.968900,-7.695317,"0.000000"
141,411883,0.008151,-0.007051,0.002234,-8.260024,5.292924,26.206196,"0.000000"
142,414870,0.000785,-0.001798,0.000105,5.307281,-2.024328,20.774487,"0.000000"
143,417868,-0.003648,-0.005672,0.002688,-0.952343,-5.288138,-2.818745,"0.000000"
144,420870,-0.005864,-0.003822,0.002775,2.268396,-0.392423,-5.900700,"0.000000"
145,423872,-0.000855,-0.007767,0.000506,-5.493921,-1.732404,-5.647061,"0.000000"
146,426874,-0.003526,0.004206,-0.001902,0.090927,-1.560120,22.564316,"0.000000"
147,429875,0.002985,0.007679,-0.001117,2.636891,-1.875973,7.523034,"0.000000"
148,432876,-0.000977,-0.003840,0.000454,3.818945,1.148555,11.217554,"0.000000"
149,435878,-0.002059,-0.007103,0.001292,6.886543,2.837888,-9.111869,"0.000000"
150,438894,-0.007871,-0.004119,0.000890,0.267996,4.938786,-8.451449,"0.000000"
151,441902,-0.007802,-0.000209,-0.002967,-0.382852,3.043670,-4.881359,"0.000000"
152,444883,-0.006650,0.008587,-0.002234,2.086541,0.507278,8.953942,"0.000000"
153,447884,-0.003334,0.007016,-0.001484,5.000999,-3.378666,11.184053,"0.000000"
154,450885,-0.001187,0.009774,-0.000244,4.220940,-1.110270,13.141382,"0.000000"
155,453887,-0.002705,0.010821,0.000471,-0.521635,-1.550549,-0.861416,"0.000000"
156,456888,-0.016406,0.001309,0.003229,-7.953743,-0.569492,-9.461221,"0.000000"
157,459888,-0.022061,0.006178,0.002915,-7.235896,-1.086341,-15.452849,"0.000000"
158,462890,-0.014713,0.012043,0.003386,-6.896115,-3.948158,-1.100698,"0.000000"
159,465900,-0.008622,0.002478,0.001169,3.220740,-2.852245,8.566306,"0.000000"
160,468901,-0.002967,-0.001257,-0.001012,2.493321,-2.861816,11.854043,"0.000000"
161,471895,-0.005515,-0.002723,-0.002374,2.636891,1.545763,2.019542,"0.000000"
162,474926,-0.010489,0.001885,-0.001658,-7.494321,0.124427,-4.125226,"0.000000"
163,477903,-0.011013,-0.000855,-0.002566,-9.513863,-1.383052,-13.371094,"0.000000"
164,480898,-0.017802,-0.004032,0.004259,-6.436693,-3.364309,-1.272982,"0.000000"
165,483900,-0.010210,-0.006964,0.004259,2.574677,-2.627319,0.827917,"0.000000"
166,486900,-0.010175,-0.010664,0.004363,5.766702,-2.703890,6.087341,"0.000000"
167,489902,-0.008482,-0.012270,-0.002234,9.308080,-1.593620,-7.374679,"0.000000"
168,492904,-0.015691,0.001868,-0.002356,2.699104,2.191825,-0.062213,"0.000000"
169,495905,-0.017802,0.004800,-0.000314,-1.880759,1.430908,-11.681760,"0.000000"
170,498912,-0.020595,0.003124,0.000140,-3.579663,2.962314,-3.972086,"0.000000"
171,501912,-0.019548,-0.002234,0.002391,2.364109,0.339781,-3.670590,"0.000000"
172,504935,-0.017750,-0.000105,0.001204,3.110669,-0.239282,5.833702,"0.000000"
173,507936,-0.019286,0.001833,0.001257,3.981657,-13.213167,-2.139183,"0.000000"
174,510931,-0.018291,0.001222,0.001100,1.545763,-0.425922,-11.930614,"0.000000"
175,513916,-0.021555,0.002985,0.000087,-0.095713,4.536791,-16.275980,"0.000000"
176,516915,0.142017,0.086027,0.012933,-1.473979,-5.388636,14.175082,"0.000000"
177,519917,0.127182,0.081786,0.012514,1.325624,-37.576885,156.796875,"0.000000"
178,572282,0.006405,-0.054454,0.008168,-20.611773,-2.029114,53.486763,"0.000000"
179,575289,0.014364,-0.003438,-0.002775,-11.265409,6.876972,-23.755945,"0.000000"
180,578013,0.001536,-0.002199,0.002269,-8.202596,11.447264,-0.315853,"0.000000"
181,580992,-0.001466,0.002793,0.003386,-2.115255,2.373680,-4.369295,"0.000000"
182,584005,0.007889,0.008570,0.000838,3.766303,2.598605,15.251852,"0.000000"
183,587002,0.005114,0.004067,-0.004468,9.432507,-6.451050,18.616159,"0.000000"
184,589994,0.005864,0.003927,-0.007051,7.073184,0.086142,12.940385,"0.000000"
185,592993,0.000541,0.006597,-0.003648,-0.301496,5.307281,15.136997,"0.000000"
186,595993,0.001623,0.012078,0.001990,-10.930414,4.656433,22.731815,"0.000000"
187,598995,0.005009,0.016109,0.002827,-11.011770,4.048656,37.261036,"0.000000"
188,601997,0.017157,0.007610,0.004869,-8.169096,-0.607777,40.031925,"0.000000"
189,604999,0.015760,-0.005480,0.003421,-0.066999,2.833102,34.566715,"0.000000"
190,608001,0.021153,-0.014818,0.000436,0.478565,0.382852,23.124239,"0.000000"
191,611020,0.022131,-0.019181,-0.001239,2.780460,-0.157926,16.208981,"0.000000"
192,614005,0.020822,-0.008098,-0.001676,0.971486,2.335395,20.989840,"0.000000"
193,617003,0.021241,0.000489,-0.000419,-1.182054,2.282753,22.884954,"0.000000"
194,620003,0.023702,0.013998,0.000192,-1.727618,1.957329,30.096924,"0.000000"
195,623007,0.026983,0.009128,-0.003543,-0.062213,0.708275,16.606190,"0.000000"
196,626010,0.023946,0.002723,-0.000419,2.445465,4.187439,9.422935,"0.000000"
197,629010,0.021729,-0.002234,-0.001728,1.928615,3.431308,-2.167897,"0.000000"
198,632015,0.019321,-0.001396,-0.001152,-0.612563,3.182454,-0.133998,"0.000000"
199,635017,0.018867,0.004241,-0.001012,-3.684947,1.272982,4.311867,"0.000000"
200,638018,0.019321,0.005114,0.002321,-3.728018,-0.306281,10.107284,"0.000000"
201,641054,0.022707,0.002758,0.002601,2.263610,-1.076770,11.734403,"0.000000"
202,644047,0.023038,-0.001972,0.001257,4.823930,-0.133998,9.288938,"0.000000"
203,647040,0.021764,-0.001815,-0.000314,4.493721,1.756332,2.191825,"0.000000"
204,650043,0.017279,0.004625,-0.000471,-4.551149,2.770889,-15.065211,"0.000000"
205,653045,0.010612,0.009442,0.001326,-8.762517,6.111269,-14.194223,"0.000000"
206,656046,0.007383,0.006824,0.003578,-9.121439,5.398208,-7.465607,"0.000000"
207,659046,0.007941,0.002758,0.004922,1.296910,8.652448,13.150954,"0.000000"
208,662046,0.012793,-0.000873,0.002601,5.010571,2.799603,8.250452,"0.000000"
209,665046,0.010629,0.000977,-0.001937,9.346365,4.498507,8.092526,"0.000000"
210,668046,0.005498,0.006021,-0.005288,3.814159,4.388436,-16.146767,"0.000000"
211,671047,0.003107,0.004922,-0.008727,1.134198,7.293324,-14.203795,"0.000000"
212,674144,-0.002548,0.001065,-0.001396,-4.177869,12.677175,-6.116055,"0.000000"
213,677104,-0.015149,-0.000925,0.001396,-4.216154,18.003597,-9.576077,"0.000000"
214,680058,-0.014992,0.004468,0.000052,-3.670590,10.413565,-9.107083,"0.000000"
215,683050,-0.016546,0.013439,-0.001658,1.335195,4.421937,-9.288938,"0.000000"
216,686050,-0.010908,0.011537,-0.003299,7.858030,-2.182254,9.633504,"0.000000"
217,689052,-0.008954,0.007627,-0.002199,8.432307,-2.062613,17.410177,"0.000000"
218,692054,-0.005376,0.012689,-0.001676,4.800003,-0.492921,16.103697,"0.000000"
219,695055,-0.000908,0.012933,0.000873,-4.043870,2.129612,-0.799203,"0.000000"
220,698056,-0.007208,0.013893,0.003526,-4.847858,4.723432,-0.344566,"0.000000"
221,701060,-0.007069,0.009966,0.004800,-6.001199,6.063413,5.747560,"0.000000"
222,704058,-0.007505,0.007435,0.004119,-0.765703,2.196611,20.602203,"0.000000"
223,707059,-0.003875,0.010420,0.001414,3.287739,0.138784,24.890142,"0.000000"
224,710067,0.000349,0.013771,-0.003560,5.986843,0.626920,30.747772,"0.000000"
225,713071,-0.030665,0.015917,-0.006981,12.801601,-12.748959,77.297745,"0.000000"
226,716063,0.006318,0.054280,-0.001780,15.060426,-16.874186,40.213776,"0.000000"
227,719064,-0.004538,0.029810,-0.009128,23.286949,11.298908,99.694572,"0.000000"
228,722064,0.006475,-0.002112,-0.004189,-11.523834,-8.130812,28.905296,"0.000000"
229,725067,0.016092,-0.066811,-0.001396,-17.807386,2.445465,18.735802,"0.000000"
230,728067,0.015778,-0.062814,-0.001169,-31.829327,-1.033700,-28.335806,"0.000000"
231,731069,-0.000052,-0.048520,-0.001449,-12.725031,3.818945,-33.489944,"0.000000"
232,734071,-0.007941,-0.030177,-0.008290,4.661219,1.818545,-20.200211,"0.000000"
233,737071,-0.003944,0.045099,-0.000733,45.262634,-11.332408,16.716259,"0.000000"
234,740088,0.005794,0.051103,-0.012462,21.903898,-17.453249,27.665815,"0.000000"
235,743086,0.009146,0.037350,-0.011275,11.313265,-16.027126,19.616360,"0.000000"
236,746076,0.011188,0.025168,-0.008447,4.637290,-11.093125,-8.178668,"0.000000"
237,749077,0.005009,-0.011973,-0.000419,-29.661430,-1.158126,-18.654446,"0.000000"
238,752078,0.006021,-0.025447,0.004590,-25.191637,-2.067399,-13.988441,"0.000000"
239,755079,0.004590,-0.008482,0.001937,-6.570691,-8.126026,7.226324,"0.000000"
240,758081,0.003368,0.018989,0.000262,33.370304,-17.338392,25.483562,"0.000000"
241,761082,0.007348,0.036303,-0.006632,35.509487,-33.016167,24.636503,"0.000000"
242,764084,0.005637,0.046373,-0.008360,21.903898,-65.802628,29.886356,"0.000000"
243,767085,-0.000297,0.037420,0.000890,-23.444876,-129.312927,27.771099,"0.000000"
244,770087,-0.012689,0.017226,0.010943,-34.906498,-152.791290,34.054653,"0.000000"
245,773087,-0.010036,0.011222,0.005166,-29.460432,-156.045532,74.574715,"0.000000"
246,776121,0.017034,-0.003840,0.003578,-3.670590,-107.681808,78.795647,"0.000000"
247,779100,0.026093,0.010926,-0.004782,4.421937,-68.535225,88.070236,"0.000000"
248,782094,0.024086,-0.009739,-0.004555,9.896715,-44.717072,16.252052,"0.000000"
249,785097,0.013998,-0.028327,-0.011729,-7.063613,-14.074583,-21.066410,"0.000000"
250,788098,-0.001100,-0.043720,-0.001344,-14.486149,-11.854043,-47.598026,"0.000000"
251,790995,-0.014748,-0.049044,0.005899,-0.827917,-9.126225,-23.277378,"0.000000"
252,794101,-0.006842,-0.018710,-0.005149,48.014378,-22.506889,6.001199,"0.000000"
253,797102,0.007453,0.030683,-0.018274,67.702522,-22.171894,24.301506,"0.000000"
254,800104,0.016336,0.064612,-0.025499,48.454659,-15.759130,6.106483,"0.000000"
255,803106,0.011798,0.064979,-0.015935,-34.241295,-7.527820,-19.544577,"0.000000"
256,806108,-0.011153,0.046548,0.007522,-61.768326,-1.521835,-38.093735,"0.000000"
257,809108,-0.025779,0.004643,0.019565,-75.881195,-0.325424,-37.543388,"0.000000"
258,812129,-0.014521,-0.009652,0.016738,-38.577087,-16.931614,-20.506491,"0.000000"
259,815114,0.003718,-0.010734,0.005986,-1.785046,-20.051853,9.073583,"0.000000"
260,818111,0.008081,-0.004363,-0.000367,29.010582,-20.664417,11.155339,"0.000000"
261,821113,0.011851,-0.001222,-0.007697,20.281565,-8.709875,-4.694718,"0.000000"
262,824113,0.000646,0.003002,-0.004782,0.143569,2.014757,-16.146767,"0.000000"
263,827114,-0.006650,-0.005428,0.011502,-14.213367,9.638290,-23.698515,"0.000000"
264,830117,-0.014957,-0.014190,0.010140,-19.319651,16.041483,-10.518848,"0.000000"
265,833118,-0.012636,-0.015900,0.005236,-3.177669,15.132211,3.148955,"0.000000"
266,836120,-0.000698,0.003002,0.001117,23.387447,11.255837,23.717659,"0.000000"
267,839137,0.006824,0.025761,-0.008447,37.093536,5.848059,15.194424,"0.000000"
268,842134,0.002286,0.026145,-0.009844,26.167908,3.838088,3.058027,"0.000000"
269,845123,-0.006370,0.028815,-0.005952,14.045869,3.833302,-18.242878,"0.000000"
270,848124,-0.013230,0.024278,-0.002653,-7.063613,1.957329,-15.596418,"0.000000"
271,851125,-0.014521,0.015638,0.000593,-6.427122,0.143569,0.540778,"0.000000"
272,854128,-0.007069,0.021101,0.003316,-3.163311,-4.287939,18.936798,"0.000000"
273,857129,-0.000524,0.013177,-0.001937,-10.375279,-5.910272,21.956541,"0.000000"
274,860131,0.002950,0.007330,-0.001501,-14.112868,-7.508677,11.452050,"0.000000"
275,863132,-0.001641,0.008639,0.001204,-16.764114,-5.307281,-6.427122,"0.000000"
276,866133,-0.008674,0.006301,0.003752,-21.296124,-5.134997,-10.992628,"0.000000"
277,869135,-0.011711,0.001833,0.004974,-14.519649,-5.694918,-4.919643,"0.000000"
278,872138,-0.006842,-0.002478,0.004136,-6.709475,-8.312666,14.404792,"0.000000"
279,875170,-0.000576,-0.001396,0.001658,3.192025,-5.608777,23.755945,"0.000000"
280,878150,0.002653,-0.013317,-0.001484,3.067599,-5.015357,9.250652,"0.000000"
281,881143,-0.002147,-0.007295,-0.002775,2.009971,2.139183,-12.203396,"0.000000"
282,884155,-0.008430,0.007435,-0.003054,-6.872187,6.661619,-15.706488,"0.000000"
283,887157,-0.014469,0.005585,-0.002653,-6.288338,8.910872,-6.245267,"0.000000"
284,890150,-0.016301,-0.009163,0.005882,2.914458,7.264609,1.976472,"0.000000"
285,893152,-0.015132,0.000384,-0.000157,14.366508,5.694918,7.767102,"0.000000"
286,896154,-0.012549,0.014678,-0.005847,10.671989,1.952543,8.786446,"0.000000"
287,899155,-0.009338,0.010891,-0.001990,11.916257,1.986043,6.139983,"0.000000"
288,902157,-0.009983,0.010140,-0.003665,6.465407,1.129412,-0.478565,"0.000000"
289,905157,-0.013247,0.014137,-0.004922,0.133998,0.851845,-4.771288,"0.000000"
290,908159,-0.014329,0.016424,-0.004224,0.507278,2.220540,-3.637091,"0.000000"
291,911205,-0.013177,0.019129,-0.002129,3.565306,0.957129,0.105284,"0.000000"
292,914166,-0.011414,0.030700,-0.001012,-0.062213,-0.200997,4.259224,"0.000000"
293,917164,-0.012287,0.023771,0.000785,-4.972286,-1.756332,2.742175,"0.000000"
294,920164,-0.013073,0.016511,0.001955,-5.034499,-0.909273,-1.526621,"0.000000"
295,923167,-0.010961,0.007400,0.004014,-6.795617,-3.622734,-6.819545,"0.000000"
296,926168,-0.011729,0.021363,0.000332,-5.661418,-2.431108,9.968499,"0.000000"
297,929169,0.002059,0.036181,-0.008674,-2.005185,0.421137,42.731026,"0.000000"
298,932170,-0.009547,0.042080,0.004067,4.819145,-0.449851,39.452858,"0.000000"
299,935200,-0.001868,0.044820,0.000733,4.412365,8.456235,71.397049,"0.000000"
300,938199,-0.007069,0.028763,-0.001169,0.033500,5.163712,79.164146,"0.000000"
301,941223,0.008290,-0.009180,-0.004311,-6.120841,3.732804,56.901321,"0.000000"
302,944212,0.003944,-0.054454,-0.003560,-21.832115,-2.210968,6.159126,"0.000000"
303,947202,0.004433,-0.069447,-0.000227,-17.056042,1.450051,-12.141183,"0.000000"
304,950206,0.002059,-0.035971,0.003072,-4.058227,0.382852,-6.403194,"0.000000"
305,953103,0.001449,-0.017314,-0.001152,4.747360,-3.388237,15.893129,"0.000000"
306,956211,0.002199,0.042621,-0.009320,33.001808,0.191426,19.209579,"0.000000"
307,959214,0.001309,0.050911,-0.017157,19.635504,-5.804988,1.828116,"0.000000"
308,962215,0.006318,0.031451,-0.004957,17.257036,2.536392,-5.072784,"0.000000"
309,965216,0.004346,0.030369,0.001326,-13.036098,4.517649,-7.345966,"0.000000"
310,968219,0.004782,0.035308,0.005934,-18.190239,10.179068,-2.780460,"0.000000"
311,971221,0.000524,0.043494,0.004643,-12.366108,19.195223,31.173693,"0.000000"
312,974329,-0.001152,0.067597,-0.006946,-25.071997,10.576276,36.490547,"0.000000"
313,977284,0.002391,0.038083,0.004224,-25.560131,3.110669,44.836716,"0.000000"
314,980226,0.008447,0.009617,-0.006685,-14.146368,13.275380,23.980867,"0.000000"
315,983227,0.003403,-0.003648,-0.018274,-33.982868,15.012568,11.112268,"0.000000"
316,985622,-0.003683,-0.000017,-0.000017,-0.002393,-0.002393,-0.002393,"0.000000"
317,988161,0.091961,-0.571683,0.471379,78.398438,-144.062286,16.534405,"0.000000"
318,991625,0.002286,-0.026093,-0.002129,-9.281759,-2.871387,-0.002393,"0.000000"
319,995232,0.006178,-0.031224,-0.006685,0.684347,-2.311467,20.937197,"0.000000"
320,998232,0.006824,-0.010629,-0.017488,14.979071,0.569492,0.847059,"0.000000"
321,1001234,0.005341,0.043476,-0.022724,9.772288,0.100499,5.450850,"0.000000"
322,1004235,0.003124,0.052691,-0.007226,-0.904487,-0.401994,-1.703690,"0.000000"
323,1007237,0.002147,0.040823,0.003438,8.523234,3.043670,-2.742175,"0.000000"
324,1010322,0.000733,0.024190,-0.002531,-7.848458,0.966700,5.355137,"0.000000"
325,1013272,-0.001030,0.015865,-0.006946,3.474378,1.162912,2.718246,"0.000000"
326,1016240,0.000663,0.018291,-0.009076,11.251052,4.632505,-3.546163,"0.000000"
327,1019270,0.003508,0.033563,-0.009721,7.403394,3.220740,-11.404193,"0.000000"
328,1022271,0.000175,0.037350,-0.007330,0.660419,5.962914,-8.020741,"0.000000"
329,1025272,-0.005794,0.032411,-0.006528,-6.561120,4.077370,-7.111469,"0.000000"
330,1028276,-0.007261,0.020665,-0.006074,-9.753145,0.650848,-5.350351,"0.000000"
331,1031276,-0.005655,0.015115,-0.006056,-4.570292,-2.880959,-3.402594,"0.000000"
332,1034277,0.000140,0.046338,-0.007453,-2.536392,1.220340,-2.713461,"0.000000"
333,1037279,0.001257,0.081786,-0.011414,-36.863823,4.412365,-13.184453,"0.000000"
334,1040281,-0.005707,0.060161,-0.006912,-56.733829,14.529219,-19.755144,"0.000000"
335,1043288,-0.014329,0.003578,0.003560,-82.389671,19.578075,-25.584061,"0.000000"
336,1046283,-0.012235,-0.026477,0.016214,-91.716896,14.146368,-20.420349,"0.000000"
337,1049284,-0.008063,-0.047456,0.030945,-66.702332,7.106683,-4.398008,"0.000000"
338,1052284,-0.002374,-0.049288,0.015080,-22.674389,-0.205783,14.926428,"0.000000"
339,1055286,0.000052,-0.088488,0.002147,36.600616,-1.076770,19.554146,"0.000000"
340,1056364,0.000052,-0.088488,0.002147,18.300308,-0.538385,9.777073,"0.000000"
341,1061278,-0.000750,-0.008517,-0.017558,34.614574,-4.240082,-1.076770,"0.000000"
342,1064266,-0.001745,-0.026302,0.002967,4.867002,1.028914,16.299908,"0.000000"
343,1067267,-0.006283,-0.007679,0.007278,-0.492921,0.435494,0.808774,"0.000000"
344,1070269,-0.012549,0.008971,0.006981,-16.017555,3.431308,13.270595,"0.000000"
345,1073269,-0.010071,0.024278,0.005114,10.552349,2.349752,15.074783,"0.000000"
346,1076284,-0.007627,0.037333,0.001990,14.486149,4.766503,16.213766,"0.000000"
347,1079283,-0.000646,0.068050,0.000262,13.758731,6.197411,0.660419,"0.000000"
348,1082273,-0.009966,0.082065,-0.000175,-3.014956,12.835100,17.601604,"0.000000"
349,1085278,-0.017279,0.086987,0.000332,-14.266008,6.379266,9.164511,"0.000000"
350,1088279,-0.019530,0.058800,0.008936,-17.654245,1.938186,3.177669,"0.000000"
351,1091285,-0.015359,0.021118,0.013299,-13.265809,2.584248,3.369094,"0.000000"
352,1094287,-0.010769,-0.002950,-0.002880,-18.850658,0.459422,-11.624333,"0.000000"
353,1097288,-0.011257,-0.011903,-0.010716,-29.996424,3.101098,-2.737389,"0.000000"
354,1100266,-0.016773,0.020857,-0.002601,-20.463421,14.385650,8.350951,"0.000000"
355,1103266,-0.015184,0.002601,0.005690,-41.510689,12.509677,10.126426,"0.000000"
356,1104546,-0.015184,0.002601,0.005690,-20.755344,6.254838,5.063213,"0.000000"
357,1109343,-0.012043,-0.015656,0.005603,-13.682160,8.508877,37.763527,"0.000000"
358,1112285,-0.008500,-0.027611,0.000052,-4.201797,5.690132,32.638100,"0.000000"
359,1115275,-0.004922,-0.021886,-0.001117,7.877172,-0.981057,26.924042,"0.000000"
360,1118269,-0.008395,-0.022323,-0.003159,-0.004786,-0.004786,-0.004786,"0.000000"
361,1121274,-0.010210,-0.017366,0.002042,-7.101898,1.909473,20.501705,"0.000000"
362,1124275,-0.015115,-0.022462,0.002461,-1.651048,0.234497,17.443678,"0.000000"
363,1127275,-0.010577,-0.028327,-0.000977,-0.540778,0.502493,12.744174,"0.000000"
364,1130275,-0.008762,-0.009582,-0.003944,2.153541,1.406980,17.319250,"0.000000"
365,1133275,-0.006894,0.015551,-0.001868,-5.393422,-1.971686,-5.412564,"0.000000"
366,1136286,-0.012636,0.022166,0.003054,-19.018154,2.435893,-4.584648,"0.000000"
367,1139358,-0.017994,-0.004765,0.005847,-28.752159,4.235296,-2.924029,"0.000000"
368,1142287,-0.016895,-0.033755,0.004957,-30.250063,-0.961915,5.259424,"0.000000"
369,1145288,-0.012182,-0.038676,0.006615,-4.618148,-2.206183,15.873985,"0.000000"
370,1148288,-0.008098,-0.037542,0.002583,5.996414,-2.818745,19.654646,"0.000000"
371,1150974,-0.003927,-0.035029,-0.001030,7.058826,0.679562,8.896515,"0.000000"
372,1152445,0.092241,-0.571683,0.471379,78.398438,0.004786,0.000000,"0.000000"
373,1157287,-0.010158,-0.003875,-0.007103,1.024128,3.192025,3.455236,"0.000000"
374,1160288,-0.012636,0.005044,-0.002269,-5.139783,4.565506,-0.124427,"0.000000"
375,1163289,-0.015551,0.007662,0.002269,-19.616360,5.048856,9.059227,"0.000000"
376,1166290,-0.014853,0.001414,0.006109,-19.831713,4.436294,11.279767,"0.000000"
377,1169290,-0.010629,-0.021345,0.006021,-14.873785,2.794817,12.131610,"0.000000"
378,1172290,-0.007208,-0.029234,0.006039,-0.311067,3.617948,17.084753,"0.000000"
379,1175329,-0.004398,-0.015219,-0.001204,4.752146,0.679562,12.562320,"0.000000"
380,1178322,-0.007976,-0.011973,-0.002129,2.665605,-0.559921,11.318050,"0.000000"
381,1181300,-0.006388,-0.004520,-0.002321,4.168297,-2.746960,2.900101,"0.000000"
382,1184297,-0.008308,-0.001466,-0.000541,-1.909473,-0.861416,5.886344,"0.000000"
383,1187297,-0.009355,0.000506,0.004206,-7.963314,-0.827917,5.991628,"0.000000"
384,1190299,-0.009407,-0.004922,0.001065,-8.944371,0.172283,10.518848,"0.000000"
385,1193301,-0.007173,-0.006510,0.003403,-7.838887,-1.363909,6.556334,"0.000000"
386,1196301,-0.005707,-0.006545,0.000401,-6.360123,0.497707,7.269395,"0.000000"
387,1199303,-0.004922,-0.004695,0.001169,-9.006585,0.191426,4.833502,"0.000000"
388,1202303,-0.005829,-0.006754,0.001065,-8.681160,1.292124,6.388836,"0.000000"
389,1205304,-0.003473,-0.002531,0.001658,-4.756931,-0.521635,5.340780,"0.000000"
390,1208305,-0.002775,-0.004625,0.002409,-3.493521,-0.703490,7.116254,"0.000000"
391,1211321,-0.002635,-0.005568,0.001292,-3.206382,-0.258425,9.159724,"0.000000"
392,1214311,-0.002583,-0.004922,0.004294,-7.173683,0.296710,8.508877,"0.000000"
393,1217309,-0.002025,-0.002915,0.000593,-7.255038,0.043071,6.977471,"0.000000"
394,1220311,-0.001693,-0.001868,0.001536,-7.752745,0.866202,6.699903,"0.000000"
395,1223312,-0.002478,-0.001623,0.002635,-7.460821,0.244068,6.283552,"0.000000"
396,1226313,-0.001309,0.000593,0.002932,-7.652247,0.483350,5.407779,"0.000000"
397,1229314,-0.001518,-0.001082,0.003281,-6.833901,0.478565,6.087341,"0.000000"
398,1232314,-0.001134,-0.001169,0.002496,-5.694918,0.234497,7.044470,"0.000000"
399,1235315,-0.001361,-0.002635,0.001815,-5.015357,0.339781,7.972885,"0.000000"
400,1238365,0.000000,-0.001728,0.002129,-5.536992,-0.267996,7.633104,"0.000000"
401,1241338,-0.000524,-0.000471,0.003054,-6.025128,0.775275,8.389236,"0.000000"
402,1244324,0.000227,0.001396,0.003299,-6.738188,0.363709,7.896315,"0.000000"
403,1247320,0.000157,0.002793,0.003910,-6.379266,0.368495,7.613962,"0.000000"
404,1250321,0.000367,0.003368,0.003456,-5.560920,0.430708,8.159525,"0.000000"
405,1253322,0.000175,0.002199,0.004119,-4.469792,0.478565,8.733803,"0.000000"
406,1256322,0.000471,0.001972,0.004049,-4.402793,0.301496,8.997013,"0.000000"
407,1259323,0.000593,0.000925,0.003944,-4.340580,0.200997,9.317652,"0.000000"
408,1262324,0.001309,0.000122,0.003526,-4.804788,0.234497,9.298509,"0.000000"
409,1265327,0.001641,0.001117,0.003700,-4.886144,0.401994,9.566504,"0.000000"
410,1268328,0.001815,0.002897,0.004014,-3.838088,0.540778,9.355936,"0.000000"
411,1271330,0.001641,0.004206,0.000349,-4.441079,0.440279,9.035297,"0.000000"
412,1274352,0.001344,0.006178,0.004416,-4.340580,0.234497,8.786446,"0.000000"
413,1277354,0.000785,0.008029,0.004433,-4.445865,-0.177069,9.719646,"0.000000"
414,1280336,0.001257,0.008692,0.004154,-4.981857,-0.703490,10.255639,"0.000000"
415,1283337,0.002443,0.007470,0.004852,-5.111069,-1.043271,10.403994,"0.000000"
416,1286338,0.002897,0.005882,0.005271,-4.948358,-0.995414,9.030513,"0.000000"
417,1289339,0.003176,0.005323,0.005114,-4.934000,-0.564706,8.283952,"0.000000"
418,1292340,0.002723,0.005288,0.005131,-4.823930,-0.325424,8.025527,"0.000000"
419,1295343,0.002670,0.012357,0.003595,-6.853044,5.072784,8.815158,"0.000000"
420,1298343,0.003281,0.015481,0.001902,-5.158926,-6.537192,8.901299,"0.000000"
421,1301344,0.005096,0.019251,0.002391,-4.733004,-2.249253,-5.752346,"0.000000"
422,1304346,0.003770,-0.002670,0.003299,-1.871187,-0.770489,7.551749,"0.000000"
423,1307348,0.002164,-0.027663,-0.000367,-0.861416,-2.574677,9.485149,"0.000000"
424,1310368,0.005445,-0.012741,-0.002740,-3.058027,-3.838088,27.589247,"0.000000"
425,1313352,0.011170,0.004957,0.000192,-1.406980,-1.435694,30.790842,"0.000000"
426,1316348,0.013265,0.007313,0.000506,-5.752346,0.167498,24.804001,"0.000000"
427,1319349,0.007173,0.007941,0.001396,-8.810373,2.120041,10.222138,"0.000000"
428,1322351,0.003194,0.013282,-0.000175,-12.346965,4.086941,3.862016,"0.000000"
429,1325352,-0.002862,0.013474,0.003107,-10.949556,0.799203,17.381462,"0.000000"
430,1328353,0.004817,0.015324,0.004485,-10.815558,-0.937986,16.357336,"0.000000"
431,1331354,0.009791,-0.009913,0.006632,-7.585248,-1.775474,12.294322,"0.000000"
432,1334355,0.010908,-0.009931,0.000227,-6.345766,-0.564706,12.160325,"0.000000"
433,1337358,0.008412,-0.016266,-0.001169,-1.852045,0.411566,7.006185,"0.000000"
434,1340380,0.006981,-0.016912,-0.000227,-0.741775,0.043071,15.653846,"0.000000"
435,1343369,0.010943,-0.008517,0.000541,-0.133998,-1.627119,15.921843,"0.000000"
436,1346363,0.013282,-0.003089,0.000436,-0.210568,-2.928815,17.161324,"0.000000"
437,1349363,0.009460,-0.000332,-0.000646,-4.139583,0.818345,12.112469,"0.000000"
438,1352365,0.007313,0.006091,-0.000942,-8.317451,0.004786,5.513063,"0.000000"
439,1355368,0.006318,0.012270,0.001152,-10.868201,-0.196211,7.298110,"0.000000"
440,1358368,0.006091,0.007435,0.003159,-8.647661,-0.244068,-0.344566,"0.000000"
441,1361369,0.006161,-0.008517,0.003560,-4.905287,0.842274,1.057628,"0.000000"
442,1364370,0.006074,-0.006405,0.000419,-2.531606,0.244068,-0.823131,"0.000000"
443,1367371,0.007924,-0.003229,-0.002356,-3.278167,-1.024128,6.441479,"0.000000"
444,1370373,0.009180,-0.006370,-0.001204,-0.535992,0.325424,12.035898,"0.000000"
445,1373375,0.010071,-0.007086,-0.000471,-2.411965,0.000000,10.198210,"0.000000"
446,1376430,0.009163,-0.008919,-0.001292,-6.647262,1.497907,8.504092,"0.000000"
447,1379393,0.007034,-0.005027,-0.000279,-7.077970,2.143969,8.207382,"0.000000"
448,1382394,0.006737,-0.004154,0.000087,-6.915258,1.789831,10.078569,"0.000000"
449,1385394,0.009215,0.001396,0.000524,-6.599405,-0.497707,13.031312,"0.000000"
450,1388395,0.009739,0.004381,0.000942,-5.517849,0.157926,13.605590,"0.000000"
451,1391396,0.009076,0.003595,0.000279,-6.790831,0.966700,12.026326,"0.000000"
452,1394396,0.007662,0.000803,0.000349,-9.178868,1.808974,9.432507,"0.000000"
453,1397398,0.008814,-0.001920,0.000925,-10.078569,1.186840,7.216753,"0.000000"
454,1400399,0.008988,-0.005742,0.002007,-9.303294,1.545763,8.164311,"0.000000"
455,1403401,0.009303,-0.013125,0.001326,-6.340981,0.387637,8.982656,"0.000000"
456,1406402,0.009355,-0.010943,0.000873,-3.694518,0.550349,9.537791,"0.000000"
457,1409403,0.009146,-0.009652,0.004241,-1.947758,0.875773,9.887143,"0.000000"
458,1412427,0.008744,-0.007121,-0.000698,-2.531606,-0.454636,9.394221,"0.000000"
459,1415404,0.008430,-0.004625,-0.000873,-3.014956,-0.665205,8.494520,"0.000000"
460,1418404,0.007924,-0.003037,-0.000052,-3.732804,-0.186640,7.135397,"0.000000"
461,1421405,0.006737,-0.002391,-0.000367,-5.489135,0.880559,5.225925,"0.000000"
462,1424406,0.006510,-0.001780,0.000419,-5.599205,0.636491,4.838288,"0.000000"
463,1427406,0.007313,-0.002356,0.000611,-4.986642,0.095713,4.450650,"0.000000"
464,1430406,0.008447,-0.008901,0.000454,-2.163112,-0.287139,3.249453,"0.000000"
465,1433407,0.008430,-0.006318,0.000000,-1.186840,0.090927,2.684747,"0.000000"
466,1436410,0.007994,-0.004765,-0.000611,-1.024128,0.545564,2.459822,"0.000000"
467,1439426,0.006737,-0.000785,-0.001309,-3.345166,1.335195,3.747160,"0.000000"
468,1442424,0.006336,0.003735,-0.000960,-4.484150,1.387837,4.508078,"0.000000"
469,1445415,0.005794,0.006126,-0.004346,-5.053642,1.517050,5.039285,"0.000000"
470,1448415,0.005323,0.005986,0.000140,-5.340780,1.799403,4.158726,"0.000000"
471,1451416,0.004695,0.005236,-0.000279,-6.053841,2.254039,3.905087,"0.000000"
472,1454417,0.004032,0.004800,-0.000750,-7.044470,2.388037,3.952943,"0.000000"
473,1457419,0.003630,0.004451,-0.000454,-9.174082,2.220540,4.761717,"0.000000"
474,1460420,0.003613,0.002059,0.000192,-10.260423,2.201397,5.039285,"0.000000"
475,1463421,0.003543,-0.001047,0.001065,-10.470992,2.091327,5.637490,"0.000000"
476,1466422,0.003595,-0.002915,0.001117,-9.107083,1.067199,6.092126,"0.000000"
477,1469422,0.003281,-0.004625,0.001117,-6.910472,1.205983,6.302695,"0.000000"
478,1472424,0.003403,-0.006126,0.000681,-4.713861,1.411765,6.484550,"0.000000"
479,1475458,0.003194,-0.005253,0.000506,-2.756532,1.368695,6.154340,"0.000000"
480,1478434,0.002234,-0.002775,0.000000,-2.694318,1.426122,5.934200,"0.000000"
481,1481428,0.001449,-0.000297,0.000000,-3.177669,1.416551,5.268996,"0.000000"
482,1484431,0.000506,0.001553,0.004154,-4.096512,1.636691,3.464807,"0.000000"
483,1487432,-0.000471,0.002007,-0.000087,-4.235296,1.808974,2.512464,"0.000000"
484,1490434,-0.001030,0.001536,-0.000192,-4.316652,1.651048,1.933401,"0.000000"
485,1493435,-0.001780,0.000768,-0.000140,-4.010371,1.043271,1.612763,"0.000000"
486,1496435,-0.002531,0.000785,-0.000367,-3.952943,1.100698,1.995614,"0.000000"
487,1499436,-0.002531,0.000768,-0.000227,-4.235296,1.263410,2.426322,"0.000000"
488,1502437,-0.003107,0.001588,-0.000419,-5.297709,1.775474,3.335595,"0.000000"
489,1505440,-0.003857,0.002443,-0.000262,-5.905486,1.904687,3.895515,"0.000000"
490,1508440,-0.000087,0.003543,-0.000140,-6.259624,1.914258,4.575077,"0.000000"
491,1511461,-0.005079,0.003560,-0.000227,-5.556134,1.344766,6.317052,"0.000000"
492,1514447,-0.004887,0.002897,-0.000314,-5.020142,1.124627,7.293324,"0.000000"
493,1517445,-0.004555,0.002147,-0.000559,-4.699504,0.837488,8.130812,"0.000000"
494,1520446,-0.004677,0.001763,-0.000471,-5.469993,0.641276,8.432307,"0.000000"
495,1523449,-0.004730,0.001396,-0.000454,-6.159126,1.105484,8.116454,"0.000000"
496,1526452,-0.005533,0.001169,-0.000314,-6.857830,1.603191,7.604391,"0.000000"
497,1529455,-0.006056,0.000681,0.004328,-7.312466,1.808974,7.039685,"0.000000"
498,1532456,-0.006178,-0.000419,0.000244,-7.116254,1.540978,7.044470,"0.000000"
499,1535458,-0.006266,-0.001745,0.000192,-6.652047,1.071985,7.058826,"0.000000"
500,1538462,-0.006248,-0.003142,0.000175,-5.431707,0.454636,7.159326,"0.000000"
501,1541482,-0.006283,-0.003648,0.000087,-4.847858,0.449851,7.278966,"0.000000"
502,1544465,-0.006370,-0.003368,0.000087,-4.450650,0.478565,7.398607,"0.000000"
503,1547461,-0.006475,-0.001990,-0.000244,-3.895515,0.847059,7.580462,"0.000000"
504,1550462,-0.006929,-0.000297,-0.000332,-3.900301,0.937986,7.685747,"0.000000"
505,1553462,-0.006789,0.001484,-0.000244,-3.929015,1.076770,7.657032,"0.000000"
506,1556463,-0.007226,0.002862,-0.000454,-4.211368,0.880559,7.781459,"0.000000"
507,1559466,-0.006754,0.003456,-0.000314,-4.417151,0.732204,7.647461,"0.000000"
508,1562466,-0.006789,0.003560,-0.000506,-4.546363,0.736989,7.551749,"0.000000"
509,1565468,-0.006894,0.003456,-0.000454,-5.307281,0.636491,7.322038,"0.000000"
510,1568470,-0.006807,0.003368,-0.000070,-5.747560,0.636491,7.427322,"0.000000"
511,1571471,-0.007086,0.003264,-0.000314,-6.297909,0.588634,7.537392,"0.000000"
512,1574494,-0.007034,0.002845,0.004067,-6.685547,0.301496,7.905886,"0.000000"
513,1577495,-0.006894,0.002025,-0.000052,-6.561120,0.224925,8.092526,"0.000000"
514,1580475,-0.006877,0.001449,0.000052,-6.192625,0.263210,8.389236,"0.000000"
515,1583477,-0.006754,0.000838,-0.000192,-5.603991,0.301496,9.116654,"0.000000"
516,1586477,-0.006894,0.000681,-0.000419,-5.417351,0.253639,9.662218,"0.000000"
517,1589479,-0.006510,-0.002723,-0.000419,-5.986843,0.397209,10.600205,"0.000000"
518,1592479,-0.005393,-0.005672,-0.000803,-8.953942,-0.526421,12.777673,"0.000000"
519,1595479,-0.005306,-0.006894,-0.001065,-6.230911,-0.674776,13.452449,"0.000000"
520,1598482,-0.000035,-0.006213,-0.000995,-5.364708,0.258425,15.390635,"0.000000"
521,1601486,-0.003526,-0.003613,-0.000559,-4.670790,0.119641,10.083356,"0.000000"
522,1604487,-0.003316,-0.000524,0.000105,-4.283153,0.454636,10.241282,"0.000000"
523,1607487,-0.004503,0.000873,-0.000017,-3.895515,0.296710,9.164511,"0.000000"
524,1610508,-0.005288,0.002182,-0.000279,-2.478964,0.430708,8.365308,"0.000000"
525,1613496,-0.005096,0.006440,-0.000367,-2.584248,0.052642,7.786245,"0.000000"
526,1616494,-0.005445,0.007522,-0.000698,-3.058027,0.047856,7.637890,"0.000000"
527,1619495,-0.005585,0.004712,-0.000140,-4.498507,0.014357,6.934400,"0.000000"
528,1622495,-0.005725,0.002618,0.000541,-4.804788,-0.062213,6.671190,"0.000000"
529,1625497,-0.004695,0.002304,0.001082,-4.943572,-0.167498,6.920043,"0.000000"
530,1628500,-0.004363,0.001431,0.000436,-5.814559,-0.296710,8.145168,"0.000000"
531,1631502,-0.003560,0.000803,-0.000140,-6.206983,-0.244068,8.681160,"0.000000"
532,1634502,-0.003473,0.001449,-0.000454,-6.297909,-0.062213,9.159724,"0.000000"
533,1637503,-0.003752,0.002321,-0.000227,-6.537192,0.287139,9.604790,"0.000000"
534,1640522,-0.003508,0.002426,0.004154,-6.943971,0.363709,9.657433,"0.000000"
535,1643512,-0.003438,0.002618,0.000192,-7.073184,0.411566,9.456435,"0.000000"
536,1646507,-0.003089,0.001902,0.000087,-6.532406,0.512064,9.877572,"0.000000"
537,1649508,-0.002688,0.000977,-0.004381,-6.532406,0.445065,10.121639,"0.000000"
538,1652508,-0.002601,0.000593,0.000000,-6.355338,0.459422,10.451850,"0.000000"
539,1655508,-0.002269,-0.000384,0.000105,-6.245267,0.124427,10.638490,"0.000000"
540,1658510,-0.002199,-0.000611,-0.004328,-6.034699,-0.081356,10.892129,"0.000000"
541,1661511,-0.001780,-0.000698,-0.000052,-5.967700,-0.229711,11.030912,"0.000000"
542,1664513,-0.001850,-0.000279,0.000000,-5.704489,-0.210568,11.495120,"0.000000"
543,1667516,-0.001326,0.000087,0.000017,-5.723632,-0.181855,11.394621,"0.000000"
544,1670516,-0.001134,0.000279,0.000140,-5.623133,-0.186640,11.251052,"0.000000"
545,1673517,-0.001047,0.000227,0.000262,-5.517849,-0.301496,10.571491,"0.000000"
546,1676566,-0.000820,-0.000559,0.000017,-5.292924,-0.306281,10.198210,"0.000000"
547,1679547,-0.000524,-0.000908,0.000175,-5.134997,-0.215354,9.939785,"0.000000"
548,1682520,-0.000576,-0.000716,-0.000140,-4.938786,0.019143,9.700503,"0.000000"
549,1685524,-0.000017,-0.000471,-0.000035,-5.015357,0.009571,9.475577,"0.000000"
550,1688526,-0.000017,-0.000105,-0.000384,-5.158926,0.047856,9.198010,"0.000000"
551,1691528,-0.000122,0.000035,-0.000367,-5.283352,0.124427,8.465807,"0.000000"
552,1694529,-0.000297,-0.000157,-0.000140,-5.278566,0.153141,8.207382,"0.000000"
553,1697532,-0.000157,0.000279,-0.000279,-5.312067,0.196211,8.164311,"0.000000"
554,1700531,0.004346,0.000384,0.000000,-5.589634,0.114855,8.475378,"0.000000"
555,1703534,0.000140,0.000314,-0.000017,-5.752346,0.019143,8.652448,"0.000000"
556,1706535,0.000593,-0.004363,0.000175,-5.862415,-0.086142,8.743374,"0.000000"
557,1709536,0.000698,-0.000140,0.000314,-5.709275,-0.047856,8.738589,"0.000000"
558,1712552,0.000541,-0.000314,0.004294,-5.594419,0.014357,8.772088,"0.000000"
559,1715538,0.000838,-0.000105,0.000087,-5.493921,0.095713,8.886944,"0.000000"
560,1718538,0.001012,-0.000087,0.000052,-5.618348,0.066999,9.279366,"0.000000"
561,1721538,0.001169,0.000192,0.004328,-5.699704,-0.009571,9.509077,"0.000000"
562,1724539,0.001274,-0.004416,-0.000140,-5.809773,-0.038285,9.729217,"0.000000"
563,1727542,0.001414,-0.000017,0.000000,-5.938986,-0.071785,9.767502,"0.000000"
564,1730543,0.001588,-0.000367,0.004433,-6.058627,-0.019143,9.762717,"0.000000"
565,1733545,0.001850,-0.000820,-0.000052,-6.106483,0.038285,9.700503,"0.000000"
566,1736549,0.002112,-0.001257,0.000192,-5.986843,0.052642,9.657433,"0.000000"
567,1739561,0.002443,-0.001501,0.000122,-5.852845,0.019143,9.662218,"0.000000"
568,1742558,0.002391,-0.001466,0.000192,-5.632704,0.023928,9.652646,"0.000000"
569,1745550,0.002670,-0.001693,0.000471,-5.249853,0.028714,9.590433,"0.000000"
570,1748552,0.002793,-0.001065,0.000227,-5.063213,0.038285,9.413364,"0.000000"
571,1751553,0.002845,-0.000628,0.000105,-4.991428,0.071785,9.202796,"0.000000"
572,1754556,0.002635,-0.000646,0.000227,-4.881359,0.100499,8.805587,"0.000000"
573,1757557,0.002897,-0.000279,0.000140,-4.905287,0.105284,8.633304,"0.000000"
574,1760558,0.002950,-0.000349,0.004346,-4.981857,0.143569,8.561520,"0.000000"
575,1763560,0.003089,-0.000052,0.000052,-5.345566,0.186640,8.336594,"0.000000"
576,1766561,0.003159,-0.000140,0.000175,-5.455636,0.143569,8.240881,"0.000000"
577,1769563,0.003403,-0.000367,0.000332,-5.575277,0.124427,8.092526,"0.000000"
578,1772565,0.003421,-0.000716,0.000244,-5.412564,0.100499,8.078170,"0.000000"
579,1775598,0.003595,-0.000803,0.000175,-5.273781,0.100499,8.130812,"0.000000"
580,1778575,0.003456,-0.000506,0.000087,-5.144568,0.110070,8.279166,"0.000000"
581,1781567,0.003595,-0.000105,-0.000140,-5.268996,0.157926,8.370093,"0.000000"
582,1784568,0.003456,0.000140,-0.000035,-5.422136,0.191426,8.398808,"0.000000"
583,1787570,0.003770,0.000559,0.004433,-5.666204,0.272782,8.470592,"0.000000"
584,1790571,0.003752,0.000803,0.000140,-5.962914,0.330210,8.652448,"0.000000"
585,1793573,0.003822,0.000733,0.000052,-6.063413,0.373280,8.877372,"0.000000"
586,1796575,0.003997,0.000279,0.000175,-6.125626,0.378066,9.121439,"0.000000"
587,1799577,0.004241,-0.000384,0.000401,-6.116055,0.387637,9.466007,"0.000000"
588,1802578,0.004206,-0.000646,0.000175,-6.068198,0.392423,9.556933,"0.000000"
589,1805580,0.004398,-0.000942,0.000279,-5.967700,0.425922,9.633504,"0.000000"
590,1808581,0.004398,-0.001100,0.000384,-5.656632,0.488136,9.561719,"0.000000"
591,1811602,0.004241,-0.001134,0.000087,-5.469993,0.535992,9.547362,"0.000000"
592,1814589,0.004398,-0.000803,0.000244,-5.379066,0.559921,9.480363,"0.000000"
593,1817586,0.004311,-0.000524,0.000314,-5.278566,0.531207,9.245867,"0.000000"
594,1820587,0.004241,-0.000663,0.000175,-5.283352,0.454636,9.040084,"0.000000"
595,1823589,0.004259,-0.000977,0.004451,-5.302495,0.406780,7.551749,"0.000000"
596,1826591,0.004294,-0.001204,0.000419,-5.278566,0.311067,8.303095,"0.000000"
597,1829592,0.004102,-0.001641,0.000227,-5.245068,0.325424,8.116454,"0.000000"
598,1832595,0.004032,-0.001641,0.000192,-5.187640,0.401994,8.049455,"0.000000"
599,1835596,0.004067,-0.001501,0.000140,-5.163712,0.497707,7.958529,"0.000000"
600,1838602,0.004049,-0.001187,0.000157,-5.211568,0.559921,7.862815,"0.000000"
601,1841619,0.003997,-0.000838,0.000349,-5.211568,0.650848,7.757531,"0.000000"
602,1844603,0.003665,-0.000419,0.000087,-5.283352,0.698704,7.666604,"0.000000"
603,1847600,0.003560,-0.000367,0.000035,-5.326423,0.693919,7.647461,"0.000000"
604,1850602,0.003438,-0.000140,0.004416,-5.422136,0.717847,7.580462,"0.000000"
605,1853604,0.003176,-0.000471,0.000017,-5.685347,0.732204,7.460821,"0.000000"
606,1856605,0.003264,-0.000454,0.000140,-5.848059,0.713061,7.403394,"0.000000"
607,1859606,0.003299,-0.000925,0.000000,-5.905486,0.722632,7.207181,"0.000000"
608,1862608,0.003089,-0.001117,-0.004102,-5.843273,0.756132,7.140182,"0.000000"
609,1865609,0.002810,-0.001396,-0.000157,-5.680561,0.885344,7.111469,"0.000000"
610,1868611,0.002705,-0.001379,0.000035,-5.450850,1.105484,7.312466,"0.000000"
611,1871612,0.002618,-0.000890,0.000035,-5.374279,1.196411,7.470392,"0.000000"
612,1874747,0.002217,-0.000576,0.000052,-5.532206,1.009771,7.594819,"0.000000"
613,1877624,0.002182,-0.000750,0.000175,-5.651847,0.780060,7.475178,"0.000000"
614,1880616,0.001955,-0.001082,0.000175,-5.570491,0.602991,7.216753,"0.000000"
615,1883617,0.001641,-0.001693,0.000000,-5.283352,0.756132,7.058826,"0.000000"
616,1886619,0.001868,-0.002094,0.000140,-5.096713,0.952343,6.924829,"0.000000"
617,1889620,0.001745,-0.002059,0.004276,-4.953143,0.947558,6.857830,"0.000000"
618,1892622,0.001571,-0.001833,-0.000035,-5.044070,0.770489,6.790831,"0.000000"
619,1895624,0.001309,-0.001326,0.000227,-5.072784,0.689133,6.455835,"0.000000"
620,1898625,0.001030,-0.000995,0.000000,-4.847858,0.856631,6.374479,"0.000000"
621,1901626,0.000890,-0.000367,0.000017,-4.689932,1.000200,6.355338,"0.000000"
622,1904628,0.000681,0.000017,0.000052,-4.651647,1.091127,6.360123,"0.000000"
623,1907630,0.000297,0.000227,-0.000192,-4.957928,0.957129,6.278767,"0.000000"
624,1910651,0.000175,0.000332,0.000017,-5.173283,0.933201,6.259624,"0.000000"
625,1913638,0.004416,0.000192,-0.000105,-5.412564,0.957129,6.345766,"0.000000"
626,1916635,0.000087,0.000262,-0.004363,-5.580062,1.024128,6.518049,"0.000000"
627,1919636,-0.000140,0.004416,-0.000087,-5.613562,0.985843,6.666404,"0.000000"
628,1922636,-0.000419,-0.000087,0.000017,-5.575277,0.942772,6.819545,"0.000000"
629,1925636,-0.000471,-0.000279,-0.004398,-5.479564,0.918844,6.819545,"0.000000"
630,1928638,-0.000838,-0.000140,-0.000140,-5.465207,0.976272,6.848258,"0.000000"
631,1931639,-0.001100,-0.000140,0.000087,-5.508278,1.009771,6.862615,"0.000000"
632,1934641,-0.001204,0.000105,-0.004328,-5.493921,0.918844,6.848258,"0.000000"
633,1937643,-0.001030,0.000140,-0.000087,-5.426922,0.851845,6.853044,"0.000000"
634,1940665,-0.001187,-0.000035,0.000087,-5.292924,0.823131,6.790831,"0.000000"
635,1943654,-0.001414,-0.000140,-0.004468,-5.044070,0.799203,6.771688,"0.000000"
636,1946648,-0.001449,0.000052,-0.000105,-5.024928,0.813560,6.833901,"0.000000"
637,1949651,-0.001710,0.000140,-0.000227,-5.044070,0.803988,6.867402,"0.000000"
638,1952653,-0.001885,0.000506,-0.004276,-5.134997,0.861416,6.910472,"0.000000"
639,1955654,-0.002059,0.000733,-0.000227,-5.173283,0.937986,6.977471,"0.000000"
640,1958656,-0.002164,0.001012,-0.000314,-5.201997,0.966700,7.154540,"0.000000"
641,1961656,-0.002304,0.001204,0.004346,-5.249853,0.914058,7.231110,"0.000000"
642,1964657,-0.002112,0.001117,0.000052,-5.278566,0.813560,7.326823,"0.000000"
643,1967669,-0.002112,0.000995,-0.000140,-5.273781,0.746561,7.451250,"0.000000"
644,1970662,-0.002304,0.001082,-0.004328,-5.225925,0.756132,7.570890,"0.000000"
645,1973724,-0.002583,0.001169,-0.000227,-5.201997,0.823131,7.671390,"0.000000"
646,1976727,-0.002635,0.001344,-0.000105,-5.211568,0.856631,7.944171,"0.000000"
647,1979664,-0.002443,0.001641,0.004363,-5.278566,0.832702,8.001599,"0.000000"
648,1982664,-0.002775,0.001693,-0.000052,-5.335995,0.760918,8.063812,"0.000000"
649,1985664,-0.002548,0.001414,-0.000209,-5.412564,0.669990,8.183454,"0.000000"
650,1988667,-0.002723,0.001361,-0.000227,-5.527421,0.583849,8.236095,"0.000000"
651,1991668,-0.003037,0.000977,-0.000192,-5.594419,0.583849,8.293524,"0.000000"
652,1994671,-0.002897,0.000663,-0.000244,-5.647061,0.622134,8.331809,"0.000000"
653,1997677,-0.002758,0.000524,-0.000175,-5.757132,0.689133,8.331809,"0.000000"
654,2000677,-0.002950,0.000384,-0.000140,-5.766702,0.684347,8.355738,"0.000000"
655,2003673,-0.003002,0.000314,0.000000,-5.728417,0.665205,8.422735,"0.000000"
656,2006676,-0.003054,0.000000,0.000087,-5.517849,0.593420,8.465807,"0.000000"
657,2009678,-0.002950,0.000262,0.004328,-5.388636,0.550349,8.489736,"0.000000"
658,2012730,-0.002810,0.000244,0.000000,-5.288138,0.521635,8.504092,"0.000000"
659,2015680,-0.002862,-0.000838,-0.000332,-6.001199,0.631705,8.939585,"0.000000"
660,2018680,-0.002670,-0.002339,0.000000,-6.465407,0.521635,9.154940,"0.000000"
661,2021681,-0.002164,-0.002775,0.000140,-6.082555,0.320638,9.829715,"0.000000"
662,2024682,-0.002304,-0.002147,0.000000,-5.340780,0.330210,10.001998,"0.000000"
663,2027712,-0.002321,-0.000750,-0.004276,-5.264209,0.545564,9.839287,"0.000000"
664,2030713,-0.002217,0.000227,0.000087,-5.173283,0.607777,9.121439,"0.000000"
665,2033712,-0.002723,0.001588,-0.000279,-4.465007,0.526421,9.035297,"0.000000"
666,2036713,-0.002566,0.002583,-0.000175,-4.364508,0.430708,9.059227,"0.000000"
667,2039734,-0.002531,0.002670,-0.000401,-4.546363,0.258425,8.877372,"0.000000"
668,2042732,-0.002566,0.002112,-0.000279,-5.154140,0.215354,8.877372,"0.000000"
669,2045720,-0.002304,0.000890,-0.000367,-5.723632,0.162712,8.800802,"0.000000"
670,2048720,-0.002059,0.000035,-0.000279,-6.149554,0.133998,8.987441,"0.000000"
671,2051722,-0.001833,-0.000436,-0.000035,-6.422336,0.287139,9.097511,"0.000000"
672,2054724,-0.001553,-0.001030,0.004433,-6.331409,0.411566,9.198010,"0.000000"
673,2057725,-0.001518,-0.001187,0.000175,-6.159126,0.516850,9.317652,"0.000000"
674,2060729,-0.001553,-0.001187,0.000052,-5.771488,0.574277,9.327223,"0.000000"
675,2063731,-0.001344,-0.001030,0.000244,-5.603991,0.583849,9.360723,"0.000000"
676,2066733,-0.001379,-0.000838,0.000122,-5.484349,0.516850,9.351151,"0.000000"
677,2069732,-0.000977,-0.000646,0.000000,-5.316852,0.392423,9.298509,"0.000000"
678,2072734,-0.001169,-0.000524,0.004416,-5.225925,0.330210,9.202796,"0.000000"
679,2075764,-0.000855,-0.000611,0.000140,-5.120641,0.267996,9.078369,"0.000000"
680,2078744,-0.000942,-0.000436,0.000052,-5.029713,0.205783,9.030513,"0.000000"
681,2081738,-0.000750,-0.000244,-0.000227,-5.106283,0.210568,8.982656,"0.000000"
682,2084738,-0.000576,0.000000,-0.000157,-5.225925,0.229711,8.910872,"0.000000"
683,2087740,-0.000733,-0.000140,-0.000035,-5.489135,0.244068,8.882158,"0.000000"
684,2090741,-0.000384,0.000419,-0.004276,-5.584848,0.229711,8.858230,"0.000000"
685,2093743,-0.000209,-0.004451,0.000035,-5.613562,0.196211,8.724232,"0.000000"
686,2096744,0.004311,-0.000384,-0.000140,-5.536992,0.244068,8.652448,"0.000000"
687,2099746,0.000192,-0.000297,-0.004241,-5.465207,0.272782,8.547162,"0.000000"
688,2102748,0.000209,-0.000279,0.000175,-5.398208,0.311067,8.475378,"0.000000"
689,2105748,0.000367,-0.004328,-0.000052,-5.268996,0.387637,8.446664,"0.000000"
690,2108752,0.000593,0.000332,-0.004433,-5.225925,0.411566,8.465807,"0.000000"
691,2111773,0.000419,0.000471,-0.000192,-5.201997,0.449851,8.499306,"0.000000"
692,2114757,0.000401,0.000890,0.000017,-5.225925,0.430708,8.571091,"0.000000"
693,2117755,0.000611,0.000663,-0.000035,-5.288138,0.397209,8.681160,"0.000000"
694,2120756,0.000750,0.000698,-0.000052,-5.379066,0.306281,8.968300,"0.000000"
695,2123757,0.000750,0.000559,0.000000,-5.536992,0.296710,9.097511,"0.000000"
696,2126760,0.001065,0.000541,0.000192,-5.584848,0.320638,9.183653,"0.000000"
697,2129762,0.001169,0.000733,0.004363,-5.623133,0.378066,9.236296,"0.000000"
698,2132765,0.001117,0.000785,0.000052,-5.632704,0.382852,9.188439,"0.000000"
699,2135766,0.001204,0.000611,0.000087,-5.632704,0.373280,9.111869,"0.000000"
700,2138851,0.001396,0.000471,0.004276,-5.642276,0.382852,8.925228,"0.000000"
701,2141756,0.001553,0.000227,0.000000,-5.656632,0.358923,8.839087,"0.000000"
702,2144770,0.001693,-0.000105,0.000052,-5.632704,0.349352,8.772088,"0.000000"
703,2147772,0.001501,-0.000279,0.000122,-5.589634,0.378066,8.614162,"0.000000"
704,2150772,0.001780,-0.000279,0.000052,-5.493921,0.401994,8.547162,"0.000000"
705,2153772,0.001641,-0.000524,0.000122,-5.417351,0.445065,8.532805,"0.000000"
706,2156774,0.001623,-0.000192,-0.004154,-5.345566,0.521635,8.566306,"0.000000"
707,2159774,0.001396,0.000140,0.000000,-5.254639,0.502493,8.599805,"0.000000"
708,2162775,0.001588,0.000175,0.000000,-5.249853,0.478565,8.666803,"0.000000"
709,2165756,0.001710,0.000593,-0.004416,-5.273781,0.445065,8.719445,"0.000000"
710,2168758,0.001501,0.000140,0.000052,-5.379066,0.435494,8.719445,"0.000000"
711,2171758,0.001676,0.000175,-0.000244,-5.465207,0.459422,8.700304,"0.000000"
712,2174791,0.001623,-0.000035,0.004433,-5.575277,0.478565,8.690731,"0.000000"
713,2177789,0.001920,-0.000314,0.000140,-5.699704,0.483350,8.671589,"0.000000"
714,2180773,0.001623,-0.000524,0.000175,-5.718847,0.507278,8.662019,"0.000000"
715,2183772,0.001623,-0.000506,0.000140,-5.723632,0.559921,8.595018,"0.000000"
716,2186772,0.001501,-0.000384,-0.000035,-5.613562,0.559921,8.551949,"0.000000"
717,2189774,0.001553,-0.000332,-0.000087,-5.541777,0.540778,8.523234,"0.000000"
718,2192775,0.001536,-0.000559,0.000052,-5.498706,0.550349,8.437093,"0.000000"
719,2195775,0.001693,-0.000524,0.000052,-5.455636,0.540778,8.408379,"0.000000"
720,2198772,0.001484,-0.000524,-0.000122,-5.441279,0.559921,8.384450,"0.000000"
721,2201771,0.001396,-0.000768,0.000052,-5.431707,0.579063,8.283952,"0.000000"
722,2204773,0.001536,-0.000733,0.000140,-5.503492,0.588634,8.240881,"0.000000"
723,2207775,0.001344,-0.000890,-0.000017,-5.532206,0.588634,8.188239,"0.000000"
724,2210789,0.001344,-0.000838,0.004433,-5.556134,0.602991,8.111669,"0.000000"
725,2213779,0.001501,-0.001134,0.000227,-5.556134,0.617348,8.059027,"0.000000"
726,2216779,0.001309,-0.000890,-0.000105,-5.532206,0.607777,8.006385,"0.000000"
727,2219779,0.001257,-0.001222,0.004381,-5.455636,0.593420,7.905886,"0.000000"
728,2222778,0.001117,-0.001117,0.000052,-5.335995,0.602991,7.881958,"0.000000"
729,2225779,0.001169,-0.001047,0.000140,-5.268996,0.602991,7.843673,"0.000000"
730,2228779,0.001065,-0.000803,0.004433,-5.216353,0.626920,7.781459,"0.000000"
731,2231779,0.001117,-0.000611,-0.000087,-5.182854,0.626920,7.738389,"0.000000"
732,2234785,0.000698,-0.000297,-0.000052,-5.187640,0.636491,7.680961,"0.000000"
733,2237785,0.000890,-0.000559,0.004381,-5.216353,0.679562,7.580462,"0.000000"
734,2240801,0.000785,-0.000576,0.004224,-5.359923,0.713061,7.542177,"0.000000"
735,2243791,0.000890,-0.000436,0.000052,-5.412564,0.736989,7.527820,"0.000000"
736,2246785,0.000873,-0.000192,-0.000035,-5.460421,0.727418,7.556534,"0.000000"
737,2249785,0.000785,-0.000646,-0.004311,-5.479564,0.684347,7.551749,"0.000000"
738,2252787,0.000471,-0.000663,0.000000,-5.446064,0.703490,7.580462,"0.000000"
739,2255788,0.000454,-0.000593,0.000087,-5.417351,0.727418,7.628319,"0.000000"
740,2258790,0.000401,-0.000506,0.004416,-5.335995,0.732204,7.609176,"0.000000"
741,2261791,0.000541,-0.000314,0.000140,-5.316852,0.741775,7.561320,"0.000000"
742,2264791,0.000367,-0.000332,0.000035,-5.307281,0.717847,7.456036,"0.000000"
743,2267792,0.000227,-0.000105,-0.004311,-5.254639,0.698704,7.417750,"0.000000"
744,2270792,0.000000,-0.004294,-0.000279,-5.221139,0.679562,7.393822,"0.000000"
745,2273798,0.000140,-0.000314,-0.000017,-5.230711,0.631705,7.331609,"0.000000"
746,2276830,-0.000105,0.000000,-0.004433,-5.235496,0.641276,7.307681,"0.000000"
747,2279798,0.000087,0.004416,0.000122,-5.273781,0.660419,7.288538,"0.000000"
748,2282800,-0.000052,0.000314,0.000000,-5.307281,0.684347,7.302895,"0.000000"
749,2285801,-0.000332,0.000279,-0.004468,-5.316852,0.708275,7.355537,"0.000000"
750,2288804,-0.000227,0.000332,0.000175,-5.340780,0.693919,7.398607,"0.000000"
751,2291806,-0.000332,0.000471,-0.000052,-5.321638,0.693919,7.542177,"0.000000"
752,2294808,-0.000576,0.000279,0.004276,-5.278566,0.698704,7.613962,"0.000000"
753,2297809,-0.000436,0.000506,0.000052,-5.278566,0.689133,7.661819,"0.000000"
754,2300811,-0.000419,0.000436,0.000052,-5.297709,0.689133,7.791030,"0.000000"
755,2303813,-0.000559,0.000419,0.004363,-5.350351,0.693919,7.824530,"0.000000"
756,2306815,-0.000663,0.000419,0.000035,-5.359923,0.708275,7.838887,"0.000000"
757,2309853,-0.000716,0.000559,0.000000,-5.402994,0.698704,7.896315,"0.000000"
758,2312835,-0.000436,0.000733,-0.004468,-5.417351,0.684347,7.886744,"0.000000"
759,2315821,-0.000838,0.000367,-0.000140,-5.422136,0.669990,7.891529,"0.000000"
760,2318823,-0.000716,0.000332,-0.000087,-5.450850,0.646062,7.910672,"0.000000"
761,2321825,-0.000995,0.000297,-0.000122,-5.436492,0.636491,7.948956,"0.000000"
762,2324826,-0.000716,0.000262,0.000087,-5.431707,0.626920,7.987242,"0.000000"
763,2327827,-0.001100,0.000419,-0.000087,-5.426922,0.626920,8.087741,"0.000000"
764,2330829,-0.001239,0.000367,-0.000035,-5.383851,0.622134,8.116454,"0.000000"
765,2333831,-0.001100,0.000175,-0.000140,-5.359923,0.622134,8.164311,"0.000000"
766,2336833,-0.001169,0.000593,-0.000279,-5.388636,0.607777,8.240881,"0.000000"
767,2339850,-0.000995,0.000506,-0.004294,-5.402994,0.598206,8.279166,"0.000000"
768,2342846,-0.001292,0.000506,-0.000105,-5.441279,0.588634,8.293524,"0.000000"
769,2345836,-0.001152,0.000244,-0.000227,-5.489135,0.583849,8.403594,"0.000000"
770,2348838,-0.001134,-0.000279,-0.000140,-5.843273,0.579063,8.556733,"0.000000"
771,2351840,-0.001134,-0.000733,0.000175,-5.919843,0.535992,8.681160,"0.000000"
772,2354842,-0.000995,-0.001134,0.000000,-5.714061,0.492921,8.925228,"0.000000"
773,2357844,-0.001239,-0.000890,0.000122,-5.584848,0.550349,8.953942,"0.000000"
774,2360846,-0.001082,-0.000419,-0.000052,-5.484349,0.598206,8.906086,"0.000000"
775,2363847,-0.001274,-0.000052,0.000000,-5.192425,0.607777,8.800802,"0.000000"
776,2366849,-0.001100,0.000227,0.000035,-5.111069,0.569492,8.829515,"0.000000"
777,2369850,-0.001361,0.000279,0.004136,-5.120641,0.492921,8.858230,"0.000000"
778,2372853,-0.001152,0.000559,-0.000227,-5.216353,0.416351,8.738589,"0.000000"
779,2375887,-0.001030,0.000105,-0.000052,-5.345566,0.421137,8.685946,"0.000000"
780,2378872,-0.000890,-0.000332,-0.000140,-5.508278,0.435494,8.662019,"0.000000"
781,2381857,-0.000663,-0.000524,-0.000087,-5.752346,0.483350,8.709875,"0.000000"
782,2384858,-0.000803,-0.000716,-0.000105,-5.790630,0.521635,8.719445,"0.000000"
783,2387870,-0.000628,-0.000663,0.000087,-5.761917,0.531207,8.729016,"0.000000"
784,2390869,-0.000768,-0.000716,0.000000,-5.584848,0.555135,8.724232,"0.000000"
785,2393862,-0.000663,-0.000663,0.000227,-5.489135,0.526421,8.733803,"0.000000"
786,2396863,-0.000559,-0.000611,0.004363,-5.417351,0.492921,8.719445,"0.000000"
787,2399866,-0.000716,-0.000524,-0.000192,-5.278566,0.440279,8.709875,"0.000000"
788,2402868,-0.000524,-0.000489,0.000140,-5.221139,0.411566,8.690731,"0.000000"
789,2405870,-0.000559,-0.000349,-0.000035,-5.182854,0.401994,8.652448,"0.000000"
790,2408873,-0.000367,-0.000244,-0.000140,-5.201997,0.421137,8.642875,"0.000000"
791,2411893,-0.000436,-0.000105,-0.000140,-5.264209,0.449851,8.652448,"0.000000"
792,2414880,-0.000244,-0.000157,0.004416,-5.345566,0.473779,8.633304,"0.000000"
793,2417903,-0.000384,-0.004451,-0.000157,-5.522635,0.473779,8.623734,"0.000000"
794,2420878,-0.000401,-0.000175,-0.000087,-5.599205,0.473779,8.614162,"0.000000"
795,2423879,-0.000052,-0.000087,-0.004416,-5.623133,0.478565,8.580662,"0.000000"
796,2426879,0.000087,-0.000105,0.000227,-5.536992,0.464208,8.441879,"0.000000"
797,2429880,-0.004241,-0.000227,-0.000140,-5.446064,0.473779,8.350951,"0.000000"
798,2432881,0.000192,-0.000192,-0.004433,-5.345566,0.468993,8.288737,"0.000000"
799,2435881,0.000384,-0.000297,0.000000,-5.211568,0.454636,8.188239,"0.000000"
800,2438898,0.004451,0.000035,-0.000175,-5.187640,0.449851,8.188239,"0.000000"
801,2441922,0.000227,0.000279,0.000105,-5.187640,0.445065,8.188239,"0.000000"
802,2444884,0.000384,0.000314,0.000140,-5.240281,0.454636,8.216953,"0.000000"
803,2447913,0.000367,0.000506,0.000000,-5.302495,0.454636,8.250452,"0.000000"
804,2450914,0.000209,0.000401,-0.000035,-5.364708,0.478565,8.283952,"0.000000"
805,2453915,0.000576,0.000471,-0.004294,-5.484349,0.492921,8.384450,"0.000000"
806,2456916,0.000419,0.000419,0.000035,-5.532206,0.492921,8.461020,"0.000000"
807,2459920,0.000733,0.000506,0.000070,-5.546563,0.512064,8.504092,"0.000000"
808,2462922,0.000506,0.000279,-0.000052,-5.532206,0.521635,8.590234,"0.000000"
809,2465924,0.000524,0.000192,0.000035,-5.493921,0.535992,8.585447,"0.000000"
810,2468925,0.000559,0.000105,0.000175,-5.455636,0.531207,8.547162,"0.000000"
811,2471926,0.000646,0.000471,-0.004328,-5.379066,0.535992,8.470592,"0.000000"
812,2474959,0.000611,0.000244,0.000052,-5.359923,0.521635,8.441879,"0.000000"
813,2477937,0.000559,0.000367,-0.000052,-5.383851,0.492921,8.398808,"0.000000"
814,2480931,0.000611,0.000192,0.004154,-5.398208,0.512064,8.336594,"0.000000"
815,2483933,0.000785,0.000140,0.000122,-5.412564,0.521635,8.331809,"0.000000"
816,2486933,0.000838,0.000227,0.000035,-5.407779,0.526421,8.336594,"0.000000"
817,2489933,0.000698,0.000052,0.000000,-5.469993,0.531207,8.365308,"0.000000"
818,2492934,0.000698,0.000035,0.000035,-5.498706,0.535992,8.365308,"0.000000"
819,2495935,0.000593,0.000192,-0.000087,-5.484349,0.545564,8.384450,"0.000000"
820,2498936,0.000593,0.000227,0.004346,-5.479564,0.574277,8.422735,"0.000000"
821,2501938,0.000611,0.000122,0.000244,-5.469993,0.574277,8.422735,"0.000000"
822,2504940,0.000559,0.000140,-0.000087,-5.469993,0.569492,8.451449,"0.000000"
823,2507940,0.000559,-0.000105,-0.000017,-5.493921,0.564706,8.437093,"0.000000"
824,2510961,0.000576,-0.000209,-0.000087,-5.484349,0.574277,8.446664,"0.000000"
825,2513946,0.000541,-0.000157,0.000035,-5.493921,0.583849,8.432307,"0.000000"
826,2516943,0.000663,0.000000,-0.000035,-5.513063,0.583849,8.398808,"0.000000"
827,2519946,0.000454,-0.000279,-0.000035,-5.546563,0.583849,8.394022,"0.000000"
828,2522947,0.000332,-0.000227,-0.000035,-5.527421,0.593420,8.379665,"0.000000"
829,2525949,0.000367,-0.000297,0.004416,-5.527421,0.579063,8.322237,"0.000000"
830,2528951,0.000175,-0.000244,0.000227,-5.527421,0.598206,8.312666,"0.000000"
831,2531955,0.000367,-0.000524,-0.000087,-5.536992,0.602991,8.307880,"0.000000"
832,2534955,0.000279,-0.000716,-0.004451,-5.517849,0.602991,8.303095,"0.000000"
833,2537956,0.000349,-0.000628,0.000105,-5.503492,0.583849,8.269596,"0.000000"
834,2541053,0.000401,-0.000559,-0.000175,-5.498706,0.593420,8.226524,"0.000000"
835,2543966,0.000227,-0.000785,0.004328,-5.422136,0.593420,8.154739,"0.000000"
836,2546961,0.000227,-0.000524,0.000035,-5.393422,0.593420,8.111669,"0.000000"
837,2549963,0.000140,-0.000593,0.000035,-5.364708,0.588634,8.054241,"0.000000"
838,2552965,0.000000,-0.000646,0.004328,-5.359923,0.583849,7.982457,"0.000000"
839,2555968,0.000087,-0.000576,0.000087,-5.359923,0.579063,7.972885,"0.000000"
840,2558969,-0.000017,-0.000314,-0.000140,-5.359923,0.583849,7.963314,"0.000000"
841,2561971,0.004381,-0.000244,-0.004328,-5.374279,0.612563,7.915458,"0.000000"
842,2564974,-0.000105,-0.000367,0.000052,-5.374279,0.607777,7.905886,"0.000000"
843,2567974,-0.000157,-0.000314,0.000052,-5.374279,0.617348,7.896315,"0.000000"
844,2570975,-0.000087,-0.000471,-0.000087,-5.393422,0.593420,7.925028,"0.000000"
845,2573979,-0.000052,-0.000332,0.004171,-5.398208,0.607777,7.934600,"0.000000"
846,2577011,-0.000140,-0.000524,-0.000035,-5.407779,0.602991,7.948956,"0.000000"
847,2579978,-0.000157,-0.000489,0.000087,-5.374279,0.598206,7.934600,"0.000000"
848,2582981,-0.000035,-0.000384,0.000105,-5.369494,0.612563,7.929814,"0.000000"
849,2585981,-0.000209,-0.000244,0.000052,-5.379066,0.598206,7.915458,"0.000000"
850,2588983,-0.000140,-0.000297,-0.000087,-5.359923,0.602991,7.872387,"0.000000"
851,2591984,-0.000175,-0.000279,0.000052,-5.340780,0.602991,7.867601,"0.000000"
852,2594984,-0.000105,0.004049,0.000175,-5.331209,0.598206,7.862815,"0.000000"
853,2597986,-0.000384,-0.000524,0.000052,-5.331209,0.583849,7.881958,"0.000000"
854,2600986,-0.000332,-0.000105,-0.000140,-5.335995,0.588634,7.901100,"0.000000"
855,2603989,-0.000157,0.004328,-0.000017,-5.335995,0.569492,7.905886,"0.000000"
856,2606990,-0.000122,0.000122,-0.000244,-5.335995,0.579063,7.953743,"0.000000"
857,2609998,0.000000,0.000175,-0.004154,-5.345566,0.569492,7.982457,"0.000000"
858,2613007,-0.000297,-0.004346,-0.000192,-5.350351,0.569492,8.011170,"0.000000"
859,2615993,-0.000332,0.000052,0.000192,-5.383851,0.574277,8.078170,"0.000000"
860,2618993,-0.000384,-0.000017,-0.004468,-5.393422,0.564706,8.121240,"0.000000"
861,2621995,-0.000332,0.000052,-0.000035,-5.402994,0.535992,8.135597,"0.000000"
862,2624995,-0.000087,0.000279,-0.000105,-5.398208,0.564706,8.245667,"0.000000"
863,2627997,-0.000175,0.000227,-0.004294,-5.383851,0.559921,8.279166,"0.000000"
864,2630999,-0.000140,0.000192,-0.000035,-5.359923,0.559921,8.307880,"0.000000"
865,2634001,-0.000192,0.000244,-0.000192,-5.374279,0.535992,8.374879,"0.000000"
866,2637002,-0.000332,0.000035,0.004294,-5.407779,0.545564,8.394022,"0.000000"
867,2640018,-0.000367,0.000157,0.000140,-5.422136,0.559921,8.422735,"0.000000"
868,2643018,-0.000105,0.000244,0.000105,-5.431707,0.550349,8.456235,"0.000000"
869,2646006,-0.000087,0.000070,0.004294,-5.441279,0.555135,8.499306,"0.000000"
870,2649007,-0.000017,0.000122,0.000035,-5.474778,0.545564,8.504092,"0.000000"
871,2652010,0.004224,0.000017,-0.000192,-5.460421,0.540778,8.551949,"0.000000"
872,2655010,-0.000052,0.000052,0.004328,-5.455636,0.550349,8.566306,"0.000000"
873,2658011,-0.000297,0.000192,0.000035,-5.460421,0.526421,8.551949,"0.000000"
874,2661015,-0.000087,0.000314,-0.000140,-5.446064,0.535992,8.595018,"0.000000"
875,2664018,-0.000105,0.000192,-0.004416,-5.465207,0.531207,8.604589,"0.000000"
876,2667017,-0.000017,0.000052,0.000000,-5.469993,0.531207,8.614162,"0.000000"
877,2670020,0.000000,0.000122,0.000000,-5.455636,0.535992,8.599805,"0.000000"
878,2673021,-0.000105,0.000000,-0.004468,-5.465207,0.535992,8.614162,"0.000000"
879,2676063,0.000122,0.004363,0.000262,-5.465207,0.540778,8.595018,"0.000000"
880,2679134,0.000000,-0.004468,-0.000122,-5.484349,0.550349,8.571091,"0.000000"
881,2682102,-0.004433,0.000035,-0.000035,-5.513063,0.545564,8.561520,"0.000000"
882,2685102,-0.000017,-0.000227,-0.004398,-5.498706,0.555135,8.547162,"0.000000"
883,2688103,-0.000175,0.004311,-0.000244,-5.489135,0.559921,8.494520,"0.000000"
884,2691104,-0.004294,0.000035,-0.000175,-5.460421,0.564706,8.451449,"0.000000"
885,2694106,0.000052,-0.000087,0.004241,-5.455636,0.555135,8.413164,"0.000000"
886,2697107,-0.000157,-0.004381,-0.000314,-5.469993,0.569492,8.398808,"0.000000"
887,2700109,-0.000035,-0.000105,-0.000017,-5.469993,0.569492,8.350951,"0.000000"
888,2703111,-0.000140,-0.000052,-0.004433,-5.460421,0.540778,8.331809,"0.000000"
889,2706113,-0.000140,0.003997,0.000279,-5.455636,0.564706,8.307880,"0.000000"
890,2709113,-0.000070,-0.000175,0.000052,-5.465207,0.569492,8.298308,"0.000000"
891,2712133,-0.000017,-0.000367,-0.000087,-5.460421,0.564706,8.279166,"0.000000"
892,2715114,-0.000140,-0.000384,0.000087,-5.431707,0.564706,8.269596,"0.000000"
893,2718116,-0.000052,-0.000367,-0.000087,-5.455636,0.574277,8.245667,"0.000000"
894,2721117,0.004398,-0.000506,0.000192,-5.441279,0.574277,8.207382,"0.000000"
895,2724118,-0.000140,-0.000244,-0.004416,-5.417351,0.574277,8.202596,"0.000000"
896,2727118,-0.000192,-0.000314,-0.000052,-5.393422,0.579063,8.178668,"0.000000"
897,2730120,-0.004468,-0.000524,0.000087,-5.383851,0.569492,8.145168,"0.000000"
898,2733121,-0.000035,-0.000436,-0.004363,-5.369494,0.550349,8.092526,"0.000000"
899,2736122,0.000070,-0.000349,0.000017,-5.369494,0.574277,8.078170,"0.000000"
900,2739136,0.004328,-0.000227,-0.000035,-5.364708,0.564706,8.073383,"0.000000"
901,2742142,0.000035,-0.000262,0.004416,-5.359923,0.564706,8.073383,"0.000000"
902,2745128,0.000279,-0.000367,0.000052,-5.364708,0.550349,8.078170,"0.000000"
903,2748130,-0.004381,-0.000105,0.000087,-5.379066,0.555135,8.063812,"0.000000"
904,2751130,-0.000052,-0.000279,0.000087,-5.407779,0.569492,8.068598,"0.000000"
905,2754132,-0.000279,-0.004433,0.000087,-5.407779,0.564706,8.073383,"0.000000"
906,2757132,0.000000,-0.000157,-0.000175,-5.417351,0.569492,8.087741,"0.000000"
907,2760133,0.000017,0.000000,-0.004328,-5.422136,0.564706,8.097312,"0.000000"
908,2763136,-0.000052,-0.000122,0.000052,-5.398208,0.564706,8.116454,"0.000000"
909,2766138,-0.004381,0.000000,-0.000279,-5.383851,0.564706,8.154739,"0.000000"
910,2769139,-0.000227,-0.000052,-0.004451,-5.398208,0.555135,8.202596,"0.000000"
911,2772141,-0.000105,-0.000157,-0.000122,-5.388636,0.545564,8.226524,"0.000000"
912,2775200,0.000087,-0.000052,0.000070,-5.379066,0.531207,8.279166,"0.000000"
913,2778150,-0.000017,0.000000,-0.000017,-5.369494,0.535992,8.303095,"0.000000"
914,2781144,-0.000052,0.000087,-0.000192,-5.364708,0.535992,8.327023,"0.000000"
915,2784155,0.000017,0.000105,0.000000,-5.369494,0.540778,8.350951,"0.000000"
916,2787157,0.000087,0.000227,-0.004433,-5.402994,0.555135,8.374879,"0.000000"
917,2790150,-0.000052,0.000035,-0.000140,-5.412564,0.535992,8.403594,"0.000000"
918,2793152,0.004363,0.000192,-0.000105,-5.426922,0.545564,8.389236,"0.000000"
919,2796153,0.000262,0.000192,0.000087,-5.431707,0.550349,8.384450,"0.000000"
920,2799155,-0.000017,0.004363,-0.000244,-5.431707,0.531207,8.384450,"0.000000"
921,2802155,0.004398,-0.000105,0.000105,-5.426922,0.526421,8.394022,"0.000000"
922,2805156,0.000367,0.000000,0.004416,-5.417351,0.545564,8.403594,"0.000000"
923,2808157,0.000262,0.000087,0.000052,-5.422136,0.540778,8.389236,"0.000000"
924,2811204,0.000175,0.000087,-0.000087,-5.412564,0.545564,8.441879,"0.000000"
925,2814165,0.000035,-0.000105,0.004241,-5.417351,0.555135,8.427522,"0.000000"
926,2817164,0.000140,0.000105,0.000087,-5.431707,0.545564,8.441879,"0.000000"
927,2820164,0.000087,-0.000244,0.000140,-5.431707,0.545564,8.480165,"0.000000"
928,2823164,0.000105,0.000332,-0.004294,-5.450850,0.555135,8.489736,"0.000000"
929,2826164,0.000052,0.000157,-0.000175,-5.479564,0.564706,8.499306,"0.000000"
930,2829165,0.000279,0.000227,0.000017,-5.460421,0.540778,8.475378,"0.000000"
931,2832163,0.000262,0.000140,-0.004451,-5.479564,0.564706,8.446664,"0.000000"
932,2835165,0.000000,0.000000,-0.000157,-5.479564,0.564706,8.408379,"0.000000"
933,2838167,-0.004189,-0.000105,-0.000052,-5.469993,0.574277,8.350951,"0.000000"
934,2841216,0.004451,0.000105,-0.000140,-5.446064,0.569492,8.312666,"0.000000"
935,2844202,0.000000,-0.000087,0.004241,-5.455636,0.559921,8.293524,"0.000000"
936,2847168,0.000052,-0.000105,0.000000,-5.446064,0.564706,8.240881,"0.000000"
937,2850169,0.004451,-0.000332,0.004416,-5.465207,0.574277,8.226524,"0.000000"
938,2853198,0.000087,-0.000244,-0.000140,-5.465207,0.579063,8.212168,"0.000000"
939,2856199,0.000035,-0.000140,0.000035,-5.446064,0.569492,8.216953,"0.000000"
940,2859202,0.004189,-0.000279,-0.000052,-5.450850,0.574277,8.212168,"0.000000"
941,2862202,0.000052,-0.000192,-0.004416,-5.441279,0.569492,8.207382,"0.000000"
942,2865203,0.000140,-0.000227,0.000052,-5.450850,0.569492,8.197810,"0.000000"
943,2868206,-0.004433,-0.000087,-0.000035,-5.426922,0.579063,8.193025,"0.000000"
944,2871209,0.000052,-0.000227,-0.000017,-5.417351,0.579063,8.183454,"0.000000"
945,2874233,-0.000070,-0.004433,-0.000035,-5.422136,0.579063,8.154739,"0.000000"
946,2877231,-0.000209,-0.000244,0.000140,-5.431707,0.569492,8.140383,"0.000000"
947,2880212,-0.000087,-0.000244,0.004381,-5.417351,0.574277,8.135597,"0.000000"
948,2883212,-0.000227,-0.000279,-0.000087,-5.412564,0.588634,8.130812,"0.000000"
949,2886214,-0.000017,-0.000454,-0.000087,-5.402994,0.579063,8.116454,"0.000000"
950,2889214,-0.000052,-0.000279,0.004398,-5.398208,0.579063,8.116454,"0.000000"
951,2892214,-0.000209,-0.000157,-0.000087,-5.398208,0.569492,8.097312,"0.000000"
952,2895215,-0.000157,-0.000140,0.000000,-5.398208,0.550349,8.116454,"0.000000"
953,2898218,-0.000192,-0.000279,0.004451,-5.383851,0.569492,8.116454,"0.000000"
954,2901220,-0.000471,-0.000052,-0.000087,-5.398208,0.569492,8.135597,"0.000000"
955,2904221,-0.000087,-0.000227,-0.000052,-5.398208,0.564706,8.154739,"0.000000"
956,2907225,-0.000157,-0.000157,0.004363,-5.422136,0.564706,8.149954,"0.000000"
957,2910311,-0.000087,-0.000105,0.000035,-5.422136,0.569492,8.173882,"0.000000"
958,2913234,-0.000157,-0.000384,0.000192,-5.398208,0.574277,8.164311,"0.000000"
959,2916228,-0.000157,-0.000244,0.000035,-5.398208,0.550349,8.193025,"0.000000"
960,2919230,0.000052,-0.000175,0.000140,-5.398208,0.555135,8.216953,"0.000000"
961,2922231,-0.000070,-0.000105,0.000262,-5.393422,0.564706,8.245667,"0.000000"
962,2925232,-0.000227,-0.000140,0.004189,-5.388636,0.569492,8.260024,"0.000000"
963,2928233,-0.000105,-0.000105,-0.000087,-5.393422,0.550349,8.274381,"0.000000"
964,2931233,-0.004468,0.000000,0.000000,-5.402994,0.545564,8.283952,"0.000000"
965,2934234,-0.000052,-0.000052,-0.000052,-5.398208,0.540778,8.312666,"0.000000"
966,2937234,0.000052,0.004328,0.000000,-5.407779,0.535992,8.322237,"0.000000"
967,2940282,-0.004433,0.000175,-0.000052,-5.426922,0.550349,8.341380,"0.000000"
968,2943269,-0.000140,0.000000,0.004416,-5.422136,0.559921,8.365308,"0.000000"
969,2946236,-0.000140,0.004328,0.000000,-5.441279,0.550349,8.365308,"0.000000"
970,2949238,0.000052,0.000052,-0.000105,-5.426922,0.531207,8.389236,"0.000000"
971,2952240,0.000192,0.000035,-0.004381,-5.422136,0.540778,8.389236,"0.000000"
972,2955269,0.000175,-0.000017,0.000052,-5.412564,0.531207,8.403594,"0.000000"
973,2958269,0.004171,-0.000017,-0.000087,-5.426922,0.555135,8.394022,"0.000000"
974,2961269,0.000349,0.000122,-0.004398,-5.426922,0.550349,8.408379,"0.000000"
975,2964270,0.000192,0.004381,-0.000140,-5.417351,0.545564,8.422735,"0.000000"
976,2967272,-0.004468,0.000087,-0.000157,-5.450850,0.531207,8.446664,"0.000000"
977,2970275,0.000035,0.000052,0.004346,-5.455636,0.535992,8.461020,"0.000000"
978,2973276,-0.000087,0.004433,0.000052,-5.446064,0.526421,8.470592,"0.000000"
979,2976286,0.000087,-0.000035,0.000035,-5.455636,0.540778,8.461020,"0.000000"
980,2979286,0.004416,0.000087,0.004136,-5.441279,0.540778,8.437093,"0.000000"
981,2982290,0.000000,-0.004416,-0.000087,-5.446064,0.545564,8.422735,"0.000000"
982,2985281,0.000035,0.000035,0.000000,-5.441279,0.540778,8.403594,"0.000000"
983,2988283,0.000175,-0.000052,-0.004276,-5.431707,0.550349,8.389236,"0.000000"
984,2991284,0.000105,0.000175,-0.004294,-5.422136,0.550349,8.350951,"0.000000"
985,2994284,0.000122,0.000105,-0.000052,-5.431707,0.545564,8.327023,"0.000000"
986,2997286,0.000000,-0.000244,-0.000105,-5.422136,0.559921,8.312666,"0.000000"
987,3000287,0.000052,0.000000,0.004241,-5.431707,0.559921,8.269596,"0.000000"
988,0,0.000000,0.000000,0.000000,0.000000,0.000000,0.000000,"0.000000"
989,(delayy)(C1) waiting,,,,,,,
990,(delayy)(C1) waiting,,,,,,,
991,(delayy)(C1) waiting,,,,,,,
