0,1,2,3,4,5,6,7
4384,-0.002443,-0.009774,0,-0.232104,2.301895,9.65504,"0.000000"
7110,0,-0.012217,-0.002443,-0.224925,2.316252,9.676576,"0.000000"
10096,0.002443,-0.014661,-0.002443,-0.217747,2.299503,9.645469,"0.000000"
13094,0,-0.012217,-0.002443,-0.217747,2.292324,9.631111,"0.000000"
16088,-0.002443,-0.009774,-0.002443,-0.212961,2.318645,9.640682,"0.000000"
19088,0.002443,-0.012217,-0.002443,-0.22014,2.321038,9.645469,"0.000000"
22092,0.002443,-0.014661,0,-0.224925,2.321038,9.643075,"0.000000"
25129,0,-0.012217,-0.002443,-0.043071,2.605784,9.91825,"0.000000"
28093,0.00733,-0.024435,-0.002443,0.289532,3.022135,10.100105,"0.000000"
31093,0.021991,-0.051313,-0.004887,0.839881,3.428915,10.174282,"0.000000"
34094,0.046426,-0.061087,-0.021991,0.880559,7.24786,12.780066,"0.000000"
37097,0.100182,0.205251,-0.051313,1.174876,10.509277,14.297115,"0.000000"
40114,0.256563,0.13439,-0.043982,1.196411,13.055241,14.878572,"0.000000"
43107,0.334754,0.046426,-0.109956,0.926022,14.007584,12.564712,"0.000000"
46099,0.376293,0.11973,-0.105069,0.394816,14.967106,10.387243,"0.000000"
49101,0.403171,0.024435,-0.100182,0.07657,16.520048,9.068798,"0.000000"
52103,0.393397,-0.021991,-0.136834,-0.267996,19.3699,7.757531,"0.000000"
55104,0.422719,0.068417,-0.124617,-0.100499,21.913471,6.867402,"0.000000"
58104,0.425162,-0.085521,-0.114843,-0.265603,23.913872,6.51087,"0.000000"
61105,0.386067,-0.109956,-0.136834,0.222532,25.42374,4.240082,"0.000000"
64105,0.290772,-0.009774,-0.073304,-0.538385,25.820951,3.445665,"0.000000"
67108,0.224798,-0.200364,-0.090408,-0.409173,25.598415,2.065006,"0.000000"
70109,0.161268,-0.219911,-0.075747,0.617348,27.775885,3.050849,"0.000000"
73130,0.109956,0.097738,-0.075747,0.090927,28.132416,2.242075,"0.000000"
76119,0.073304,0.097738,-0.073304,-0.550349,26.61058,2.519642,"0.000000"
79114,-0.043982,-0.041539,-0.051313,-0.385244,27.101109,2.277967,"0.000000"
82114,-0.151495,0.112399,-0.012217,-0.736989,27.591637,4.180261,"0.000000"
85115,-0.146608,0.219911,0.009774,-0.684347,28.599018,7.173683,"0.000000"
88116,-0.151495,0.036652,0.039095,-1.07677,29.331221,9.219546,"0.000000"
91119,-0.046426,0.117286,-0.036652,-0.957129,27.381071,9.300902,"0.000000"
94120,0.0562,0.065973,0.036652,-2.337788,25.940592,9.420543,"0.000000"
97120,0.024435,-0.12706,0.058643,-0.471386,28.151556,10.944772,"0.000000"
100121,0.019548,-0.087965,0.075747,0.289532,29.06801,9.942178,"0.000000"
103124,0.18326,-0.029322,0.102625,-0.105284,29.309685,10.133603,"0.000000"
106124,0.212581,-0.234572,0.080634,0.437887,27.680172,7.12104,"0.000000"
109137,0.114843,-0.102625,0.048869,1.253839,28.273592,5.831308,"0.000000"
112136,0.171042,-0.019548,0.102625,-0.679562,28.462627,7.049256,"0.000000"
115129,0.100182,-0.117286,0.07086,1.612763,29.2379,5.924629,"0.000000"
118129,0.122173,-0.109956,0.07086,1.217947,30.819555,6.95115,"0.000000"
121131,0.173486,-0.065973,0.051313,1.366302,30.479774,3.804588,"0.000000"
124167,0.151495,-0.124617,0.039095,1.849652,31.563723,5.003392,"0.000000"
127136,0.036652,0.021991,0.029322,0.256032,30.11128,4.792824,"0.000000"
130132,0.041539,-0.068417,0.051313,-0.141177,30.61138,3.495914,"0.000000"
133135,0.017104,-0.158825,0.021991,1.0002,30.879377,4.922036,"0.000000"
136135,-0.002443,0.065973,0.024435,0.674776,31.527832,7.865208,"0.000000"
139138,-0.019548,0.012217,0.009774,1.172483,31.247871,5.142176,"0.000000"
142138,0.075747,-0.188146,-0.00733,-0.61017,29.984461,4.493721,"0.000000"
145140,0.034208,0.068417,-0.039095,0.942772,30.915268,6.15434,"0.000000"
148142,-0.00733,-0.078191,0.012217,-0.528814,31.202408,6.355338,"0.000000"
151144,0.021991,-0.166155,-0.068417,0.591027,29.857643,4.65404,"0.000000"
154145,0.051313,-0.156382,-0.00733,0.691526,30.506098,8.49452,"0.000000"
157153,0.058643,-0.19059,-0.058643,1.660619,30.135208,6.884151,"0.000000"
160152,-0.073304,-0.107512,-0.0562,2.103291,29.790642,6.58744,"0.000000"
163149,0.087965,-0.114843,-0.046426,1.107877,30.522848,9.547362,"0.000000"
166151,-0.029322,-0.0562,-0.109956,0.772882,29.182865,1.859223,"0.000000"
169153,0.073304,-0.100182,-0.073304,2.352145,30.865019,4.740181,"0.000000"
172154,0.053756,-0.048869,-0.07086,1.701297,31.558937,5.773881,"0.000000"
175178,0,-0.021991,-0.083078,2.364109,31.561333,7.700103,"0.000000"
178160,0.021991,-0.004887,-0.114843,0.636491,30.343386,8.248059,"0.000000"
181157,-0.058643,-0.039095,-0.061087,1.952543,29.321648,1.526621,"0.000000"
184159,-0.00733,-0.0562,-0.129503,-0.988236,30.776485,7.613962,"0.000000"
185830,-0.00733,-0.0562,-0.129503,-0.988236,30.776485,7.613962,"0.000000"
188832,12.913692,-80.035561,65.992989,39.199219,-52.69474,4.007978,"0.000000"
193165,0.114843,-0.048869,-0.117286,-0.674776,31.659435,7.173683,"0.000000"
196165,-0.051313,-0.026878,-0.061087,-2.313859,31.719257,11.365908,"0.000000"
197836,-0.051313,-0.026878,-0.061087,-2.313859,31.719257,11.365908,"0.000000"
202169,0.009774,-0.036652,-0.058643,3.52702,36.148376,14.689538,"0.000000"
205171,0.13439,-0.178373,-0.024435,-2.9671,27.026932,-2.742175,"0.000000"
208172,0.004887,-0.158825,-0.129503,2.586641,29.51786,10.482956,"0.000000"
211192,0.024435,-0.224798,-0.009774,0.224925,31.042089,9.923036,"0.000000"
214182,-0.122173,0.087965,0.50091,0.799203,27.407393,-0.971486,"0.000000"
217179,-0.075747,0.0562,0.078191,1.136591,30.845877,13.739587,"0.000000"
220180,0.11973,-0.146608,-0.051313,-0.26321,33.437305,12.646069,"0.000000"
223248,0.009774,0.151495,0.549779,0.882952,31.841291,1.718047,"0.000000"
226188,0.019548,0.026878,-0.024435,-0.413958,31.611582,7.590034,"0.000000"
229187,-0.043982,0.024435,-0.100182,-1.567299,30.518061,4.759324,"0.000000"
232188,-0.107512,0.017104,0.618196,0.744168,30.106495,3.56052,"0.000000"
235191,0.034208,-0.07086,0.009774,0.031107,34.128834,13.507483,"0.000000"
238192,-0.024435,0.224798,-0.024435,-1.098306,30.786055,5.259424,"0.000000"
241192,0.141721,0.012217,0.021991,-1.232304,31.963326,9.521042,"0.000000"
244194,0.075747,0.068417,-0.107512,-0.244068,30.233313,2.861816,"0.000000"
247195,0.029322,0.139277,0.053756,0.081356,30.293135,3.74716,"0.000000"
250196,-0.026878,-0.046426,-0.518014,0.303888,29.388649,3.139383,"0.000000"
253225,-0.105069,0.058643,0.0562,-0.043071,28.180273,2.864209,"0.000000"
256226,-0.139277,-0.131947,0.109956,-1.969293,28.709085,4.244868,"0.000000"
259202,-0.212581,0.06353,0.021991,0.485743,33.327236,10.772489,"0.000000"
262203,-0.031765,0.19792,0.048869,0.933201,33.382271,9.970892,"0.000000"
265204,0.009774,0.090408,0,-0.569492,29.714069,9.343972,"0.000000"
268234,0.097738,0.014661,0.613309,1.59362,28.86462,7.441679,"0.000000"
271236,-0.075747,-0.090408,0.097738,-0.378066,29.828928,6.647262,"0.000000"
274266,0.0562,0.029322,0,2.325824,33.966118,11.863614,"0.000000"
277244,0.078191,0.175929,-0.598648,0.559921,29.766714,6.9009,"0.000000"
280241,0.175929,-0.278555,-0.039095,0.454636,25.383062,3.964907,"0.000000"
283244,-0.058643,-0.249233,-0.046426,-0.509671,25.201208,1.710868,"0.000000"
286246,-0.112399,0.151495,0.598648,0.342174,31.207193,3.433701,"0.000000"
289248,0.036652,0.002443,-0.002443,-0.899701,28.180273,5.194818,"0.000000"
292249,-0.100182,-0.153938,-0.090408,1.284946,30.680773,5.067998,"0.000000"
295250,-0.046426,0.024435,-0.068417,0.165105,29.400614,7.207181,"0.000000"
298251,-0.014661,-0.036652,-0.100182,-1.304088,20.011175,-13.457234,"0.000000"
301252,-0.522901,-1.055575,-0.105069,0.014357,29.986853,14.14876,"0.000000"
304253,-0.676839,-0.693943,-0.386067,2.998207,35.48317,12.634105,"0.000000"
307255,0.004887,0.361632,0.129503,2.801995,24.11726,5.565706,"0.000000"
310274,0.097738,-0.12706,-0.031765,-2.299503,19.853251,9.616754,"0.000000"
313265,-0.442266,-0.31765,-0.080634,13.332808,31.896326,7.149755,"0.000000"
316262,0.012217,-0.351858,0.024435,11.959327,34.463825,23.813372,"0.000000"
319265,0.215025,0.19792,-0.366519,2.529213,25.792234,14.383257,"0.000000"
322358,0.058643,0.681726,-0.342085,1.550549,26.354549,6.252446,"0.000000"
325284,0.461814,0.13439,-0.305433,-5.9342,24.868607,8.662019,"0.000000"
328267,0.456927,0.430049,-0.510683,-3.972086,23.961727,2.962314,"0.000000"
331269,0.058643,0.307876,-0.13439,-5.024928,16.450657,-7.580462,"0.000000"
334270,-0.263894,-0.293215,-0.153938,-3.52702,14.045869,2.203789,"0.000000"
337271,-0.280998,0.048869,-0.090408,-0.736989,11.480763,-0.088534,"0.000000"
340273,-0.349415,0.12706,-0.295659,-3.28056,17.563318,9.001799,"0.000000"
343275,-0.227242,0.158825,-0.339641,-5.690132,19.398613,8.432307,"0.000000"
346276,0.009774,0.283441,-0.210138,-5.924629,17.316858,8.367702,"0.000000"
349276,-0.097738,0.141721,-0.031765,-7.226324,11.341979,6.302695,"0.000000"
352279,-0.481362,-0.207694,0.06353,-3.026921,13.354343,6.783652,"0.000000"
355281,-0.395841,-0.420275,0.202807,-0.100499,9.068798,8.717052,"0.000000"
358282,-0.364076,-0.5791,-0.087965,1.933401,-0.004786,12.763315,"0.000000"
361285,-0.601091,0.102625,-0.068417,1.426122,3.814159,11.540584,"0.000000"
364286,-0.420275,0.288328,-0.100182,0.815953,7.810174,17.989241,"0.000000"
367266,-0.332311,-0.031765,-0.017104,0.200997,5.785845,16.472191,"0.000000"
370267,-0.337198,-0.0562,0.083078,1.624727,10.805987,13.69891,"0.000000"
373296,-0.188146,-0.097738,0.097738,3.917051,13.78505,12.751351,"0.000000"
376274,-0.178373,-0.239459,-0.021991,4.582255,4.45065,0.514457,"0.000000"
379268,-0.354302,-0.37385,-0.105069,4.651647,0.564706,0.528814,"0.000000"
382272,-0.671952,-0.024435,-0.105069,2.974278,-0.232104,1.435694,"0.000000"
385273,-0.691499,0.408058,-0.07086,-0.574277,0.480957,6.549156,"0.000000"
388279,-0.513127,0.37385,-0.053756,-1.651048,1.165305,8.319845,"0.000000"
391280,-0.496023,0.144164,-0.026878,-0.902094,2.210968,8.65484,"0.000000"
394283,-0.447153,-0.043982,-0.002443,0.758525,9.341579,16.414764,"0.000000"
397284,-0.45204,0.513127,-0.002443,0.545564,14.218152,17.541782,"0.000000"
400285,-0.400728,0.24679,-0.031765,-1.292124,9.66461,17.357536,"0.000000"
403281,-0.427606,-0.447153,-0.095295,-0.129212,-3.457629,12.789638,"0.000000"
406284,-0.681726,-0.00733,-0.026878,-0.753739,-4.620541,8.877372,"0.000000"
409297,-0.464258,0.37385,0.002443,-0.114855,-2.153541,10.353744,"0.000000"
412292,-0.410501,-0.50091,-0.058643,-2.333002,1.469193,9.719646,"0.000000"
415286,-0.175929,0.378736,-0.043982,1.849652,32.803207,43.140198,"0.000000"
418292,-0.195477,1.094671,-0.087965,1.086341,62.940807,8.446664,"0.000000"
421292,1.136209,-1.40499,-0.0562,-5.376672,-7.128219,18.302702,"0.000000"
424324,-0.789238,-1.876578,0.224798,1.404587,-22.035503,-78.398438,"0.000000"
427294,-4.065919,-0.992045,0.046426,-4.271188,-44.877392,-30.786055,"0.000000"
430294,-5.913175,-1.656667,0.017104,24.574289,-24.531219,31.793436,"0.000000"
433294,-6.96875,0.779464,-0.173486,1.823331,-4.541577,45.482773,"0.000000"
436295,-6.023131,1.20707,-1.436755,-8.35813,-44.700321,78.068237,"0.000000"
439296,-2.225993,-0.703717,-0.557109,-19.55654,-6.817152,-19.831713,"0.000000"
442298,-1.419651,0.44471,-0.356745,-37.416565,-1.435694,-18.080168,"0.000000"
445299,-1.600467,-1.263269,-0.097738,-25.797022,26.165518,-39.29015,"0.000000"
448300,-3.049439,-2.052507,0.996932,9.064013,10.971092,2.309074,"0.000000"
451301,-4.725653,-0.904081,1.123992,28.161129,4.304688,15.579668,"0.000000"
454303,-4.068363,-0.031765,-0.065973,28.491341,-13.744373,16.290337,"0.000000"
457304,-2.761111,-1.458746,-1.209513,27.132217,-7.54457,5.838487,"0.000000"
460305,-1.541824,0.144164,-1.820378,-0.571885,-10.303495,-17.381462,"0.000000"
463307,-1.251052,2.653599,-1.874135,-10.748559,-0.677169,-23.966511,"0.000000"
466308,-2.123368,2.323731,0.009774,-26.426334,0.349352,-14.002799,"0.000000"
469309,-4.009719,1.229061,0.38118,-19.317257,-1.615155,11.028521,"0.000000"
472379,-4.156327,1.089784,0.466701,-10.698311,-7.786245,23.322844,"0.000000"
475319,-3.447723,-1.727527,0.144164,4.017549,-5.893522,7.539784,"0.000000"
478313,-1.097114,-1.46119,-0.417832,4.34058,-0.911665,16.247265,"0.000000"
481315,-0.894307,-0.796568,-0.649961,5.639884,-2.892923,-7.156933,"0.000000"
484316,-0.337198,-0.620639,-0.285885,-1.35673,7.692925,5.032106,"0.000000"
487318,-1.390329,-0.940732,0.014661,1.998007,2.89053,-10.040284,"0.000000"
490320,-1.690875,-0.764803,-0.039095,5.343173,1.246661,-1.902294,"0.000000"
493322,-2.128254,-1.180192,-0.398284,7.365108,-1.78026,-1.385444,"0.000000"
496323,-1.896126,-0.603535,-0.671952,5.271388,-4.309474,2.031507,"0.000000"
499325,-1.668884,0.075747,-0.779464,1.007378,-3.639483,6.58744,"0.000000"
502327,-1.527163,2.497217,-0.50824,-8.922836,-2.938386,10.96152,"0.000000"
505329,-1.251052,2.199115,-0.185703,-10.284352,-3.548556,5.072784,"0.000000"
508364,-0.999376,1.033584,0.149051,-9.023334,-3.168097,-3.469593,"0.000000"
511335,-0.89675,-0.320093,0.114843,2.955136,0.772882,-0.157926,"0.000000"
514332,-1.644449,0.322537,-0.112399,5.886344,-0.229711,2.912065,"0.000000"
517334,-1.654223,0.745256,-0.229685,6.819545,-1.409373,9.169296,"0.000000"
520336,-1.287704,-0.090408,-0.376293,0.136391,-0.253639,11.361121,"0.000000"
523373,-0.840551,-0.212581,-0.481362,-0.751346,-0.418744,10.18146,"0.000000"
526344,-0.583987,-0.322537,-0.364076,-3.091527,-1.01695,0.251246,"0.000000"
529341,-0.349415,-0.32498,-0.087965,-1.806581,1.883151,0.143569,"0.000000"
532342,-0.755029,-0.234572,-0.090408,-0.581456,0.567099,-2.172683,"0.000000"
535534,-0.987158,-0.102625,-0.153938,2.388037,-1.071985,2.139183,"0.000000"
538351,-1.048245,0.530231,-0.290772,2.105684,-3.993621,3.919443,"0.000000"
541373,-0.76236,0.882089,-0.346971,1.624727,-4.022335,6.687939,"0.000000"
544351,-0.654848,1.033584,-0.280998,-2.009971,-3.402594,5.398208,"0.000000"
547347,-0.583987,0.493579,-0.149051,-3.895515,-1.476372,3.883551,"0.000000"
550349,-0.390954,0.043982,-0.043982,-3.330809,-0.509671,-0.588634,"0.000000"
553351,-0.290772,-0.200364,0.004887,-0.289532,1.194019,-1.72044,"0.000000"
556191,-0.003613,-0.002775,-0.001134,1.385444,0.705883,-2.254039,"0.000000"
559363,-0.76236,-0.293215,-0.195477,3.072384,-0.150748,0.535992,"0.000000"
562361,-0.662178,-0.105069,-0.166155,1.294517,-1.28016,5.036891,"0.000000"
565376,-0.486249,0.307876,-0.163712,-0.107677,-2.438286,5.84088,"0.000000"
568366,-0.271224,0.312763,-0.122173,-0.746561,-2.620141,3.479164,"0.000000"
571362,-0.144164,0.312763,-0.092852,-0.404387,-2.005185,-1.284946,"0.000000"
574386,-0.12706,0.44471,-0.122173,0,-0.957129,-2.866601,"0.000000"
577370,-0.315206,0.410501,-0.105069,-0.837488,-0.418744,-2.309074,"0.000000"
580377,-0.493579,0.315206,-0.13439,-0.921237,-0.725025,-0.327817,"0.000000"
583370,-0.527788,0.31032,-0.061087,-1.160519,-1.533799,0.717847,"0.000000"
586371,-0.371406,0.215025,-0.039095,-0.904487,-1.270589,2.589034,"0.000000"
589373,-0.368963,0.07086,-0.026878,-0.76331,-1.392623,1.820938,"0.000000"
592375,-0.315206,0.024435,-0.026878,0.531207,-1.330409,1.282553,"0.000000"
595377,-0.205251,0.043982,-0.043982,0.378066,-0.993021,-0.217747,"0.000000"
598379,-0.244346,0.068417,-0.068417,0.748953,-0.717847,0.464208,"0.000000"
601380,-0.386067,0.217468,-0.085521,0.449851,-1.418944,0.507278,"0.000000"
604381,-0.405614,0.364076,-0.078191,0.210568,-1.495514,2.730211,"0.000000"
607408,-0.368963,0.486249,-0.061087,-0.315853,-1.818545,3.948158,"0.000000"
610400,-0.278555,0.459371,-0.014661,-1.019342,-1.442872,4.438686,"0.000000"
613418,-0.234572,0.344528,-0.012217,-1.057628,-1.440479,2.088934,"0.000000"
616387,-0.178373,0.234572,0,-0.418744,-0.985843,0.122034,"0.000000"
619417,-0.232129,0.078191,-0.004887,0.191426,-0.653241,0.224925,"0.000000"
622437,-0.464258,0.065973,-0.019548,0.681954,-0.985843,1.320838,"0.000000"
625440,-0.535118,0.11973,-0.029322,0.488136,-2.301895,3.804588,"0.000000"
628422,-0.481362,0.351858,-0.017104,-0.157926,-1.916651,4.890929,"0.000000"
631423,-0.403171,0.376293,-0.026878,-0.050249,-1.923829,5.099105,"0.000000"
634424,-0.378736,0.393397,-0.014661,-0.382852,-1.631905,3.806981,"0.000000"
637426,-0.349415,0.371406,0,-0.232104,-1.057628,2.787638,"0.000000"
640427,-0.342085,0.298102,0.029322,-0.772882,-0.631705,2.158326,"0.000000"
643428,-0.412945,0.195477,0.024435,-0.150748,-1.143769,2.457429,"0.000000"
646430,-0.50824,0.146608,0.017104,0.162712,-1.191626,3.038885,"0.000000"
649433,-0.50091,0.18326,0.002443,0.468993,-1.57687,4.237689,"0.000000"
652434,-0.471588,0.224798,0.002443,0.370888,-1.832902,4.910072,"0.000000"
655436,-0.43738,0.283441,0.009774,-0.323031,-1.777867,4.414758,"0.000000"
658439,-0.400728,0.305433,0.024435,-0.244068,-1.677369,3.15374,"0.000000"
661441,-0.38851,0.273668,0.043982,-0.801596,-1.115055,1.706082,"0.000000"
664443,-0.44471,0.200364,0.036652,0.425922,-1.062413,1.78026,"0.000000"
667445,-0.593761,0.202807,0.039095,-0.256032,-0.988236,2.507678,"0.000000"
670445,-0.603535,0.215025,0.031765,0.270389,-1.459622,4.074977,"0.000000"
673369,-0.004084,0.001553,0.000279,-0.736989,-1.335195,4.472186,"0.000000"
676451,-0.503353,0.210138,0.046426,-0.320638,-1.562513,4.065406,"0.000000"
679449,-0.486249,0.219911,0.053756,-0.141177,-0.954736,2.816352,"0.000000"
682450,-0.469144,0.175929,0.068417,-0.272782,-1.107877,1.871187,"0.000000"
685453,-0.520457,0.173486,0.07086,0.533599,-1.150948,1.878366,"0.000000"
688453,-0.588874,0.171042,0.068417,-0.244068,-1.59362,2.172683,"0.000000"
691455,-1.248608,0.224798,0.068417,0.775275,-1.871187,2.919244,"0.000000"
694457,-0.603535,0.24679,0.06353,-0.277567,-1.596013,3.656233,"0.000000"
697353,-0.004171,0.001676,0.000489,-0.61017,-1.51705,3.273381,"0.000000"
700354,-0.004067,0.001641,0.000593,-0.643669,-1.375873,3.23031,"0.000000"
703355,-0.004119,0.001396,0.000698,-1.335195,-1.057628,2.007578,"0.000000"
706463,-0.588874,0.144164,0.105069,-0.021535,-0.736989,2.184647,"0.000000"
709481,-0.652404,0.090408,0.112399,-0.569492,-0.98345,2.409573,"0.000000"
712367,-0.005219,0.000908,0.00075,0.401994,-1.646262,2.909672,"0.000000"
715469,-0.70616,0.171042,0.105069,0.794417,-1.284946,4.426722,"0.000000"
718367,-0.0048,0.001292,0.000698,-0.294317,-1.605584,4.130012,"0.000000"
721369,-0.00466,0.001466,0.000733,0.459422,-1.758725,3.716054,"0.000000"
724552,-0.62797,0.185703,0.117286,-0.758525,-1.0337,2.799603,"0.000000"
727511,-0.679282,0.131947,0.129503,0.291924,-1.368695,2.555535,"0.000000"
730511,-0.713491,0.102625,0.139277,-0.062213,-1.205983,2.902494,"0.000000"
733511,-0.752586,0.083078,0.136834,-0.605384,-1.619941,3.316452,"0.000000"
736511,-0.784351,0.151495,0.124617,0.524028,-1.787439,4.232903,"0.000000"
739511,-0.76236,0.151495,0.129503,-0.602991,-1.469193,4.589434,"0.000000"
742512,-0.752586,0.146608,0.129503,-0.191426,-1.787439,4.290331,"0.000000"
745515,-0.735482,0.12706,0.12706,-0.617348,-1.342373,4.007978,"0.000000"
748517,-0.742812,0.095295,0.136834,-0.806381,-1.210768,3.304488,"0.000000"
751518,-0.772134,0.087965,0.13439,0.325424,-1.26341,3.682554,"0.000000"
754522,-0.830777,0.083078,0.149051,-0.861416,-1.129412,3.37388,"0.000000"
757522,-0.83322,0.0562,0.153938,0.141177,-1.473979,3.689733,"0.000000"
760524,-0.845438,0.036652,0.151495,0.291924,-1.301696,4.773681,"0.000000"
763525,-0.816116,0.058643,0.156382,-0.059821,-1.574477,4.400401,"0.000000"
766526,-0.786794,0.061087,0.151495,0.655633,-1.677369,4.314259,"0.000000"
769527,-0.777021,0.053756,0.151495,-0.244068,-1.091127,3.110669,"0.000000"
772549,-0.821003,0.075747,0.156382,0.282353,-1.426122,2.957529,"0.000000"
775541,-0.860098,0.07086,0.166155,-0.141177,-1.359123,3.385844,"0.000000"
778530,-0.882089,0.036652,0.166155,-0.947558,-1.584049,3.596412,"0.000000"
781532,-0.864985,0.036652,0.168599,0.526421,-1.706082,4.223332,"0.000000"
784534,-0.852768,0.031765,0.166155,-0.591027,-1.37348,4.512863,"0.000000"
787534,-0.847881,0.039095,0.156382,-0.387637,-1.842474,3.65384,"0.000000"
790535,-0.808786,0.004887,0.173486,-0.62692,-1.354338,3.455236,"0.000000"
793538,-0.83322,-0.053756,0.180816,-1.131805,-1.07677,2.785245,"0.000000"
796539,-0.879646,-0.061087,0.178373,0.224925,-1.383052,2.895315,"0.000000"
799540,-0.926072,-0.036652,0.195477,-0.543171,-1.045663,3.495914,"0.000000"
802543,-0.940732,-0.002443,0.173486,0.421137,-1.655833,3.570091,"0.000000"
805549,-0.904081,0.046426,0.173486,0.894916,-1.395016,4.505685,"0.000000"
808563,-0.855211,0.012217,0.171042,-0.727418,-1.430908,3.792624,"0.000000"
811558,-0.845438,-0.021991,0.173486,0.131605,-1.631905,3.26381,"0.000000"
814549,-0.840551,-0.048869,0.193033,-0.650848,-0.976272,2.644069,"0.000000"
817552,-0.916298,-0.073304,0.195477,0.339781,-1.409373,2.600998,"0.000000"
820552,-0.95295,-0.053756,0.19792,0.385244,-1.581656,3.369094,"0.000000"
823590,-0.948063,-0.039095,0.19792,-0.598206,-1.799403,3.976871,"0.000000"
826558,-0.901637,-0.043982,0.185703,0.457029,-1.986043,4.304688,"0.000000"
829558,-0.879646,-0.06353,0.193033,-0.677169,-1.495514,4.323831,"0.000000"
832558,-0.869872,-0.080634,0.193033,0.39003,-1.607977,3.416951,"0.000000"
835558,-0.872316,-0.092852,0.212581,-0.129212,-1.268196,3.443272,"0.000000"
838558,-0.89675,-0.124617,0.215025,-0.760918,-0.937986,3.29731,"0.000000"
841558,-0.928515,-0.12706,0.207694,1.138984,-1.564906,3.811767,"0.000000"
844562,-0.928515,-0.097738,0.18326,-0.425922,-1.325624,4.362116,"0.000000"
847562,-0.894307,-0.087965,0.173486,-0.153141,-1.562513,4.156333,"0.000000"
850563,-0.879646,-0.073304,0.180816,-0.916451,-1.481157,4.285545,"0.000000"
853563,-0.879646,-0.100182,0.202807,-1.160519,-1.359123,3.56052,"0.000000"
856564,-0.886976,-0.122173,0.210138,0.026321,-1.646262,3.223132,"0.000000"
859564,-0.908967,-0.151495,0.217468,-1.103091,-1.320838,3.598805,"0.000000"
862568,-0.940732,-0.19059,0.200364,0.157926,-1.581656,3.620341,"0.000000"
865568,-0.940732,-0.161268,0.200364,0.68674,-1.648655,4.146762,"0.000000"
868569,-0.933402,-0.144164,0.205251,-1.064806,-1.39023,4.472186,"0.000000"
871569,-0.886976,-0.139277,0.212581,0.289532,-1.655833,4.326224,"0.000000"
874594,-0.862542,-0.151495,0.219911,-0.143569,-1.378266,4.261617,"0.000000"
877574,-0.864985,-0.178373,0.217468,0.363709,-1.37348,2.914458,"0.000000"
880572,-0.911411,-0.193033,0.210138,0.66999,-1.397408,3.359523,"0.000000"
883575,-0.940732,-0.168599,0.200364,-0.413958,-1.136591,3.768696,"0.000000"
886577,-0.95295,-0.146608,0.193033,0.401994,-1.959722,4.388436,"0.000000"
889578,-0.891863,-0.163712,0.200364,-0.588634,-1.655833,4.847858,"0.000000"
892581,-0.877202,-0.171042,0.19792,-1.103091,-1.447658,4.548756,"0.000000"
895581,-0.877202,-0.175929,0.200364,-0.071785,-1.607977,3.936193,"0.000000"
898586,-0.845438,-0.24679,0.215025,-1.050449,-0.995414,3.646662,"0.000000"
901586,-0.877202,-0.271224,0.215025,-0.16989,-1.246661,2.883351,"0.000000"
904586,-0.891863,-0.280998,0.217468,-0.057428,-1.225125,3.455236,"0.000000"
907586,-0.916298,-0.290772,0.205251,-0.318245,-1.337588,3.493521,"0.000000"
910602,-0.916298,-0.241903,0.19792,0.76331,-1.804188,3.957729,"0.000000"
913593,-0.89675,-0.215025,0.207694,-0.622134,-1.450051,4.012764,"0.000000"
916593,-0.852768,-0.219911,0.210138,0.119641,-1.655833,3.464807,"0.000000"
919593,-0.860098,-0.215025,0.212581,0.129212,-1.557728,3.460021,"0.000000"
922614,-0.884533,-0.234572,0.215025,-0.20339,-1.454836,3.259024,"0.000000"
925615,-0.872316,-0.259007,0.215025,0.358923,-1.658226,3.661019,"0.000000"
928596,-0.867429,-0.278555,0.210138,-0.571885,-1.409373,4.07737,"0.000000"
931597,-0.860098,-0.31032,0.212581,0.392423,-1.658226,3.627519,"0.000000"
934598,-0.860098,-0.298102,0.217468,0.045464,-1.591227,4.108477,"0.000000"
937600,-0.840551,-0.315206,0.217468,-0.753739,-1.325624,4.039085,"0.000000"
940601,-0.828333,-0.344528,0.224798,1.105484,-1.732404,3.35713,"0.000000"
943603,-0.823446,-0.339641,0.202807,-0.181855,-1.294517,3.48395,"0.000000"
946605,-0.857655,-0.322537,0.195477,-0.464208,-1.320838,3.067599,"0.000000"
949605,-0.869872,-0.298102,0.193033,-0.215354,-1.550549,3.897908,"0.000000"
952607,-0.857655,-0.298102,0.202807,-1.060021,-1.284946,4.046263,"0.000000"
955608,-0.847881,-0.329867,0.207694,-0.105284,-1.758725,3.814159,"0.000000"
958609,-0.823446,-0.351858,0.210138,-0.880559,-1.229911,3.996014,"0.000000"
961610,-0.82589,-0.403171,0.202807,-0.497707,-1.416551,3.548556,"0.000000"
964612,-0.828333,-0.390954,0.19792,0.598206,-1.715654,3.68734,"0.000000"
967613,-0.821003,-0.393397,0.210138,-0.751346,-1.294517,3.756732,"0.000000"
969083,12.913692,-80.035561,65.992989,39.199219,0.002393,0,"0.000000"
973643,12.024271,7.853283,3.384193,-73.531441,-45.82016,78.398438,"0.000000"
976620,11.1544,1.434312,1.861917,10.150353,-48.31348,-78.398438,"0.000000"
980393,0.0318,-0.026232,0.012584,40.977085,-21.810577,78.398438,"0.000000"
983147,2.524095,1.040914,2.250427,2.916851,-3.665804,70.327454,"0.000000"
986135,-0.334754,-0.972497,0.588874,16.137196,13.268201,34.633717,"0.000000"
989136,-1.27793,0.334754,1.742188,2.89053,-32.238499,74.749382,"0.000000"
992137,-0.07086,1.541824,0.112399,-2.256432,-1.741975,12.378073,"0.000000"
995139,3.147178,-0.351858,0.430049,38.318661,-47.045288,-10.23171,"0.000000"
998140,6.12087,3.054326,0.657291,15.747166,-46.205406,70.983086,"0.000000"
1001142,7.164227,4.197865,-0.378736,-13.438092,-44.757748,52.20182,"0.000000"
1004143,9.045692,2.709798,0.410501,-37.028934,-35.373096,-2.024328,"0.000000"
1007144,8.647408,0.185703,1.805718,-55.073208,-19.211973,3.038885,"0.000000"
1010161,6.941873,-2.028073,2.123368,-69.640709,-31.575687,-1.634298,"0.000000"
1011334,0.049585,-0.014486,0.015167,-69.640709,-31.575687,-1.634298,"0.000000"
1013986,0.092241,-0.571683,0.471379,39.199219,0.002393,0,"0.000000"
1019103,-0.026878,-0.002443,-0.002443,-0.002393,-0.002393,-0.002393,"0.000000"
1071014,-0.026878,-0.002443,-0.002443,-0.002393,-0.002393,-0.002393,"0.000000"
1073787,1.431868,0.305433,-0.24679,6.762117,7.465607,-20.970697,"0.000000"
1076739,-1.620015,3.689626,-0.241903,2.768496,-2.9671,-21.327229,"0.000000"
1079737,-2.23821,5.80322,0.039095,-12.579068,-5.656632,47.428139,"0.000000"
1082738,-2.961475,2.511878,0.737925,-34.030724,-14.510077,39.744785,"0.000000"
1085739,0.263894,-0.043982,1.248608,-23.411379,-10.815558,16.388441,"0.000000"
1088741,2.013412,-0.803899,2.081829,-4.809574,-4.302295,-20.427526,"0.000000"
1091741,2.331062,-3.252247,1.825265,12.521642,11.739187,-32.394032,"0.000000"
1094741,-0.38118,-4.79407,0.31765,21.817757,9.437292,-22.937599,"0.000000"
1097744,-2.362827,-4.527733,-0.173486,24.52404,4.934,14.294723,"0.000000"
1100745,-2.949257,-0.554666,-0.163712,-0.349352,-2.057827,34.961533,"0.000000"
1103747,-1.654223,0.674395,0.083078,-5.051249,-12.069398,20.090139,"0.000000"
1106747,0.430049,0.268781,0.696386,-4.876573,-3.550949,33.18845,"0.000000"
1109791,0.728151,-2.196671,0.259007,-17.874384,-33.499516,10.320245,"0.000000"
1112755,0.237016,-0.799012,-0.772134,6.302695,-3.275774,20.64049,"0.000000"
1115752,-1.15087,0.605978,-0.239459,2.177469,3.335595,5.407779,"0.000000"
1118754,-1.558928,2.800206,0.764803,-8.669196,-5.216353,22.686352,"0.000000"
1121872,-0.364076,0.505796,0.76236,-8.367702,-1.332802,7.79103,"0.000000"
1124804,-0.136834,-0.811229,0.57177,5.173283,-1.124627,-2.792424,"0.000000"
1127755,0.359189,-0.549779,0.25412,3.117848,5.139783,5.761917,"0.000000"
1130756,-0.339641,-1.370782,0.307876,8.025527,-0.287139,6.597012,"0.000000"
1133758,-0.342085,-2.194228,0.268781,-0.40678,-0.885344,12.832708,"0.000000"
1136787,-0.478918,-0.733038,-0.188146,-2.500499,-15.256638,19.982464,"0.000000"
1139788,-0.031765,1.229061,0.38851,-3.866802,-8.195418,-0.361316,"0.000000"
1142788,0.173486,2.030516,0.88942,-10.001998,-6.410372,11.497514,"0.000000"
1145789,-0.043982,-0.581544,0.654848,-5.211568,-11.868401,20.360527,"0.000000"
1148789,-0.434936,-1.331686,0.979828,1.124627,-6.943971,24.973888,"0.000000"
1151789,-0.075747,-1.632232,0.864985,-1.694118,-10.624133,19.178474,"0.000000"
1154791,0.229685,-1.006706,0.400728,3.031706,-2.98385,11.160125,"0.000000"
1157794,0.720821,-0.185703,0.43738,0.066999,-10.269995,10.157533,"0.000000"
1160795,0.400728,0.156382,0.647517,-2.880959,-6.068198,1.194019,"0.000000"
1163798,0.256563,0.222355,0.598648,-1.316052,3.804588,1.363909,"0.000000"
1166799,-0.153938,-0.290772,0.811229,-3.366702,-1.962115,10.612169,"0.000000"
1169800,-0.097738,-0.948063,0.701273,-5.252246,-5.271388,19.479969,"0.000000"
1172869,0.051313,0.002443,0.82589,0.325424,-8.738589,4.888536,"0.000000"
1175785,0.50091,0.241903,0.801455,-2.565106,-16.733007,24.380468,"0.000000"
1178802,0.45204,0.76236,0.645074,-2.725425,-7.252645,20.32703,"0.000000"
1181803,0.737925,0.080634,0.835664,-5.938986,-8.68116,6.381658,"0.000000"
1184803,0.757473,-0.366519,0.669508,-3.979264,-11.499907,14.778072,"0.000000"
1187804,0.767247,-0.464258,0.713491,-1.308874,-0.153141,21.576082,"0.000000"
1190805,0.632856,-1.121549,0.491136,-6.403194,-9.65504,1.325624,"0.000000"
1193785,0.469144,-0.544892,0.535118,1.01695,-8.700304,20.216957,"0.000000"
1196787,0.498466,0.085521,0.806342,-5.599205,-7.144968,16.007984,"0.000000"
1199788,0.605978,-0.212581,0.823446,-4.565506,-1.253839,5.962914,"0.000000"
1202790,0.884533,-1.2144,0.821003,-3.04367,-4.398008,11.959327,"0.000000"
1205791,0.906524,-1.632232,0.857655,0.543171,-10.415956,0.375673,"0.000000"
1208842,0.967611,-0.415388,0.857655,2.45025,-5.446064,11.54537,"0.000000"
1211806,0.767247,-0.276111,0.679282,-0.866202,-3.699304,8.717052,"0.000000"
1214797,0.725708,-0.151495,0.530231,1.677369,-3.215954,9.030513,"0.000000"
1217803,0.811229,0.894307,0.70616,-3.98405,-2.866601,5.828917,"0.000000"
1220805,1.102001,1.099557,0.803899,-5.414958,-4.656433,9.829715,"0.000000"
1223816,0.884533,0.596204,0.933402,-7.755138,-5.371887,6.439086,"0.000000"
1226806,1.238835,-0.430049,0.965167,-1.835295,-4.610969,14.232509,"0.000000"
1229787,0.637743,-0.747699,0.913854,0.088534,-9.839287,12.210573,"0.000000"
1232806,0.794125,-0.44471,0.874759,1.35673,-4.814359,18.678375,"0.000000"
1235784,0.877202,0.041539,0.813672,-3.349952,-10.037891,15.156138,"0.000000"
1238785,0.938289,-0.002443,0.676839,-2.009971,-5.367101,8.147561,"0.000000"
1241786,1.048245,-0.305433,0.855211,-5.151748,-4.532006,3.460021,"0.000000"
1244788,0.916298,-0.996932,0.88942,-4.335794,-0.969093,0.212961,"0.000000"
1247788,0.808786,-1.148427,0.935845,-3.309274,-0.569492,7.080362,"0.000000"
1250793,0.620639,-0.813672,1.072679,-0.184247,-3.041278,7.721639,"0.000000"
1253794,0.625526,-0.249233,1.040914,0.141177,-5.850451,9.365508,"0.000000"
1256794,0.576657,0.244346,0.911411,3.85723,-8.4347,12.926028,"0.000000"
1259804,0.723264,0.740369,0.938289,1.964507,-6.565905,18.599411,"0.000000"
1262804,0.76236,0.972497,0.796568,-4.656433,-9.430114,6.599405,"0.000000"
1265804,0.83322,1.148427,0.860098,-3.084348,-5.706882,15.926627,"0.000000"
1268804,0.745256,0.845438,1.097114,-8.49452,-10.516455,17.46282,"0.000000"
1271876,0.605978,-0.058643,1.082453,-5.79781,-5.525027,9.446864,"0.000000"
1274820,0.747699,-0.080634,1.202183,-2.821138,-5.491528,23.820549,"0.000000"
1277802,0.637743,-0.102625,1.219287,-2.878566,-10.241282,5.063213,"0.000000"
1280807,0.994489,-0.977384,1.062906,2.634498,-5.702096,5.862415,"0.000000"
1283801,0.603535,-0.962724,1.114218,-0.930808,-7.159326,0.311067,"0.000000"
1286804,-0.009774,-0.652404,0.752586,-2.201397,-7.322038,7.496713,"0.000000"
1289805,-0.302989,-0.471588,0.88942,-2.06022,-8.228917,5.12782,"0.000000"
1292807,-0.283441,-0.566883,1.026254,-2.557928,-8.422735,6.125626,"0.000000"
1295808,-0.322537,-0.510683,0.974941,-3.900301,-5.793024,6.616155,"0.000000"
1298809,0.535118,-0.002443,0.979828,-0.954736,-3.261417,12.490535,"0.000000"
1301809,0.195477,0.256563,1.22173,-4.87418,-5.871987,11.057234,"0.000000"
1304815,0.102625,1.001819,1.119105,-2.952743,-3.218346,10.949556,"0.000000"
1307874,0.095295,0.549779,1.2144,-2.699104,-5.974878,10.767702,"0.000000"
1310828,0.021991,0.200364,1.104444,1.366302,-8.85823,5.943771,"0.000000"
1313818,-0.021991,0.540005,1.040914,-0.40678,-8.530412,15.141781,"0.000000"
1316815,0.544892,0.542448,0.948063,-1.79701,-12.447463,19.570896,"0.000000"
1319815,0.188146,0.43738,1.028697,-7.757531,-7.161718,13.019347,"0.000000"
1322878,0.102625,0.083078,0.957837,-7.022934,-10.07139,13.804193,"0.000000"
1325823,0.149051,-0.207694,1.092227,-6.860223,-7.066005,16.409979,"0.000000"
1328821,0.354302,-0.461814,1.365895,-8.111669,-7.34118,13.703696,"0.000000"
1331822,0.44471,-0.857655,1.268156,-7.066005,-5.477171,8.417951,"0.000000"
1334824,0.50091,-1.463633,1.368338,-0.497707,-5.419744,8.501699,"0.000000"
1337826,0.383623,-0.823446,1.34879,1.272982,-5.106283,1.945365,"0.000000"
1340827,0.342085,-0.234572,1.324356,3.436093,-6.128019,0.069392,"0.000000"
1343828,0.19059,0.427606,1.219287,4.563113,-4.479364,7.329216,"0.000000"
1346830,0.161268,0.178373,1.126436,-0.12682,-2.84028,4.268795,"0.000000"
1349831,0.026878,0.334754,0.869872,0.892523,-2.969493,4.493721,"0.000000"
1352832,-0.12706,0.718378,1.048245,-6.037091,-5.321638,9.119048,"0.000000"
1355834,-0.273668,0.838107,1.040914,-5.54417,-6.159126,9.705289,"0.000000"
1358835,-0.173486,0.664621,1.131322,-7.403394,-8.650054,13.603197,"0.000000"
1361836,-0.026878,0.078191,1.307252,-1.562513,-6.467799,10.372886,"0.000000"
1364837,0.212581,0.598648,1.312139,-3.180061,-3.493521,14.577075,"0.000000"
1367838,0.012217,0.175929,1.260826,-2.67039,-4.778467,11.899507,"0.000000"
1370840,0.097738,-0.266337,1.160644,-1.78026,-3.160919,11.949757,"0.000000"
1373868,0.029322,-0.701273,1.238835,-2.964707,-6.972685,11.990434,"0.000000"
1376846,0.100182,-0.398284,1.133766,-2.634498,-1.708475,12.318252,"0.000000"
1379843,0.156382,-0.43738,1.343904,-1.048056,-3.65384,8.051848,"0.000000"
1382843,0.175929,-0.349415,1.170418,-1.689333,-1.617548,1.383052,"0.000000"
1385844,0.13439,-0.449597,1.123992,1.744368,-5.139783,3.859623,"0.000000"
1388845,0.058643,0.588874,1.148427,0.437887,-4.457829,10.112069,"0.000000"
1391846,-0.026878,0.928515,1.27793,-2.761317,-5.529813,6.350551,"0.000000"
1394848,0.00733,0.811229,1.182635,-3.78066,-4.666004,7.920243,"0.000000"
1397849,0.031765,0.185703,1.175305,-4.046263,-4.589434,6.936793,"0.000000"
1400850,0.105069,0.078191,1.194852,-1.318445,-5.015357,7.056434,"0.000000"
1403851,-0.024435,0.288328,1.336573,-3.07717,-5.335995,8.190632,"0.000000"
1406852,-0.215025,0.366519,1.273043,-2.801995,-9.025726,13.337594,"0.000000"
1409868,-0.290772,0.544892,1.33413,-2.402394,-7.133004,9.056834,"0.000000"
1412858,-0.13439,0.708604,1.314582,-3.038885,-8.04467,15.701703,"0.000000"
1415855,-0.109956,0.544892,1.153314,-4.831109,-6.881758,13.239488,"0.000000"
1418856,-0.13439,0.356745,1.216843,-4.141976,-5.893522,21.231516,"0.000000"
1421865,0.051313,0.12706,1.317025,-8.44427,-6.570691,11.045269,"0.000000"
1424896,0.276111,-1.077566,1.392773,-5.168497,-6.819545,18.443876,"0.000000"
1427861,0.232129,-0.6353,1.441642,-2.39043,-4.508078,4.275974,"0.000000"
1430863,0.320093,-0.315206,1.492955,1.007378,-4.347759,6.058627,"0.000000"
1433864,0.200364,0.185703,1.241278,0.294317,-6.223732,6.405586,"0.000000"
1436865,0.224798,0.021991,1.363451,-3.110669,-4.890929,10.523635,"0.000000"
1439867,0.227242,0.38851,1.27793,-4.488935,-7.278966,9.071191,"0.000000"
1442867,0.395841,0.483805,1.541824,-5.848059,-4.412365,4.359723,"0.000000"
1445869,0.271224,0.029322,1.497842,-2.199004,-6.135198,6.582655,"0.000000"
1448870,-0.041539,-0.087965,1.380555,-2.11047,-3.67059,5.142176,"0.000000"
1451871,-0.266337,-0.073304,1.28526,-0.976272,-6.585048,3.706482,"0.000000"
1454873,-0.278555,0.708604,1.302365,-1.619941,-6.439086,7.812566,"0.000000"
1457875,-0.244346,0.96028,1.402547,-4.424329,-6.613762,7.166504,"0.000000"
1460878,-0.31765,0.518014,1.243722,-4.821537,-5.297709,12.729816,"0.000000"
1463878,-0.290772,0.522901,1.339017,-4.527221,-5.278566,11.667403,"0.000000"
1466880,-0.256563,0.6353,1.419651,-4.718646,-6.24766,16.582262,"0.000000"
1469881,-0.026878,0.447153,1.576032,-3.213561,-5.996414,16.864614,"0.000000"
1472907,0.048869,0.364076,1.505172,-4.797609,-6.242875,15.036498,"0.000000"
1475891,0.090408,0.031765,1.353677,-3.617948,-3.675375,10.889735,"0.000000"
1478884,0.156382,-0.237016,1.351234,-2.868994,-3.163311,9.54497,"0.000000"
1481885,0.092852,-0.014661,1.446529,-3.510271,-3.993621,8.65484,"0.000000"
1484886,0.122173,0.251676,1.46119,-3.993621,-5.596812,8.224131,"0.000000"
1487888,0.122173,-0.136834,1.568702,-3.400201,-5.276175,8.449057,"0.000000"
1490889,0.087965,0.12706,1.522276,-0.552742,-5.922236,9.126225,"0.000000"
1493889,-0.012217,0.398284,1.527163,-1.143769,-3.448057,6.412765,"0.000000"
1496891,-0.058643,0.25412,1.380555,-1.368695,-4.527221,1.347159,"0.000000"
1499893,-0.12706,0.403171,1.329243,-1.493121,-3.345166,2.359323,"0.000000"
1502894,-0.207694,0.530231,1.385442,-3.816552,-5.745167,10.700702,"0.000000"
1505895,-0.368963,1.382999,1.466076,-4.512863,-5.668597,9.422935,"0.000000"
1508908,-0.390954,1.163087,1.561372,-3.73041,-6.058627,10.997413,"0.000000"
1511906,-0.298102,0.816116,1.510059,-4.15394,-5.613562,12.272788,"0.000000"
1514898,-0.386067,0.454484,1.361008,-4.134798,-4.007978,15.273387,"0.000000"
1517899,-0.13439,-0.073304,1.324356,-6.733403,-3.15374,16.711475,"0.000000"
1520900,-0.0562,-0.637743,1.417207,-5.264209,-6.053841,18.407984,"0.000000"
1523936,0.012217,-0.166155,1.576032,-3.804588,-5.273781,6.647262,"0.000000"
1526905,-0.036652,-0.053756,1.632232,-0.988236,-3.074777,15.610774,"0.000000"
1529903,0.06353,0.024435,1.593136,1.878366,-3.127419,4.213761,"0.000000"
1532903,0.178373,0.342085,1.46119,-1.72044,-2.952743,12.004792,"0.000000"
1535991,-0.024435,0.417832,1.331686,-5.168497,-7.913064,12.052648,"0.000000"
1538927,-0.058643,0.70616,1.331686,-6.503692,-6.350551,10.906486,"0.000000"
1541933,0.136834,0.268781,1.627345,-8.015956,-6.85783,13.055241,"0.000000"
1544914,0.131947,0.043982,1.561372,-2.318645,-3.948158,2.737389,"0.000000"
1547913,0.021991,0.237016,1.590693,-2.988636,-3.883551,3.955336,"0.000000"
1550914,-0.222355,0.215025,1.34146,-2.861816,-7.920243,13.990834,"0.000000"
1553917,-0.268781,0.43738,1.382999,-2.962314,-6.675975,9.351151,"0.000000"
1556918,-0.234572,0.215025,1.485624,-5.931807,-4.314259,11.038091,"0.000000"
1559920,-0.053756,-0.146608,1.478294,-2.754139,-7.080362,12.370893,"0.000000"
1562922,-0.00733,0.456927,1.561372,-3.242275,-6.728617,15.388243,"0.000000"
1565924,-0.124617,0.70616,1.53205,-3.955336,-3.316452,8.609376,"0.000000"
1568925,0.053756,0.002443,1.409877,-0.107677,-3.378666,6.888937,"0.000000"
1571926,0.021991,0.07086,1.466076,-3.259024,-5.489135,12.77528,"0.000000"
1574951,-0.073304,0.283441,1.356121,-2.95035,-5.443672,7.116254,"0.000000"
1577933,-0.029322,0.393397,1.470963,-3.809374,-6.195018,14.778072,"0.000000"
1580930,-0.07086,0.659734,1.507615,-5.472386,-7.939385,8.740981,"0.000000"
1583931,-0.058643,0.456927,1.441642,-2.333002,-4.259224,4.587041,"0.000000"
1586932,0.036652,0.00733,1.258382,-4.565506,-6.355338,9.018549,"0.000000"
1589933,-0.195477,0.266337,1.287704,-4.457829,-6.719046,12.636497,"0.000000"
1592934,-0.271224,0.26145,1.414764,-5.288138,-4.831109,8.439486,"0.000000"
1595935,0.085521,-0.131947,1.500285,-4.345366,-4.491328,13.780266,"0.000000"
1598936,-0.136834,0.24679,1.453859,-2.522035,-8.776873,13.529019,"0.000000"
1601937,-0.136834,0.456927,1.414764,-1.789831,-2.660819,9.135797,"0.000000"
1604938,0.090408,0.014661,1.363451,-1.76351,-3.787838,7.21436,"0.000000"
1607939,0.012217,0.051313,1.309695,-2.397608,-4.575077,9.628718,"0.000000"
1610956,-0.12706,0.18326,1.304808,-4.4674,-4.675576,10.889735,"0.000000"
1613946,-0.087965,0.215025,1.275487,-3.725625,-4.242475,7.219146,"0.000000"
1616943,0.014661,0.24679,1.409877,-1.785046,-4.141976,10.724632,"0.000000"
1619944,0.024435,0.219911,1.527163,-3.838088,-6.369694,17.135004,"0.000000"
1622981,-0.129503,0.427606,1.180192,-3.462414,-8.02792,7.518249,"0.000000"
1625951,-0.014661,0.300546,1.187522,-1.78026,-3.294917,8.767302,"0.000000"
1628947,0.029322,0.029322,1.361008,-5.63749,-3.605984,6.831509,"0.000000"
1631949,-0.173486,-0.041539,1.273043,-4.23051,-4.144369,7.834102,"0.000000"
1634951,-0.251676,-0.171042,1.361008,-5.304888,-5.017749,10.839487,"0.000000"
1637952,-0.224798,-0.100182,1.353677,-3.943372,-6.405586,17.613567,"0.000000"
1640953,-0.117286,0.080634,1.424538,-1.964507,-5.158926,13.91187,"0.000000"
1643954,-0.068417,-0.014661,1.41232,-1.433301,-4.034299,11.74876,"0.000000"
1646955,0.087965,0.080634,1.209513,-3.302095,-5.522635,8.913264,"0.000000"
1649957,0.026878,0.185703,1.287704,-3.172883,-3.046063,9.872787,"0.000000"
1652959,-0.065973,0.06353,1.346347,-6.049056,-2.115255,9.226725,"0.000000"
1655959,-0.014661,0.109956,1.255939,-4.917251,-6.422336,14.742181,"0.000000"
1658961,0.039095,-0.141721,1.429425,-4.546363,-5.711668,9.339188,"0.000000"
1661963,0.065973,-0.085521,1.324356,-3.010171,-6.233303,16.180267,"0.000000"
1664963,0.0562,0.092852,1.258382,-2.76371,-4.67079,11.710474,"0.000000"
1667963,0.092852,-0.017104,1.392773,-4.067799,-3.321238,9.320044,"0.000000"
1670965,0.153938,0.078191,1.241278,-4.194618,-3.431308,5.005785,"0.000000"
1673996,0.224798,-0.046426,1.268156,-6.238089,-7.18804,10.523635,"0.000000"
1676971,-0.087965,0.078191,1.319469,-3.976871,-5.793024,8.74816,"0.000000"
1679968,-0.058643,0.18326,1.358564,-4.414758,-6.116055,13.392628,"0.000000"
1682969,0.048869,0.087965,1.319469,-2.926422,-4.814359,12.220145,"0.000000"
1685971,-0.058643,-0.117286,1.20707,-3.244668,-4.213761,7.79103,"0.000000"
1688971,-0.031765,0.224798,1.102001,-3.45045,-4.412365,7.896315,"0.000000"
1691973,0.053756,0.320093,1.209513,-6.446264,-4.878965,7.994421,"0.000000"
1694975,0.034208,-0.117286,1.295034,-6.28116,-4.149154,9.695717,"0.000000"
1697978,0.017104,-0.302989,1.28526,-4.12044,-5.209175,10.73181,"0.000000"
1700979,-0.009774,-0.124617,1.292591,-5.245068,-6.953543,13.69173,"0.000000"
1703979,0.065973,-0.06353,1.209513,-3.842873,-6.501299,9.899107,"0.000000"
1706980,0.102625,-0.212581,1.197296,-3.601198,-5.120641,11.117055,"0.000000"
1709999,0.048869,0.024435,1.15087,-4.354938,-4.383651,8.542377,"0.000000"
1712986,0.053756,0.283441,1.309695,-5.347959,-3.948158,8.075776,"0.000000"
1715984,0.097738,0.117286,1.339017,-5.431707,-4.847858,8.626126,"0.000000"
1718986,0.034208,-0.021991,1.255939,-2.847459,-3.677768,9.135797,"0.000000"
1721990,0.034208,-0.202807,1.248608,-1.842474,-4.723432,7.006185,"0.000000"
1725026,0.114843,-0.095295,1.180192,-4.211368,-5.737989,11.066805,"0.000000"
1727992,0.00733,-0.039095,1.131322,-5.201997,-6.302695,11.038091,"0.000000"
1730991,0,0.083078,1.192409,-5.699704,-6.26441,10.851451,"0.000000"
1733993,0.0562,0.188146,1.219287,-7.336394,-6.84108,14.065012,"0.000000"
1736995,-0.041539,0.263894,1.241278,-4.441079,-3.414558,12.397215,"0.000000"
1739996,-0.014661,0.00733,1.194852,-4.567898,-4.366901,5.666204,"0.000000"
1742998,0.13439,-0.080634,1.160644,-3.014956,-2.837888,10.535599,"0.000000"
1745999,-0.012217,-0.188146,1.268156,-3.706482,-3.505485,8.334201,"0.000000"
1749000,0.087965,-0.11973,1.155757,-2.921637,-4.046263,9.035297,"0.000000"
1752004,0.109956,-0.151495,1.243722,-4.929215,-4.993821,13.24906,"0.000000"
1755004,-0.017104,-0.100182,1.209513,-3.086741,-5.369494,11.930614,"0.000000"
1758007,0.107512,0.18326,1.22173,-3.294917,-4.917251,11.136197,"0.000000"
1761009,0.168599,0.26145,1.197296,-4.599005,-4.335794,10.717452,"0.000000"
1764012,0.046426,0.283441,1.126436,-3.407379,-2.400001,6.331409,"0.000000"
1767012,0.080634,0.268781,1.185079,-4.766503,-3.900301,6.759724,"0.000000"
1770013,0.095295,0.146608,1.182635,-6.049056,-4.206582,8.417951,"0.000000"
1773038,-0.046426,-0.080634,1.211957,-3.909872,-5.54417,8.142776,"0.000000"
1776024,0.034208,-0.178373,1.238835,-4.845466,-5.78106,13.167703,"0.000000"
1779019,0.021991,-0.105069,1.165531,-3.570091,-5.046463,8.508877,"0.000000"
1782021,-0.012217,-0.173486,1.163087,-3.866802,-4.35733,7.604391,"0.000000"
1785021,-0.019548,0.280998,1.02381,-4.436294,-4.620541,11.303695,"0.000000"
1788023,-0.107512,0.31765,1.138653,-5.580062,-5.204389,10.796416,"0.000000"
1791025,-0.07086,0.153938,1.192409,-5.687739,-4.402793,10.411172,"0.000000"
1794027,0.080634,-0.012217,1.20707,-3.799803,-3.546163,10.765308,"0.000000"
1797028,0.024435,-0.009774,1.251052,-3.491128,-4.058227,9.607183,"0.000000"
1800029,0.00733,0.078191,1.128879,-3.136991,-4.773681,9.126225,"0.000000"
1803030,0.031765,0.004887,1.092227,-4.400401,-4.460222,9.075976,"0.000000"
1806033,0.019548,0,1.070236,-4.95075,-4.266403,10.116854,"0.000000"
1809047,0.004887,0.041539,1.070236,-5.699704,-5.032106,10.387243,"0.000000"
1812045,0.021991,0.080634,1.175305,-5.343173,-4.785645,10.006784,"0.000000"
1815037,-0.009774,0.107512,1.160644,-5.175676,-5.481957,10.899307,"0.000000"
1818038,-0.024435,0.153938,1.114218,-3.084348,-4.850252,10.092926,"0.000000"
1821038,0.009774,0.163712,1.092227,-4.383651,-4.319045,8.073383,"0.000000"
1824073,0.034208,0.153938,1.026254,-3.993621,-3.646662,9.018549,"0.000000"
1827045,-0.014661,0.06353,1.082453,-5.515456,-4.211368,9.657433,"0.000000"
1830040,-0.102625,0.061087,1.062906,-4.718646,-4.790431,9.430114,"0.000000"
1833042,-0.087965,0.06353,1.133766,-4.192225,-5.003392,10.459028,"0.000000"
1836044,-0.068417,0.031765,1.141096,-2.976671,-4.73061,10.868201,"0.000000"
1839045,-0.068417,0.215025,1.018923,-3.26381,-4.737789,9.992428,"0.000000"
1842045,-0.009774,0.31765,0.996932,-4.041477,-4.244868,10.492528,"0.000000"
1845046,-0.048869,0.302989,1.018923,-5.443672,-4.498507,9.707682,"0.000000"
1848047,0.021991,0.07086,1.089784,-4.876573,-4.098905,10.51167,"0.000000"
1851050,0.004887,-0.024435,1.109331,-4.520042,-4.086941,9.640682,"0.000000"
1854051,0.00733,-0.034208,1.077566,-1.988436,-3.498307,9.138189,"0.000000"
1857052,-0.039095,0.058643,0.994489,-2.325824,-3.900301,8.712268,"0.000000"
1860053,-0.029322,0.122173,0.921185,-2.182254,-3.692126,9.312866,"0.000000"
1863055,-0.053756,0.136834,0.95295,-3.895515,-3.323631,9.817752,"0.000000"
1866056,-0.026878,0.068417,0.984715,-3.141776,-2.600998,10.794023,"0.000000"
1869056,-0.024435,0.043982,1.021367,-2.495714,-1.804188,9.676576,"0.000000"
1872057,0.019548,-0.002443,1.021367,-0.308674,0.911665,9.707682,"0.000000"
1875080,0.026878,-0.173486,0.935845,0.57667,1.818545,9.566504,"0.000000"
1878061,0.043982,-0.256563,0.89675,1.158126,2.244468,9.805787,"0.000000"
1881057,0.0562,-0.332311,0.877202,1.899901,1.741975,10.432706,"0.000000"
1884059,0.026878,-0.361632,0.818559,2.433501,0.928415,10.169497,"0.000000"
1887061,0.004887,-0.290772,0.791681,3.196811,0.555135,10.135996,"0.000000"
1890061,-0.024435,-0.166155,0.759916,3.407379,0.078963,9.449257,"0.000000"
1893061,-0.034208,0.092852,0.679282,2.998207,0.531207,9.992428,"0.000000"
1896062,-0.065973,0.173486,0.640187,2.273182,0.717847,10.042677,"0.000000"
1899066,-0.0562,0.207694,0.613309,1.098306,0.753739,10.621739,"0.000000"
1902065,-0.034208,0.202807,0.566883,0.617348,0.569492,10.612169,"0.000000"
1905068,-0.024435,0.178373,0.542448,0.397209,0.325424,10.545169,"0.000000"
1908068,-0.00733,0.153938,0.496023,-0.208176,0.002393,9.80818,"0.000000"
1911083,-0.019548,0.061087,0.478918,-0.562313,-0.007178,9.547362,"0.000000"
1914074,-0.009774,0.002443,0.447153,-0.868595,0.052642,9.107083,"0.000000"
1917070,-0.004887,-0.051313,0.415388,-1.507478,0.284746,9.389436,"0.000000"
1920071,0.017104,-0.149051,0.408058,-1.505085,0.51685,9.686147,"0.000000"
1923106,0.024435,-0.19792,0.412945,-1.488336,0.464208,10.097712,"0.000000"
1926076,0.031765,-0.259007,0.386067,-0.124427,0.473779,9.970892,"0.000000"
1929074,0.039095,-0.354302,0.354302,0.370888,0.452244,9.427721,"0.000000"
1932075,0.043982,-0.383623,0.312763,0.942772,0.653241,9.336794,"0.000000"
1935077,0.019548,-0.398284,0.26145,1.529014,0.815953,9.360723,"0.000000"
1938078,-0.002443,-0.366519,0.249233,1.895116,0.916451,10.234102,"0.000000"
1941078,-0.021991,-0.31765,0.237016,2.708675,0.842274,11.263017,"0.000000"
1944079,-0.024435,-0.256563,0.146608,3.9338,0.672383,10.569098,"0.000000"
1947082,0.004887,-0.090408,0.083078,3.783053,0.543171,9.781858,"0.000000"
1950082,-0.004887,0,0.021991,2.947958,0.464208,9.059227,"0.000000"
1953083,-0.024435,0.080634,-0.053756,0.191426,0.495314,9.456435,"0.000000"
1956085,-0.051313,0.087965,-0.051313,-1.141376,0.318245,10.078569,"0.000000"
1959085,-0.031765,0.041539,-0.041539,-1.825724,0.122034,10.748559,"0.000000"
1962087,-0.019548,-0.053756,-0.024435,-1.42373,-0.078963,10.425529,"0.000000"
1965089,0.024435,-0.244346,-0.041539,-0.638884,0.098106,10.19821,"0.000000"
1968089,0.024435,-0.302989,-0.058643,-0.129212,0.270389,9.717253,"0.000000"
1971089,0.026878,-0.351858,-0.100182,0.480957,0.557528,9.74836,"0.000000"
1974118,0.009774,-0.351858,-0.109956,0.528814,0.535992,9.662218,"0.000000"
1977097,-0.002443,-0.31765,-0.107512,0.5001,0.514457,9.674182,"0.000000"
1980095,-0.014661,-0.266337,-0.085521,0.308674,0.382852,9.509077,"0.000000"
1983096,-0.031765,-0.11973,-0.078191,0.07657,0.433101,9.626326,"0.000000"
1986097,-0.039095,-0.083078,-0.07086,-0.37328,0.452244,9.762717,"0.000000"
1989098,-0.041539,-0.097738,-0.07086,-1.39023,0.344566,10.255639,"0.000000"
1992101,-0.026878,-0.188146,-0.046426,-1.737189,0.260818,10.255639,"0.000000"
1995102,-0.021991,-0.241903,-0.019548,-1.909473,0.320638,10.049855,"0.000000"
1998105,-0.017104,-0.307876,0.017104,-1.155733,0.354138,9.870394,"0.000000"
2001106,-0.009774,-0.37385,0.024435,-0.646062,0.325424,10.057034,"0.000000"
2004109,-0.004887,-0.366519,0.021991,-0.193819,0.234497,10.114462,"0.000000"
2007111,-0.00733,-0.354302,0.012217,0.315853,0.026321,10.057034,"0.000000"
2010126,0,-0.293215,0.012217,0.315853,0.026321,10.15514,"0.000000"
2013115,0.012217,-0.26145,0.017104,0.399601,0.143569,10.339387,"0.000000"
2016114,0.021991,-0.237016,0.021991,0.289532,0.358923,10.128819,"0.000000"
2019115,0.031765,-0.19059,0.009774,0.222532,0.440279,9.970892,"0.000000"
2022121,0.024435,-0.205251,0.004887,0.023928,0.428315,9.774681,"0.000000"
2025155,0.021991,-0.229685,-0.014661,-0.433101,0.401994,9.566504,"0.000000"
2028121,0.009774,-0.256563,-0.009774,-0.478565,0.346959,9.66461,"0.000000"
2031123,0.004887,-0.278555,0.002443,-0.504886,0.308674,9.903893,"0.000000"
2034125,0.004887,-0.288328,0.00733,-0.002393,0.22014,9.982857,"0.000000"
2037127,0.009774,-0.280998,0.004887,0.303888,0.256032,9.9015,"0.000000"
2040143,0.009774,-0.268781,-0.004887,0.533599,0.351745,9.865608,"0.000000"
2043135,0.009774,-0.24679,-0.026878,0.602991,0.514457,9.9015,"0.000000"
2046129,0.009774,-0.195477,-0.036652,0.452244,0.413958,9.860823,"0.000000"
2049129,0.00733,-0.166155,-0.036652,0.193819,0.282353,9.879965,"0.000000"
2052131,0.00733,-0.144164,-0.031765,-0.346959,0.189033,10.001998,"0.000000"
2055133,0.009774,-0.139277,-0.026878,-0.488136,0.217747,9.954143,"0.000000"
2058133,0.012217,-0.149051,-0.019548,-0.488136,0.275175,9.906286,"0.000000"
2061135,0.012217,-0.166155,-0.00733,-0.27996,0.327817,10.037891,"0.000000"
2064137,0.014661,-0.188146,-0.00733,-0.133998,0.378066,10.076176,"0.000000"
2067139,0.017104,-0.188146,-0.004887,-0.023928,0.344566,9.961321,"0.000000"
2070141,0.017104,-0.173486,-0.00733,0.155533,0.323031,9.753145,"0.000000"
2073162,0.009774,-0.114843,-0.00733,0.133998,0.356531,9.631111,"0.000000"
2076153,0.002443,-0.092852,-0.00733,0.114855,0.430708,9.518648,"0.000000"
2079147,-0.00733,-0.080634,-0.004887,-0.01675,0.404387,9.619147,"0.000000"
2082149,-0.019548,-0.06353,-0.002443,-0.059821,0.356531,9.848859,"0.000000"
2085150,-0.019548,-0.068417,0.002443,-0.107677,0.306281,9.997213,"0.000000"
2088152,-0.017104,-0.080634,0,-0.043071,0.260818,10.191032,"0.000000"
2091153,-0.00733,-0.080634,0,-0.007178,0.205783,10.222138,"0.000000"
2094155,0.002443,-0.068417,-0.004887,0.023928,0.224925,10.193425,"0.000000"
2097157,0.004887,-0.06353,-0.009774,0.112463,0.294317,9.889536,"0.000000"
2100159,0.009774,-0.048869,-0.00733,0.143569,0.346959,9.777073,"0.000000"
2103161,0.004887,-0.034208,-0.004887,0.177069,0.366102,9.734003,"0.000000"
2106162,-0.004887,-0.026878,-0.009774,0.196211,0.397209,9.650254,"0.000000"
2109175,-0.014661,-0.012217,-0.012217,0.165105,0.39003,9.712467,"0.000000"
2112173,-0.017104,0.002443,-0.014661,0.090927,0.344566,9.870394,"0.000000"
2115166,-0.017104,0.012217,-0.014661,-0.143569,0.323031,10.052249,"0.000000"
2118166,-0.012217,0.021991,-0.009774,-0.217747,0.29671,10.047462,"0.000000"
2121166,-0.004887,0.021991,-0.004887,-0.241675,0.299103,10.057034,"0.000000"
2124201,-0.004887,0.014661,0,-0.145962,0.308674,9.999606,"0.000000"
2127170,0,0.009774,0,-0.052642,0.315853,9.930214,"0.000000"
2130166,0,0.012217,0,0.014357,0.294317,9.913465,"0.000000"
2133169,0,0.019548,0.002443,0.150748,0.29671,9.925428,"0.000000"
2136170,0,0.043982,0.002443,0.18664,0.287139,9.91825,"0.000000"
2139173,-0.004887,0.058643,-0.002443,0.196211,0.282353,9.913465,"0.000000"
2142173,-0.002443,0.078191,-0.009774,0.07657,0.272782,10.006784,"0.000000"
2145173,0.002443,0.095295,-0.009774,-0.0335,0.299103,9.997213,"0.000000"
2148175,0.004887,0.097738,-0.012217,-0.160319,0.323031,9.949356,"0.000000"
2151187,0.002443,0.097738,-0.002443,-0.251246,0.325424,9.9015,"0.000000"
2154179,0.004887,0.092852,0.004887,-0.196211,0.332602,9.887143,"0.000000"
2157180,0.00733,0.092852,0.004887,-0.086142,0.339781,9.908679,"0.000000"
2160181,0.002443,0.105069,0.004887,0.114855,0.356531,9.865608,"0.000000"
2163182,0.002443,0.114843,0,0.157926,0.354138,9.868,"0.000000"
2166183,0,0.129503,-0.004887,0.172283,0.327817,9.877572,"0.000000"
2169183,0,0.149051,-0.009774,0.0335,0.325424,9.879965,"0.000000"
2172186,0.002443,0.161268,-0.009774,-0.081356,0.294317,9.939785,"0.000000"
2175244,0.002443,0.163712,-0.004887,-0.167498,0.303888,9.978071,"0.000000"
2178196,0.002443,0.153938,0,-0.20339,0.287139,9.966106,"0.000000"
2181191,0.004887,0.149051,0,-0.189033,0.315853,9.970892,"0.000000"
2184191,0.00733,0.144164,0,-0.174676,0.306281,9.958928,"0.000000"
2187196,0.00733,0.141721,0.002443,-0.083749,0.311067,9.939785,"0.000000"
2190196,0.00733,0.146608,0.002443,-0.043071,0.33021,9.882358,"0.000000"
2193196,0.009774,0.153938,0.002443,0.004786,0.382852,9.801002,"0.000000"
2196198,0.002443,0.166155,-0.002443,0,0.370888,9.777073,"0.000000"
2199201,-0.004887,0.173486,-0.002443,-0.009571,0.354138,9.801002,"0.000000"
2202201,-0.004887,0.173486,-0.002443,-0.074178,0.351745,9.908679,"0.000000"
2205230,-0.004887,0.171042,-0.002443,-0.160319,0.327817,9.95175,"0.000000"
2208295,-0.004887,0.168599,-0.002443,-0.200997,0.306281,9.949356,"0.000000"
2211251,-0.00733,0.166155,-0.002443,-0.18664,0.315853,9.927821,"0.000000"
2214238,-0.002443,0.158825,0,-0.177069,0.33021,9.911071,"0.000000"
2217233,0,0.158825,0,-0.143569,0.339781,9.896715,"0.000000"
2220238,-0.002443,0.156382,-0.002443,-0.145962,0.323031,9.868,"0.000000"
2223276,-0.004887,0.156382,-0.002443,-0.131605,0.332602,9.865608,"0.000000"
2226246,-0.004887,0.158825,-0.004887,-0.129212,0.334995,9.875179,"0.000000"
2229243,-0.004887,0.156382,-0.004887,-0.145962,0.339781,9.915856,"0.000000"
2232245,-0.009774,0.156382,0.00733,-0.045464,0.318245,10.001998,"0.000000"
2235248,-0.019548,0.166155,0.00733,-0.37328,0.299103,9.882358,"0.000000"
2238248,-0.004887,0.161268,-0.004887,-0.253639,0.351745,9.923036,"0.000000"
2241248,-0.012217,0.12706,-0.002443,-0.229711,0.342174,9.832108,"0.000000"
2244248,-0.012217,0.131947,0,-0.248854,0.354138,9.915856,"0.000000"
2247250,-0.014661,0.131947,0.002443,-0.282353,0.349352,9.911071,"0.000000"
2250250,-0.017104,0.100182,0,-0.275175,0.284746,9.985249,"0.000000"
2253252,-0.009774,0.100182,-0.002443,-0.277567,0.272782,10.073783,"0.000000"
2256252,-0.004887,0.097738,-0.004887,-0.26321,0.287139,10.083356,"0.000000"
2259254,-0.002443,0.090408,0,-0.150748,0.270389,9.990034,"0.000000"
2262257,0.002443,0.090408,-0.004887,-0.12682,0.29671,9.970892,"0.000000"
2265258,0.004887,0.078191,-0.00733,-0.119641,0.315853,9.906286,"0.000000"
2268258,0.002443,0.078191,-0.012217,-0.179462,0.323031,9.894321,"0.000000"
2271261,0,0.080634,-0.012217,-0.224925,0.320638,9.899107,"0.000000"
2274289,0.002443,0.078191,-0.009774,-0.303888,0.320638,9.961321,"0.000000"
2277267,0.004887,0.07086,-0.009774,-0.378066,0.311067,9.999606,"0.000000"
2280265,0.00733,0.065973,-0.004887,-0.397209,0.332602,9.997213,"0.000000"
2283265,0.009774,0.051313,-0.002443,-0.416351,0.320638,9.985249,"0.000000"
2286266,0.009774,0.026878,0,-0.339781,0.315853,9.896715,"0.000000"
2289269,0.012217,0.021991,0.002443,-0.31346,0.337388,9.839287,"0.000000"
2292271,0.014661,0.017104,0,-0.277567,0.334995,9.757931,"0.000000"
2295274,0.00733,0.019548,-0.004887,-0.241675,0.363709,9.760324,"0.000000"
2298275,0,0.019548,-0.002443,-0.222532,0.349352,9.769895,"0.000000"
2301278,-0.002443,0.017104,-0.002443,-0.246461,0.334995,9.935,"0.000000"
2304279,0,0.009774,-0.002443,-0.275175,0.33021,9.982857,"0.000000"
2307282,0.004887,0.004887,0,-0.31346,0.301496,9.987641,"0.000000"
2310275,0.004887,-0.002443,0,-0.332602,0.291924,9.954143,"0.000000"
2313288,0.004887,-0.017104,0,-0.346959,0.33021,9.9015,"0.000000"
2316285,0.002443,-0.026878,0.002443,-0.332602,0.342174,9.875179,"0.000000"
2319286,0,-0.031765,0,-0.294317,0.344566,9.786645,"0.000000"
2322366,-0.625526,-0.036652,0,-0.208176,0.33021,9.822537,"0.000000"
2325292,-0.00733,-0.039095,0,-0.18664,0.315853,9.870394,"0.000000"
2328291,-0.004887,-0.039095,-0.002443,-0.181855,0.325424,9.958928,"0.000000"
2331292,-0.002443,-0.041539,-0.00733,-0.244068,0.303888,9.985249,"0.000000"
2334293,0,-0.043982,-0.004887,-0.275175,0.289532,9.975677,"0.000000"
2337293,0.002443,-0.046426,-0.002443,-0.318245,0.303888,9.946964,"0.000000"
2340294,0.002443,-0.058643,0,-0.387637,0.327817,9.913465,"0.000000"
2343295,0.004887,-0.068417,0,-0.39003,0.311067,9.889536,"0.000000"
2346295,0.002443,-0.075747,0.002443,-0.370888,0.311067,9.836893,"0.000000"
2349274,0,-0.087965,0.002443,-0.277567,0.332602,9.882358,"0.000000"
2352275,0,-0.090408,0.002443,-0.229711,0.346959,9.915856,"0.000000"
2355276,-0.002443,-0.092852,0.002443,-0.196211,0.337388,9.949356,"0.000000"
2358278,-0.002443,-0.097738,0.002443,-0.162712,0.337388,9.978071,"0.000000"
2361277,0,-0.105069,0,-0.167498,0.327817,9.982857,"0.000000"
2364282,0.002443,-0.107512,0,-0.184247,0.33021,9.937392,"0.000000"
2367284,0.004887,-0.112399,-0.002443,-0.253639,0.323031,9.882358,"0.000000"
2370289,0,-0.117286,-0.002443,-0.277567,0.325424,9.896715,"0.000000"
2373307,0,-0.122173,0.002443,-0.26321,0.323031,9.877572,"0.000000"
2376289,0,-0.12706,0,-0.239282,0.346959,9.889536,"0.000000"
2379292,0,-0.131947,0,-0.200997,0.308674,9.887143,"0.000000"
2382293,-0.002443,-0.13439,-0.002443,-0.184247,0.318245,9.944571,"0.000000"
2385294,0.623083,-0.136834,-0.002443,-0.167498,0.334995,9.942178,"0.000000"
2388295,0.002443,-0.13439,-0.004887,-0.165105,0.327817,9.95175,"0.000000"
2391289,0,-0.131947,-0.004887,-0.148355,0.323031,9.930214,"0.000000"
2394292,0.002443,-0.129503,-0.004887,-0.198604,0.29671,9.911071,"0.000000"
2397293,0,-0.12706,-0.002443,-0.236889,0.308674,9.913465,"0.000000"
2400296,0.002443,-0.131947,-0.002443,-0.215354,0.303888,9.966106,"0.000000"
2403296,0.002443,-0.136834,0,-0.200997,0.299103,9.970892,"0.000000"
2406297,0.004887,-0.139277,0,-0.193819,0.31346,10.013963,"0.000000"
2409314,0.00733,-0.141721,0,-0.16989,0.301496,9.973285,"0.000000"
2412303,0.012217,-0.136834,0,-0.131605,0.303888,9.958928,"0.000000"
2415303,0.009774,-0.13439,0,-0.107677,0.306281,9.944571,"0.000000"
2418303,0.009774,-0.131947,0,-0.112463,0.315853,9.891929,"0.000000"
2421304,0.012217,-0.12706,-0.002443,-0.114855,0.337388,9.889536,"0.000000"
2424341,0.004887,-0.124617,0,-0.136391,0.325424,9.865608,"0.000000"
2427311,0.00733,-0.124617,-0.002443,-0.105284,0.315853,9.939785,"0.000000"
2430310,0.00733,-0.122173,-0.002443,-0.112463,0.311067,9.963714,"0.000000"
2433312,0.009774,-0.122173,-0.002443,-0.107677,0.334995,9.963714,"0.000000"
2436314,0.00733,-0.122173,-0.004887,-0.095713,0.318245,9.9015,"0.000000"
2439316,0.009774,-0.112399,-0.002443,-0.11007,0.306281,9.85843,"0.000000"
2442316,0.009774,-0.107512,0,-0.105284,0.33021,9.846465,"0.000000"
2445319,0.004887,-0.109956,-0.004887,-0.07657,0.325424,9.868,"0.000000"
2448319,0.002443,-0.105069,0,-0.078963,0.323031,9.887143,"0.000000"
2451320,0.002443,-0.102625,-0.002443,-0.074178,0.332602,9.879965,"0.000000"
2454322,0.002443,-0.100182,-0.004887,-0.086142,0.320638,9.868,"0.000000"
2457323,0.00733,-0.095295,-0.009774,-0.052642,0.342174,9.889536,"0.000000"
2460325,0,-0.090408,-0.00733,-0.066999,0.361316,9.954143,"0.000000"
2463325,0,-0.085521,-0.004887,-0.095713,0.332602,9.920643,"0.000000"
2466326,0,-0.075747,0,-0.114855,0.320638,9.865608,"0.000000"
2469331,-0.002443,-0.073304,-0.002443,-0.086142,0.33021,9.9015,"0.000000"
2472393,-0.004887,-0.07086,0,-0.081356,0.325424,9.911071,"0.000000"
2475343,-0.004887,-0.06353,0,-0.055035,0.342174,9.911071,"0.000000"
2478335,-0.004887,-0.061087,-0.002443,-0.057428,0.323031,9.927821,"0.000000"
2481337,-0.002443,-0.058643,-0.002443,-0.059821,0.325424,9.915856,"0.000000"
2484338,-0.002443,-0.051313,-0.002443,-0.066999,0.327817,9.891929,"0.000000"
2487340,-0.002443,-0.046426,-0.004887,-0.064606,0.303888,9.925428,"0.000000"
2490341,-0.002443,-0.039095,-0.002443,-0.088534,0.315853,9.91825,"0.000000"
2493341,0,-0.036652,-0.002443,-0.057428,0.31346,9.920643,"0.000000"
2496343,0,-0.034208,-0.002443,-0.071785,0.318245,9.908679,"0.000000"
2499344,-0.002443,-0.029322,-0.002443,-0.081356,0.318245,9.944571,"0.000000"
2502346,-0.004887,-0.021991,-0.002443,-0.074178,0.320638,9.944571,"0.000000"
2505347,-0.004887,-0.021991,-0.002443,-0.074178,0.308674,9.927821,"0.000000"
2508380,-0.002443,-0.017104,-0.002443,-0.062213,0.311067,9.932607,"0.000000"
2511355,-0.002443,-0.00733,-0.004887,-0.055035,0.315853,9.920643,"0.000000"
2514351,0,-0.004887,-0.002443,-0.062213,0.318245,9.935,"0.000000"
2517352,0,-0.002443,-0.004887,-0.059821,0.301496,9.949356,"0.000000"
2520353,0,0.002443,-0.002443,-0.083749,0.303888,9.944571,"0.000000"
2523389,0.002443,0.004887,-0.002443,-0.119641,0.315853,9.966106,"0.000000"
2526359,0.004887,0.009774,-0.002443,-0.07657,0.306281,9.935,"0.000000"
2529357,0.002443,0.014661,-0.002443,-0.07657,0.325424,9.923036,"0.000000"
2532357,0.002443,0.017104,-0.002443,-0.066999,0.332602,9.899107,"0.000000"
2535492,0.004887,0.021991,-0.002443,-0.047856,0.33021,9.903893,"0.000000"
2538366,0.002443,0.026878,-0.002443,-0.086142,0.339781,9.9015,"0.000000"
2541380,0.002443,0.031765,-0.004887,-0.088534,0.339781,9.887143,"0.000000"
2544365,0.002443,0.034208,-0.004887,-0.090927,0.306281,9.906286,"0.000000"
2547363,0.004887,0.039095,-0.002443,-0.105284,0.334995,9.920643,"0.000000"
2550364,0.004887,0.041539,-0.002443,-0.078963,0.33021,9.930214,"0.000000"
2553366,0.004887,0.043982,0,-0.090927,0.323031,9.932607,"0.000000"
2556367,0,0.043982,-0.002443,-0.098106,0.31346,9.915856,"0.000000"
2559370,0.002443,0.048869,-0.002443,-0.086142,0.325424,9.927821,"0.000000"
2562371,0.002443,0.048869,-0.002443,-0.081356,0.320638,9.891929,"0.000000"
2565371,0,0.0562,-0.004887,-0.066999,0.325424,9.915856,"0.000000"
2568373,0,0.061087,-0.002443,-0.074178,0.334995,9.908679,"0.000000"
2571375,0,0.058643,-0.002443,-0.064606,0.318245,9.927821,"0.000000"
2574399,0,0.068417,-0.002443,-0.098106,0.315853,9.925428,"0.000000"
2577381,0,0.068417,-0.002443,-0.105284,0.311067,9.920643,"0.000000"
2580389,0.002443,0.065973,-0.002443,-0.11007,0.320638,9.894321,"0.000000"
2583380,0,0.068417,-0.002443,-0.133998,0.342174,9.9015,"0.000000"
2586380,0,0.065973,-0.00733,-0.131605,0.334995,9.887143,"0.000000"
2589383,-0.002443,0.068417,-0.004887,-0.138784,0.332602,9.903893,"0.000000"
2592384,-0.002443,0.068417,-0.004887,-0.117248,0.33021,9.896715,"0.000000"
2595385,-0.004887,0.07086,-0.004887,-0.105284,0.323031,9.899107,"0.000000"
2598387,-0.004887,0.07086,-0.004887,-0.117248,0.332602,9.908679,"0.000000"
2601388,-0.004887,0.073304,-0.004887,-0.119641,0.320638,9.906286,"0.000000"
2604390,-0.00733,0.075747,-0.002443,-0.143569,0.31346,9.899107,"0.000000"
2607391,-0.004887,0.078191,-0.004887,-0.148355,0.334995,9.903893,"0.000000"
2610408,-0.004887,0.078191,-0.002443,-0.162712,0.320638,9.920643,"0.000000"
2613398,-0.002443,0.073304,-0.002443,-0.177069,0.332602,9.920643,"0.000000"
2616421,-0.004887,0.073304,-0.002443,-0.172283,0.33021,9.908679,"0.000000"
2619396,-0.002443,0.073304,0,-0.148355,0.323031,9.923036,"0.000000"
2622416,-0.004887,0.07086,-0.002443,-0.150748,0.327817,9.923036,"0.000000"
2625444,-0.002443,0.068417,-0.002443,-0.160319,0.320638,9.894321,"0.000000"
2628398,-0.004887,0.07086,-0.002443,-0.157926,0.31346,9.908679,"0.000000"
2631399,-0.004887,0.07086,-0.004887,-0.172283,0.337388,9.949356,"0.000000"
2634399,-0.004887,0.068417,-0.002443,-0.18664,0.315853,9.980463,"0.000000"
2637401,0.002443,0.06353,-0.002443,-0.198604,0.320638,9.980463,"0.000000"
2640401,0,0.061087,-0.002443,-0.20339,0.320638,9.990034,"0.000000"
2643402,-0.002443,0.058643,-0.002443,-0.191426,0.318245,9.920643,"0.000000"
2646403,0.004887,0.058643,-0.002443,-0.18664,0.339781,9.903893,"0.000000"
2649432,0.002443,0.0562,-0.004887,-0.191426,0.337388,9.913465,"0.000000"
2652431,0,0.0562,-0.002443,-0.179462,0.306281,9.911071,"0.000000"
2655433,0.004887,0.051313,-0.002443,-0.18664,0.339781,9.925428,"0.000000"
2658435,0.004887,0.051313,-0.002443,-0.191426,0.320638,9.939785,"0.000000"
2661437,0.004887,0.048869,-0.002443,-0.217747,0.315853,9.937392,"0.000000"
2664439,0.002443,0.043982,-0.004887,-0.227318,0.33021,9.963714,"0.000000"
2667440,0.002443,0.036652,-0.004887,-0.234497,0.320638,9.932607,"0.000000"
2670441,0.004887,0.036652,-0.002443,-0.215354,0.323031,9.91825,"0.000000"
2673470,0.004887,0.029322,-0.002443,-0.208176,0.31346,9.9015,"0.000000"
2676448,0.002443,0.029322,-0.002443,-0.212961,0.325424,9.9015,"0.000000"
2679446,0.002443,0.024435,0,-0.189033,0.344566,9.906286,"0.000000"
2682449,0.002443,0.021991,-0.002443,-0.196211,0.354138,9.911071,"0.000000"
2685450,0.002443,0.017104,-0.002443,-0.196211,0.327817,9.908679,"0.000000"
2688450,0,0.014661,0,-0.232104,0.325424,9.915856,"0.000000"
2691452,0.002443,0.012217,-0.002443,-0.224925,0.318245,9.937392,"0.000000"
2694454,0.002443,0.00733,-0.002443,-0.239282,0.337388,9.925428,"0.000000"
2697455,0.002443,0.00733,-0.002443,-0.244068,0.33021,9.882358,"0.000000"
2700458,0.002443,0.002443,-0.002443,-0.244068,0.334995,9.88475,"0.000000"
2703459,0,-0.004887,-0.002443,-0.217747,0.337388,9.889536,"0.000000"
2706461,0,-0.00733,-0.002443,-0.181855,0.332602,9.879965,"0.000000"
2709480,0,-0.009774,-0.002443,-0.212961,0.344566,9.9015,"0.000000"
2712470,-0.004887,-0.00733,-0.002443,-0.193819,0.320638,9.911071,"0.000000"
2715467,0,-0.009774,-0.002443,-0.229711,0.320638,9.923036,"0.000000"
2718469,-0.002443,-0.014661,-0.002443,-0.234497,0.306281,9.930214,"0.000000"
2721471,0,-0.017104,-0.002443,-0.241675,0.327817,9.908679,"0.000000"
2724577,-0.002443,-0.021991,0,-0.236889,0.33021,9.903893,"0.000000"
2727542,0,-0.026878,-0.002443,-0.239282,0.320638,9.903893,"0.000000"
2730544,-0.002443,-0.026878,0,-0.229711,0.346959,9.920643,"0.000000"
2733549,-0.002443,-0.029322,-0.002443,-0.210568,0.33021,9.908679,"0.000000"
2736548,-0.002443,-0.036652,-0.002443,-0.200997,0.33021,9.925428,"0.000000"
2739550,-0.002443,-0.039095,-0.002443,-0.196211,0.344566,9.920643,"0.000000"
2742553,0.002443,-0.043982,-0.625526,-0.205783,0.323031,9.949356,"0.000000"
2745558,-0.002443,-0.043982,-0.002443,-0.200997,0.323031,9.949356,"0.000000"
2748557,0,-0.046426,-0.002443,-0.215354,0.315853,9.935,"0.000000"
2751557,0.002443,-0.046426,-0.002443,-0.227318,0.334995,9.923036,"0.000000"
2754558,0,-0.0562,-0.002443,-0.234497,0.337388,9.913465,"0.000000"
2757559,0,-0.0562,-0.004887,-0.227318,0.318245,9.923036,"0.000000"
2760561,0.002443,-0.058643,0.620639,-0.18664,0.31346,9.920643,"0.000000"
2763559,-0.002443,-0.061087,0,-0.193819,0.31346,9.932607,"0.000000"
2766563,0,-0.065973,0,-0.191426,0.332602,9.920643,"0.000000"
2769565,0.002443,-0.06353,-0.002443,-0.20339,0.308674,9.935,"0.000000"
2772581,0.004887,-0.06353,-0.002443,-0.193819,0.334995,9.930214,"0.000000"
2775574,0.004887,-0.065973,0,-0.205783,0.325424,9.915856,"0.000000"
2778568,0.004887,-0.065973,0,-0.205783,0.320638,9.911071,"0.000000"
2781568,0.004887,-0.073304,0,-0.205783,0.31346,9.91825,"0.000000"
2784568,0.002443,-0.073304,0,-0.205783,0.325424,9.939785,"0.000000"
2787569,0.004887,-0.073304,0,-0.189033,0.303888,9.939785,"0.000000"
2790573,0.00733,-0.078191,0,-0.20339,0.334995,9.91825,"0.000000"
2793573,0.00733,-0.078191,-0.002443,-0.162712,0.325424,9.937392,"0.000000"
2796574,0.00733,-0.080634,0,-0.148355,0.33021,9.923036,"0.000000"
2799577,0.00733,-0.075747,0.002443,-0.157926,0.323031,9.915856,"0.000000"
2802577,0.002443,-0.075747,0,-0.157926,0.323031,9.903893,"0.000000"
2805580,0.004887,-0.075747,0.623083,-0.148355,0.346959,9.896715,"0.000000"
2808589,0.00733,-0.075747,0,-0.148355,0.337388,9.908679,"0.000000"
2811587,0.00733,-0.073304,0,-0.155533,0.325424,9.920643,"0.000000"
2814582,0.004887,-0.075747,-0.002443,-0.148355,0.320638,9.875179,"0.000000"
2817584,0.004887,-0.073304,0,-0.165105,0.325424,9.899107,"0.000000"
2820586,0.004887,-0.07086,0,-0.136391,0.320638,9.896715,"0.000000"
2823621,0.002443,-0.07086,0,-0.143569,0.315853,9.903893,"0.000000"
2826590,0.004887,-0.07086,0,-0.138784,0.337388,9.896715,"0.000000"
2829588,0.002443,-0.073304,-0.002443,-0.141177,0.315853,9.911071,"0.000000"
2832589,0.002443,-0.07086,0,-0.143569,0.339781,9.896715,"0.000000"
2835589,-0.002443,-0.07086,0,-0.119641,0.344566,9.9015,"0.000000"
2838591,0,-0.065973,-0.002443,-0.117248,0.320638,9.911071,"0.000000"
2841593,0,-0.068417,-0.002443,-0.131605,0.318245,9.925428,"0.000000"
2844595,0,-0.06353,-0.002443,-0.124427,0.320638,9.932607,"0.000000"
2847597,-0.002443,-0.061087,-0.002443,-0.131605,0.323031,9.923036,"0.000000"
2850598,0,-0.058643,-0.004887,-0.11007,0.334995,9.927821,"0.000000"
2853600,0,-0.061087,0,-0.117248,0.318245,9.908679,"0.000000"
2856602,-0.002443,-0.058643,0,-0.105284,0.327817,9.9015,"0.000000"
2859605,0,-0.053756,-0.002443,-0.133998,0.318245,9.899107,"0.000000"
2862608,-0.002443,-0.051313,-0.002443,-0.105284,0.334995,9.903893,"0.000000"
2865608,-0.002443,-0.048869,-0.002443,-0.095713,0.33021,9.920643,"0.000000"
2868610,-0.002443,-0.046426,-0.002443,-0.122034,0.33021,9.923036,"0.000000"
2871612,0,-0.043982,-0.002443,-0.122034,0.31346,9.935,"0.000000"
2874641,0.002443,-0.041539,-0.002443,-0.12682,0.320638,9.935,"0.000000"
2877617,0,-0.041539,0,-0.107677,0.315853,9.939785,"0.000000"
2880614,0,-0.039095,0,-0.117248,0.33021,9.939785,"0.000000"
2883617,0.002443,-0.036652,-0.002443,-0.119641,0.299103,9.946964,"0.000000"
2886617,0,-0.034208,-0.002443,-0.12682,0.325424,9.930214,"0.000000"
2889619,0.002443,-0.029322,-0.002443,-0.114855,0.325424,9.906286,"0.000000"
2892620,0.002443,-0.026878,-0.004887,-0.088534,0.323031,9.903893,"0.000000"
2895622,0.002443,-0.026878,-0.002443,-0.105284,0.318245,9.920643,"0.000000"
2898623,0.004887,-0.019548,-0.002443,-0.119641,0.337388,9.925428,"0.000000"
2901624,0.002443,-0.017104,0,-0.124427,0.325424,9.930214,"0.000000"
2904625,0.002443,-0.014661,-0.002443,-0.119641,0.31346,9.930214,"0.000000"
2907627,0.002443,-0.012217,-0.002443,-0.11007,0.318245,9.925428,"0.000000"
2910642,0,-0.009774,0,-0.117248,0.31346,9.91825,"0.000000"
2913633,0.002443,-0.009774,0,-0.102891,0.325424,9.911071,"0.000000"
2916631,0.004887,-0.00733,0,-0.102891,0.315853,9.894321,"0.000000"
2919633,0.004887,-0.00733,0,-0.090927,0.323031,9.9015,"0.000000"
2922655,0.004887,-0.004887,-0.002443,-0.105284,0.342174,9.91825,"0.000000"
2925655,0,0,0,-0.095713,0.315853,9.915856,"0.000000"
2928638,0.002443,0,-0.002443,-0.112463,0.320638,9.891929,"0.000000"
2931642,0.002443,0.004887,-0.002443,-0.112463,0.33021,9.913465,"0.000000"
2934643,0,0.00733,-0.002443,-0.11007,0.308674,9.906286,"0.000000"
2937646,0.002443,0.009774,-0.002443,-0.129212,0.31346,9.915856,"0.000000"
2940645,0,0.009774,-0.002443,-0.12682,0.320638,9.906286,"0.000000"
2943647,0,0.012217,-0.002443,-0.141177,0.346959,9.889536,"0.000000"
2946648,0,0.014661,0,-0.112463,0.332602,9.894321,"0.000000"
2949650,0.002443,0.014661,0,-0.11007,0.33021,9.891929,"0.000000"
2952653,-0.002443,0.017104,0,-0.119641,0.349352,9.915856,"0.000000"
2955655,0,0.017104,-0.002443,-0.124427,0.332602,9.908679,"0.000000"
2958656,-0.002443,0.019548,-0.002443,-0.100499,0.31346,9.908679,"0.000000"
2961657,0,0.021991,-0.002443,-0.122034,0.337388,9.903893,"0.000000"
2964659,-0.002443,0.024435,-0.00733,-0.114855,0.327817,9.9015,"0.000000"
2967661,-0.002443,0.026878,-0.002443,-0.138784,0.325424,9.923036,"0.000000"
2970663,-0.002443,0.026878,-0.002443,-0.131605,0.33021,9.9015,"0.000000"
2973691,-0.004887,0.026878,-0.002443,-0.138784,0.323031,9.906286,"0.000000"
2976670,-0.002443,0.029322,-0.002443,-0.136391,0.334995,9.935,"0.000000"
2979668,-0.002443,0.031765,-0.002443,-0.129212,0.337388,9.91825,"0.000000"
2982670,-0.002443,0.029322,-0.002443,-0.124427,0.315853,9.923036,"0.000000"
2985673,-0.002443,0.031765,-0.002443,-0.148355,0.318245,9.899107,"0.000000"
2988674,-0.002443,0.031765,-0.002443,-0.119641,0.320638,9.925428,"0.000000"
2991674,-0.002443,0.031765,0,-0.141177,0.332602,9.915856,"0.000000"
2994676,-0.002443,0.034208,-0.002443,-0.143569,0.334995,9.935,"0.000000"
2997677,0,0.034208,-0.004887,-0.167498,0.315853,9.920643,"0.000000"
3000678,-0.002443,0.034208,-0.002443,-0.155533,0.318245,9.939785,"0.000000"
